Date of analysis,Country,Total country population,Validity period,From,To,Phase,Number,Percentage
Oct 2025,AFG,48595631,current,2025-09-01,2025-10-31,all,48595631,1.0
Oct 2025,AFG,48595631,current,2025-09-01,2025-10-31,3+,13775635,0.28
Oct 2025,AFG,48595631,current,2025-09-01,2025-10-31,1,14693763,0.3
Oct 2025,AFG,48595631,current,2025-09-01,2025-10-31,2,20126236,0.41
Oct 2025,AFG,48595631,current,2025-09-01,2025-10-31,3,10910077,0.22
Oct 2025,AFG,48595631,current,2025-09-01,2025-10-31,4,2865558,0.06
Oct 2025,AFG,48595631,current,2025-09-01,2025-10-31,5,0,0
Oct 2025,AFG,48595631,first projection,2025-11-01,2026-03-31,all,48595631,1.0
Oct 2025,AFG,48595631,first projection,2025-11-01,2026-03-31,3+,17412653,0.36
Oct 2025,AFG,48595631,first projection,2025-11-01,2026-03-31,1,12910692,0.27
Oct 2025,AFG,48595631,first projection,2025-11-01,2026-03-31,2,18272293,0.38
Oct 2025,AFG,48595631,first projection,2025-11-01,2026-03-31,3,12748583,0.26
Oct 2025,AFG,48595631,first projection,2025-11-01,2026-03-31,4,4664070,0.1
Oct 2025,AFG,48595631,first projection,2025-11-01,2026-03-31,5,0,0
Oct 2025,AFG,48595631,second projection,2026-04-01,2026-09-30,all,48595631,1.0
Oct 2025,AFG,48595631,second projection,2026-04-01,2026-09-30,3+,13778381,0.28
Oct 2025,AFG,48595631,second projection,2026-04-01,2026-09-30,1,14442920,0.3
Oct 2025,AFG,48595631,second projection,2026-04-01,2026-09-30,2,20374338,0.42
Oct 2025,AFG,48595631,second projection,2026-04-01,2026-09-30,3,10889247,0.22
Oct 2025,AFG,48595631,second projection,2026-04-01,2026-09-30,4,2889134,0.06
Oct 2025,AFG,48595631,second projection,2026-04-01,2026-09-30,5,0,0
Mar 2025,AFG,46024355,current,2025-03-01,2025-04-30,all,46024355,1.0
Mar 2025,AFG,46024355,current,2025-03-01,2025-04-30,3+,12590286,0.27
Mar 2025,AFG,46024355,current,2025-03-01,2025-04-30,1,14687175,0.32
Mar 2025,AFG,46024355,current,2025-03-01,2025-04-30,2,18746894,0.41
Mar 2025,AFG,46024355,current,2025-03-01,2025-04-30,3,10635326,0.23
Mar 2025,AFG,46024355,current,2025-03-01,2025-04-30,4,1954959,0.04
Mar 2025,AFG,46024355,current,2025-03-01,2025-04-30,5,0,0
Mar 2025,AFG,46024355,first projection,2025-05-01,2025-10-31,all,46024355,1.0
Mar 2025,AFG,46024355,first projection,2025-05-01,2025-10-31,3+,9520311,0.2
Mar 2025,AFG,46024355,first projection,2025-05-01,2025-10-31,1,15823828,0.34
Mar 2025,AFG,46024355,first projection,2025-05-01,2025-10-31,2,20680215,0.45
Mar 2025,AFG,46024355,first projection,2025-05-01,2025-10-31,3,7925695,0.17
Mar 2025,AFG,46024355,first projection,2025-05-01,2025-10-31,4,1594616,0.03
Mar 2025,AFG,46024355,first projection,2025-05-01,2025-10-31,5,0,0
Oct 2024,AFG,46024352,current,2024-09-01,2024-10-31,all,46024354,1.0
Oct 2024,AFG,46024352,current,2024-09-01,2024-10-31,3+,11610606,0.25
Oct 2024,AFG,46024352,current,2024-09-01,2024-10-31,1,14192140,0.31
Oct 2024,AFG,46024352,current,2024-09-01,2024-10-31,2,20204146,0.44
Oct 2024,AFG,46024352,current,2024-09-01,2024-10-31,3,9798949,0.21
Oct 2024,AFG,46024352,current,2024-09-01,2024-10-31,4,1811656,0.04
Oct 2024,AFG,46024352,current,2024-09-01,2024-10-31,5,0,0
Oct 2024,AFG,46024352,first projection,2024-11-01,2025-03-31,all,46024354,1.0
Oct 2024,AFG,46024352,first projection,2024-11-01,2025-03-31,3+,14764724,0.32
Oct 2024,AFG,46024352,first projection,2024-11-01,2025-03-31,1,12534324,0.27
Oct 2024,AFG,46024352,first projection,2024-11-01,2025-03-31,2,18725306,0.41
Oct 2024,AFG,46024352,first projection,2024-11-01,2025-03-31,3,11642486,0.25
Oct 2024,AFG,46024352,first projection,2024-11-01,2025-03-31,4,3122238,0.07
Oct 2024,AFG,46024352,first projection,2024-11-01,2025-03-31,5,0,0
Mar 2024,AFG,44532600,current,2024-03-01,2024-04-30,all,44532600,1.0
Mar 2024,AFG,44532600,current,2024-03-01,2024-04-30,3+,14208000,0.32
Mar 2024,AFG,44532600,current,2024-03-01,2024-04-30,1,14114122,0.32
Mar 2024,AFG,44532600,current,2024-03-01,2024-04-30,2,16210478,0.36
Mar 2024,AFG,44532600,current,2024-03-01,2024-04-30,3,11287840,0.25
Mar 2024,AFG,44532600,current,2024-03-01,2024-04-30,4,2920160,0.07
Mar 2024,AFG,44532600,current,2024-03-01,2024-04-30,5,0,0
Mar 2024,AFG,44532600,first projection,2024-05-01,2024-10-31,all,44532600,1.0
Mar 2024,AFG,44532600,first projection,2024-05-01,2024-10-31,3+,12369627,0.28
Mar 2024,AFG,44532600,first projection,2024-05-01,2024-10-31,1,14857610,0.33
Mar 2024,AFG,44532600,first projection,2024-05-01,2024-10-31,2,17305363,0.39
Mar 2024,AFG,44532600,first projection,2024-05-01,2024-10-31,3,10000354,0.23
Mar 2024,AFG,44532600,first projection,2024-05-01,2024-10-31,4,2369273,0.05
Mar 2024,AFG,44532600,first projection,2024-05-01,2024-10-31,5,0,0
Oct 2023,AFG,44532600,current,2023-10-01,2023-10-31,all,44532600,1.0
Oct 2023,AFG,44532600,current,2023-10-01,2023-10-31,3+,13058639,0.29
Oct 2023,AFG,44532600,current,2023-10-01,2023-10-31,1,13786711,0.31
Oct 2023,AFG,44532600,current,2023-10-01,2023-10-31,2,17687250,0.4
Oct 2023,AFG,44532600,current,2023-10-01,2023-10-31,3,10617293,0.24
Oct 2023,AFG,44532600,current,2023-10-01,2023-10-31,4,2441346,0.05
Oct 2023,AFG,44532600,current,2023-10-01,2023-10-31,5,0,0
Oct 2023,AFG,44532600,first projection,2023-11-01,2024-03-31,all,44532600,1.0
Oct 2023,AFG,44532600,first projection,2023-11-01,2024-03-31,3+,15823679,0.36
Oct 2023,AFG,44532600,first projection,2023-11-01,2024-03-31,1,12319702,0.28
Oct 2023,AFG,44532600,first projection,2023-11-01,2024-03-31,2,16389218,0.37
Oct 2023,AFG,44532600,first projection,2023-11-01,2024-03-31,3,12253597,0.28
Oct 2023,AFG,44532600,first projection,2023-11-01,2024-03-31,4,3570083,0.08
Oct 2023,AFG,44532600,first projection,2023-11-01,2024-03-31,5,0,0
Apr 2023,AFG,43100596,current,2023-04-01,2023-04-30,all,43100598,1.0
Apr 2023,AFG,43100596,current,2023-04-01,2023-04-30,3+,17213584,0.4
Apr 2023,AFG,43100596,current,2023-04-01,2023-04-30,1,10130341,0.24
Apr 2023,AFG,43100596,current,2023-04-01,2023-04-30,2,15756673,0.36
Apr 2023,AFG,43100596,current,2023-04-01,2023-04-30,3,13854267,0.32
Apr 2023,AFG,43100596,current,2023-04-01,2023-04-30,4,3359317,0.08
Apr 2023,AFG,43100596,current,2023-04-01,2023-04-30,5,0,0
Apr 2023,AFG,43100596,first projection,2023-05-01,2023-10-31,all,43100598,1.0
Apr 2023,AFG,43100596,first projection,2023-05-01,2023-10-31,3+,15255335,0.35
Apr 2023,AFG,43100596,first projection,2023-05-01,2023-10-31,1,11079611,0.26
Apr 2023,AFG,43100596,first projection,2023-05-01,2023-10-31,2,16765652,0.39
Apr 2023,AFG,43100596,first projection,2023-05-01,2023-10-31,3,12497192,0.29
Apr 2023,AFG,43100596,first projection,2023-05-01,2023-10-31,4,2758143,0.06
Apr 2023,AFG,43100596,first projection,2023-05-01,2023-10-31,5,0,0
Sep 2022,AFG,43100596,current,2022-09-01,2022-10-31,all,41727303,1.0
Sep 2022,AFG,43100596,current,2022-09-01,2022-10-31,3+,16973664,0.41
Sep 2022,AFG,43100596,current,2022-09-01,2022-10-31,1,9354762,0.22
Sep 2022,AFG,43100596,current,2022-09-01,2022-10-31,2,15398877,0.37
Sep 2022,AFG,43100596,current,2022-09-01,2022-10-31,3,12536200,0.3
Sep 2022,AFG,43100596,current,2022-09-01,2022-10-31,4,4437464,0.11
Sep 2022,AFG,43100596,current,2022-09-01,2022-10-31,5,0,0
Sep 2022,AFG,43100596,first projection,2022-11-01,2023-03-31,all,43100596,1.0
Sep 2022,AFG,43100596,first projection,2022-11-01,2023-03-31,3+,19903995,0.46
Sep 2022,AFG,43100596,first projection,2022-11-01,2023-03-31,1,8895869,0.21
Sep 2022,AFG,43100596,first projection,2022-11-01,2023-03-31,2,14300733,0.33
Sep 2022,AFG,43100596,first projection,2022-11-01,2023-03-31,3,13823864,0.32
Sep 2022,AFG,43100596,first projection,2022-11-01,2023-03-31,4,6080130,0.14
Sep 2022,AFG,43100596,first projection,2022-11-01,2023-03-31,5,0,0
Mar 2022,AFG,41727303,current,2022-03-01,2022-05-31,all,41727303,1.0
Mar 2022,AFG,41727303,current,2022-03-01,2022-05-31,3+,19650163,0.47
Mar 2022,AFG,41727303,current,2022-03-01,2022-05-31,1,7451417,0.18
Mar 2022,AFG,41727303,current,2022-03-01,2022-05-31,2,14625723,0.35
Mar 2022,AFG,41727303,current,2022-03-01,2022-05-31,3,13036510,0.31
Mar 2022,AFG,41727303,current,2022-03-01,2022-05-31,4,6593329,0.16
Mar 2022,AFG,41727303,current,2022-03-01,2022-05-31,5,20324,0
Mar 2022,AFG,41727303,first projection,2022-06-01,2022-11-30,all,41727303,1.0
Mar 2022,AFG,41727303,first projection,2022-06-01,2022-11-30,3+,18920522,0.45
Mar 2022,AFG,41727303,first projection,2022-06-01,2022-11-30,1,8076291,0.2
Mar 2022,AFG,41727303,first projection,2022-06-01,2022-11-30,2,14730490,0.35
Mar 2022,AFG,41727303,first projection,2022-06-01,2022-11-30,3,12944658,0.31
Mar 2022,AFG,41727303,first projection,2022-06-01,2022-11-30,4,5975864,0.14
Mar 2022,AFG,41727303,first projection,2022-06-01,2022-11-30,5,0,0
Oct 2021,AFG,41727304,current,2021-09-01,2021-10-31,all,40411862,1.0
Oct 2021,AFG,41727304,current,2021-09-01,2021-10-31,3+,18844453,0.47
Oct 2021,AFG,41727304,current,2021-09-01,2021-10-31,1,7953993,0.2
Oct 2021,AFG,41727304,current,2021-09-01,2021-10-31,2,13613416,0.33
Oct 2021,AFG,41727304,current,2021-09-01,2021-10-31,3,11988297,0.3
Oct 2021,AFG,41727304,current,2021-09-01,2021-10-31,4,6856155,0.17
Oct 2021,AFG,41727304,current,2021-09-01,2021-10-31,5,0,0
Oct 2021,AFG,41727304,first projection,2021-11-01,2022-03-31,all,41727304,1.0
Oct 2021,AFG,41727304,first projection,2021-11-01,2022-03-31,3+,22813658,0.55
Oct 2021,AFG,41727304,first projection,2021-11-01,2022-03-31,1,6440549,0.15
Oct 2021,AFG,41727304,first projection,2021-11-01,2022-03-31,2,12473098,0.3
Oct 2021,AFG,41727304,first projection,2021-11-01,2022-03-31,3,14073883,0.34
Oct 2021,AFG,41727304,first projection,2021-11-01,2022-03-31,4,8739775,0.21
Oct 2021,AFG,41727304,first projection,2021-11-01,2022-03-31,5,0,0
Mar 2021,AFG,32890171,current,2021-03-01,2021-05-31,all,31390171,1.0
Mar 2021,AFG,32890171,current,2021-03-01,2021-05-31,3+,10938928,0.35
Mar 2021,AFG,32890171,current,2021-03-01,2021-05-31,1,8669926,0.28
Mar 2021,AFG,32890171,current,2021-03-01,2021-05-31,2,11781317,0.38
Mar 2021,AFG,32890171,current,2021-03-01,2021-05-31,3,7766480,0.25
Mar 2021,AFG,32890171,current,2021-03-01,2021-05-31,4,3172449,0.1
Mar 2021,AFG,32890171,current,2021-03-01,2021-05-31,5,0,0
Mar 2021,AFG,32890171,first projection,2021-06-01,2021-11-30,all,31390171,1.0
Mar 2021,AFG,32890171,first projection,2021-06-01,2021-11-30,3+,9462347,0.3
Mar 2021,AFG,32890171,first projection,2021-06-01,2021-11-30,1,9694433,0.31
Mar 2021,AFG,32890171,first projection,2021-06-01,2021-11-30,2,12233391,0.39
Mar 2021,AFG,32890171,first projection,2021-06-01,2021-11-30,3,6719607,0.21
Mar 2021,AFG,32890171,first projection,2021-06-01,2021-11-30,4,2742741,0.09
Mar 2021,AFG,32890171,first projection,2021-06-01,2021-11-30,5,0,0
Jun 2021,AGO,32097671,current,2021-06-01,2021-09-30,all,2667790,1.0
Jun 2021,AGO,32097671,current,2021-06-01,2021-09-30,3+,1315532,0.49
Jun 2021,AGO,32097671,current,2021-06-01,2021-09-30,1,531260,0.2
Jun 2021,AGO,32097671,current,2021-06-01,2021-09-30,2,820998,0.31
Jun 2021,AGO,32097671,current,2021-06-01,2021-09-30,3,1008245,0.38
Jun 2021,AGO,32097671,current,2021-06-01,2021-09-30,4,307288,0.12
Jun 2021,AGO,32097671,current,2021-06-01,2021-09-30,5,0,0
Jun 2021,AGO,32097671,first projection,2021-10-01,2022-03-31,all,2750124,1.0
Jun 2021,AGO,32097671,first projection,2021-10-01,2022-03-31,3+,1583996,0.58
Jun 2021,AGO,32097671,first projection,2021-10-01,2022-03-31,1,482825,0.18
Jun 2021,AGO,32097671,first projection,2021-10-01,2022-03-31,2,683303,0.25
Jun 2021,AGO,32097671,first projection,2021-10-01,2022-03-31,3,1167337,0.42
Jun 2021,AGO,32097671,first projection,2021-10-01,2022-03-31,4,416660,0.15
Jun 2021,AGO,32097671,first projection,2021-10-01,2022-03-31,5,0,0
Jun 2026,BDI,12864685,current,2026-04-01,2026-05-31,all,12864685,1.0
Jun 2026,BDI,12864685,current,2026-04-01,2026-05-31,3+,1765517,0.14
Jun 2026,BDI,12864685,current,2026-04-01,2026-05-31,1,4506294,0.35
Jun 2026,BDI,12864685,current,2026-04-01,2026-05-31,2,6592877,0.51
Jun 2026,BDI,12864685,current,2026-04-01,2026-05-31,3,1545176,0.12
Jun 2026,BDI,12864685,current,2026-04-01,2026-05-31,4,220341,0.02
Jun 2026,BDI,12864685,current,2026-04-01,2026-05-31,5,0,0
Jun 2026,BDI,12864685,first projection,2026-06-01,2026-09-30,all,12864685,1.0
Jun 2026,BDI,12864685,first projection,2026-06-01,2026-09-30,3+,1018142,0.08
Jun 2026,BDI,12864685,first projection,2026-06-01,2026-09-30,1,5813107,0.45
Jun 2026,BDI,12864685,first projection,2026-06-01,2026-09-30,2,6033438,0.47
Jun 2026,BDI,12864685,first projection,2026-06-01,2026-09-30,3,1018142,0.08
Jun 2026,BDI,12864685,first projection,2026-06-01,2026-09-30,4,0,0
Jun 2026,BDI,12864685,first projection,2026-06-01,2026-09-30,5,0,0
Aug 2025,BDI,13097396,current,2025-08-01,2025-09-30,all,12288863,1.0
Aug 2025,BDI,13097396,current,2025-08-01,2025-09-30,3+,1174392,0.1
Aug 2025,BDI,13097396,current,2025-08-01,2025-09-30,1,6726583,0.55
Aug 2025,BDI,13097396,current,2025-08-01,2025-09-30,2,4387888,0.36
Aug 2025,BDI,13097396,current,2025-08-01,2025-09-30,3,1174392,0.1
Aug 2025,BDI,13097396,current,2025-08-01,2025-09-30,4,0,0
Aug 2025,BDI,13097396,current,2025-08-01,2025-09-30,5,0,0
Aug 2025,BDI,13097396,first projection,2025-10-01,2025-12-31,all,12288863,1.0
Aug 2025,BDI,13097396,first projection,2025-10-01,2025-12-31,3+,1800242,0.15
Aug 2025,BDI,13097396,first projection,2025-10-01,2025-12-31,1,5810116,0.47
Aug 2025,BDI,13097396,first projection,2025-10-01,2025-12-31,2,4678505,0.38
Aug 2025,BDI,13097396,first projection,2025-10-01,2025-12-31,3,1800242,0.15
Aug 2025,BDI,13097396,first projection,2025-10-01,2025-12-31,4,0,0
Aug 2025,BDI,13097396,first projection,2025-10-01,2025-12-31,5,0,0
Aug 2025,BDI,13097396,second projection,2026-01-01,2026-03-31,all,12288863,1.0
Aug 2025,BDI,13097396,second projection,2026-01-01,2026-03-31,3+,1140137,0.09
Aug 2025,BDI,13097396,second projection,2026-01-01,2026-03-31,1,6849495,0.56
Aug 2025,BDI,13097396,second projection,2026-01-01,2026-03-31,2,4299231,0.35
Aug 2025,BDI,13097396,second projection,2026-01-01,2026-03-31,3,1140137,0.09
Aug 2025,BDI,13097396,second projection,2026-01-01,2026-03-31,4,0,0
Aug 2025,BDI,13097396,second projection,2026-01-01,2026-03-31,5,0,0
Oct 2024,BDI,13097396,current,2024-11-01,2024-12-31,all,12288863,1.0
Oct 2024,BDI,13097396,current,2024-11-01,2024-12-31,3+,1880764,0.15
Oct 2024,BDI,13097396,current,2024-11-01,2024-12-31,1,4076967,0.33
Oct 2024,BDI,13097396,current,2024-11-01,2024-12-31,2,6331132,0.52
Oct 2024,BDI,13097396,current,2024-11-01,2024-12-31,3,1702024,0.14
Oct 2024,BDI,13097396,current,2024-11-01,2024-12-31,4,178740,0.01
Oct 2024,BDI,13097396,current,2024-11-01,2024-12-31,5,0,0
Oct 2024,BDI,13097396,first projection,2025-01-01,2025-03-31,all,12288863,1.0
Oct 2024,BDI,13097396,first projection,2025-01-01,2025-03-31,3+,1212374,0.1
Oct 2024,BDI,13097396,first projection,2025-01-01,2025-03-31,1,5151281,0.42
Oct 2024,BDI,13097396,first projection,2025-01-01,2025-03-31,2,5925208,0.48
Oct 2024,BDI,13097396,first projection,2025-01-01,2025-03-31,3,1212374,0.1
Oct 2024,BDI,13097396,first projection,2025-01-01,2025-03-31,4,0,0
Oct 2024,BDI,13097396,first projection,2025-01-01,2025-03-31,5,0,0
May 2024,BDI,12288863,current,2024-04-01,2024-05-31,all,12288863,1.0
May 2024,BDI,12288863,current,2024-04-01,2024-05-31,3+,2192906,0.18
May 2024,BDI,12288863,current,2024-04-01,2024-05-31,1,5048937,0.41
May 2024,BDI,12288863,current,2024-04-01,2024-05-31,2,5047021,0.41
May 2024,BDI,12288863,current,2024-04-01,2024-05-31,3,1964269,0.16
May 2024,BDI,12288863,current,2024-04-01,2024-05-31,4,228637,0.02
May 2024,BDI,12288863,current,2024-04-01,2024-05-31,5,0,0
May 2024,BDI,12288863,first projection,2024-06-01,2024-09-30,all,12288863,1.0
May 2024,BDI,12288863,first projection,2024-06-01,2024-09-30,3+,1184921,0.1
May 2024,BDI,12288863,first projection,2024-06-01,2024-09-30,1,6283783,0.51
May 2024,BDI,12288863,first projection,2024-06-01,2024-09-30,2,4820159,0.39
May 2024,BDI,12288863,first projection,2024-06-01,2024-09-30,3,1063250,0.09
May 2024,BDI,12288863,first projection,2024-06-01,2024-09-30,4,121671,0.01
May 2024,BDI,12288863,first projection,2024-06-01,2024-09-30,5,0,0
Sep 2023,BDI,12288863,current,2023-09-01,2023-09-30,all,12288863,1.0
Sep 2023,BDI,12288863,current,2023-09-01,2023-09-30,3+,1523197,0.12
Sep 2023,BDI,12288863,current,2023-09-01,2023-09-30,1,5273107,0.43
Sep 2023,BDI,12288863,current,2023-09-01,2023-09-30,2,5492559,0.45
Sep 2023,BDI,12288863,current,2023-09-01,2023-09-30,3,1523197,0.12
Sep 2023,BDI,12288863,current,2023-09-01,2023-09-30,4,0,0
Sep 2023,BDI,12288863,current,2023-09-01,2023-09-30,5,0,0
Sep 2023,BDI,12288863,first projection,2023-10-01,2023-12-31,all,12288863,1.0
Sep 2023,BDI,12288863,first projection,2023-10-01,2023-12-31,3+,1881834,0.15
Sep 2023,BDI,12288863,first projection,2023-10-01,2023-12-31,1,4843200,0.39
Sep 2023,BDI,12288863,first projection,2023-10-01,2023-12-31,2,5563829,0.45
Sep 2023,BDI,12288863,first projection,2023-10-01,2023-12-31,3,1717799,0.14
Sep 2023,BDI,12288863,first projection,2023-10-01,2023-12-31,4,164034,0.01
Sep 2023,BDI,12288863,first projection,2023-10-01,2023-12-31,5,0,0
Sep 2023,BDI,12288863,second projection,2024-01-01,2024-03-31,all,12288863,1.0
Sep 2023,BDI,12288863,second projection,2024-01-01,2024-03-31,3+,1234638,0.1
Sep 2023,BDI,12288863,second projection,2024-01-01,2024-03-31,1,5497930,0.45
Sep 2023,BDI,12288863,second projection,2024-01-01,2024-03-31,2,5556296,0.45
Sep 2023,BDI,12288863,second projection,2024-01-01,2024-03-31,3,1129656,0.09
Sep 2023,BDI,12288863,second projection,2024-01-01,2024-03-31,4,104982,0.01
Sep 2023,BDI,12288863,second projection,2024-01-01,2024-03-31,5,0,0
Apr 2023,BDI,12288863,current,2023-04-01,2023-05-31,all,12288863,1.0
Apr 2023,BDI,12288863,current,2023-04-01,2023-05-31,3+,2322303,0.19
Apr 2023,BDI,12288863,current,2023-04-01,2023-05-31,1,4502054,0.37
Apr 2023,BDI,12288863,current,2023-04-01,2023-05-31,2,5464505,0.44
Apr 2023,BDI,12288863,current,2023-04-01,2023-05-31,3,2217321,0.18
Apr 2023,BDI,12288863,current,2023-04-01,2023-05-31,4,104982,0.01
Apr 2023,BDI,12288863,current,2023-04-01,2023-05-31,5,0,0
Apr 2023,BDI,12288863,first projection,2023-06-01,2023-09-30,all,12288863,1.0
Apr 2023,BDI,12288863,first projection,2023-06-01,2023-09-30,3+,1156054,0.09
Apr 2023,BDI,12288863,first projection,2023-06-01,2023-09-30,1,6046068,0.49
Apr 2023,BDI,12288863,first projection,2023-06-01,2023-09-30,2,5086741,0.41
Apr 2023,BDI,12288863,first projection,2023-06-01,2023-09-30,3,1156054,0.09
Apr 2023,BDI,12288863,first projection,2023-06-01,2023-09-30,4,0,0
Apr 2023,BDI,12288863,first projection,2023-06-01,2023-09-30,5,0,0
Aug 2022,BDI,12045234,current,2022-06-01,2022-09-30,all,12045234,1.0
Aug 2022,BDI,12045234,current,2022-06-01,2022-09-30,3+,1185181,0.1
Aug 2022,BDI,12045234,current,2022-06-01,2022-09-30,1,7514843,0.62
Aug 2022,BDI,12045234,current,2022-06-01,2022-09-30,2,3345210,0.28
Aug 2022,BDI,12045234,current,2022-06-01,2022-09-30,3,1134543,0.1
Aug 2022,BDI,12045234,current,2022-06-01,2022-09-30,4,50637,0
Aug 2022,BDI,12045234,current,2022-06-01,2022-09-30,5,0,0
Aug 2022,BDI,12045234,first projection,2022-10-01,2022-12-31,all,12045234,1.0
Aug 2022,BDI,12045234,first projection,2022-10-01,2022-12-31,3+,1403868,0.12
Aug 2022,BDI,12045234,first projection,2022-10-01,2022-12-31,1,6981059,0.58
Aug 2022,BDI,12045234,first projection,2022-10-01,2022-12-31,2,3660306,0.3
Aug 2022,BDI,12045234,first projection,2022-10-01,2022-12-31,3,1353231,0.12
Aug 2022,BDI,12045234,first projection,2022-10-01,2022-12-31,4,50637,0
Aug 2022,BDI,12045234,first projection,2022-10-01,2022-12-31,5,0,0
Apr 2022,BDI,12045234,current,2022-04-01,2022-05-31,all,12045234,1.0
Apr 2022,BDI,12045234,current,2022-04-01,2022-05-31,3+,1182686,0.1
Apr 2022,BDI,12045234,current,2022-04-01,2022-05-31,1,7783814,0.65
Apr 2022,BDI,12045234,current,2022-04-01,2022-05-31,2,3078734,0.25
Apr 2022,BDI,12045234,current,2022-04-01,2022-05-31,3,1182686,0.1
Apr 2022,BDI,12045234,current,2022-04-01,2022-05-31,4,0,0
Apr 2022,BDI,12045234,current,2022-04-01,2022-05-31,5,0,0
Apr 2022,BDI,12045234,first projection,2022-06-01,2022-09-30,all,12045234,1.0
Apr 2022,BDI,12045234,first projection,2022-06-01,2022-09-30,3+,645667,0.05
Apr 2022,BDI,12045234,first projection,2022-06-01,2022-09-30,1,8636769,0.72
Apr 2022,BDI,12045234,first projection,2022-06-01,2022-09-30,2,2762798,0.23
Apr 2022,BDI,12045234,first projection,2022-06-01,2022-09-30,3,645667,0.05
Apr 2022,BDI,12045234,first projection,2022-06-01,2022-09-30,4,0,0
Apr 2022,BDI,12045234,first projection,2022-06-01,2022-09-30,5,0,0
Sep 2021,BDI,12495569,current,2021-06-01,2021-09-30,all,11718311,1.0
Sep 2021,BDI,12495569,current,2021-06-01,2021-09-30,3+,1057992,0.09
Sep 2021,BDI,12495569,current,2021-06-01,2021-09-30,1,6655977,0.57
Sep 2021,BDI,12495569,current,2021-06-01,2021-09-30,2,4004342,0.34
Sep 2021,BDI,12495569,current,2021-06-01,2021-09-30,3,1057992,0.09
Sep 2021,BDI,12495569,current,2021-06-01,2021-09-30,4,0,0
Sep 2021,BDI,12495569,current,2021-06-01,2021-09-30,5,0,0
Sep 2021,BDI,12495569,first projection,2021-10-01,2021-12-31,all,11718311,1.0
Sep 2021,BDI,12495569,first projection,2021-10-01,2021-12-31,3+,1442168,0.12
Sep 2021,BDI,12495569,first projection,2021-10-01,2021-12-31,1,6167417,0.53
Sep 2021,BDI,12495569,first projection,2021-10-01,2021-12-31,2,4108726,0.35
Sep 2021,BDI,12495569,first projection,2021-10-01,2021-12-31,3,1442168,0.12
Sep 2021,BDI,12495569,first projection,2021-10-01,2021-12-31,4,0,0
Sep 2021,BDI,12495569,first projection,2021-10-01,2021-12-31,5,0,0
Sep 2021,BDI,12495569,second projection,2022-01-01,2022-03-31,all,12045241,1.0
Sep 2021,BDI,12495569,second projection,2022-01-01,2022-03-31,3+,1059233,0.09
Sep 2021,BDI,12495569,second projection,2022-01-01,2022-03-31,1,7047824,0.59
Sep 2021,BDI,12495569,second projection,2022-01-01,2022-03-31,2,3938184,0.33
Sep 2021,BDI,12495569,second projection,2022-01-01,2022-03-31,3,1059233,0.09
Sep 2021,BDI,12495569,second projection,2022-01-01,2022-03-31,4,0,0
Sep 2021,BDI,12495569,second projection,2022-01-01,2022-03-31,5,0,0
Apr 2021,BDI,12495569,current,2021-04-01,2021-05-31,all,11718311,1.0
Apr 2021,BDI,12495569,current,2021-04-01,2021-05-31,3+,1613419,0.14
Apr 2021,BDI,12495569,current,2021-04-01,2021-05-31,1,5074935,0.43
Apr 2021,BDI,12495569,current,2021-04-01,2021-05-31,2,5029958,0.43
Apr 2021,BDI,12495569,current,2021-04-01,2021-05-31,3,1506739,0.13
Apr 2021,BDI,12495569,current,2021-04-01,2021-05-31,4,106680,0.01
Apr 2021,BDI,12495569,current,2021-04-01,2021-05-31,5,0,0
Apr 2021,BDI,12495569,first projection,2021-06-01,2021-09-30,all,11718311,1.0
Apr 2021,BDI,12495569,first projection,2021-06-01,2021-09-30,3+,1044784,0.09
Apr 2021,BDI,12495569,first projection,2021-06-01,2021-09-30,1,6472948,0.55
Apr 2021,BDI,12495569,first projection,2021-06-01,2021-09-30,2,4200579,0.36
Apr 2021,BDI,12495569,first projection,2021-06-01,2021-09-30,3,988419,0.08
Apr 2021,BDI,12495569,first projection,2021-06-01,2021-09-30,4,56365,0.01
Apr 2021,BDI,12495569,first projection,2021-06-01,2021-09-30,5,0,0
Nov 2025,BEN,13224860,current,2025-10-01,2025-12-31,all,2771518,1.0
Nov 2025,BEN,13224860,current,2025-10-01,2025-12-31,3+,191108,0.07
Nov 2025,BEN,13224860,current,2025-10-01,2025-12-31,1,2133087,0.77
Nov 2025,BEN,13224860,current,2025-10-01,2025-12-31,2,447323,0.16
Nov 2025,BEN,13224860,current,2025-10-01,2025-12-31,3,188147,0.07
Nov 2025,BEN,13224860,current,2025-10-01,2025-12-31,4,2960,0
Nov 2025,BEN,13224860,current,2025-10-01,2025-12-31,5,0,0
Nov 2025,BEN,13224860,first projection,2026-06-01,2026-08-31,all,2771518,1.0
Nov 2025,BEN,13224860,first projection,2026-06-01,2026-08-31,3+,201226,0.07
Nov 2025,BEN,13224860,first projection,2026-06-01,2026-08-31,1,2099442,0.76
Nov 2025,BEN,13224860,first projection,2026-06-01,2026-08-31,2,470850,0.17
Nov 2025,BEN,13224860,first projection,2026-06-01,2026-08-31,3,191775,0.07
Nov 2025,BEN,13224860,first projection,2026-06-01,2026-08-31,4,9451,0
Nov 2025,BEN,13224860,first projection,2026-06-01,2026-08-31,5,0,0
Mar 2025,BEN,0,current,2025-03-01,2025-05-31,all,13090287,1.0
Mar 2025,BEN,0,current,2025-03-01,2025-05-31,3+,410433,0.03
Mar 2025,BEN,0,current,2025-03-01,2025-05-31,1,11238541,0.86
Mar 2025,BEN,0,current,2025-03-01,2025-05-31,2,1441313,0.11
Mar 2025,BEN,0,current,2025-03-01,2025-05-31,3,410433,0.03
Mar 2025,BEN,0,current,2025-03-01,2025-05-31,4,0,0
Mar 2025,BEN,0,current,2025-03-01,2025-05-31,5,0,0
Mar 2025,BEN,0,first projection,2025-06-01,2025-08-31,all,13090287,1.0
Mar 2025,BEN,0,first projection,2025-06-01,2025-08-31,3+,308306,0.02
Mar 2025,BEN,0,first projection,2025-06-01,2025-08-31,1,11403475,0.87
Mar 2025,BEN,0,first projection,2025-06-01,2025-08-31,2,1378506,0.11
Mar 2025,BEN,0,first projection,2025-06-01,2025-08-31,3,308306,0.02
Mar 2025,BEN,0,first projection,2025-06-01,2025-08-31,4,0,0
Mar 2025,BEN,0,first projection,2025-06-01,2025-08-31,5,0,0
Nov 2024,BEN,12915002,current,2024-10-01,2024-12-31,all,12915000,1.0
Nov 2024,BEN,12915002,current,2024-10-01,2024-12-31,3+,583765,0.05
Nov 2024,BEN,12915002,current,2024-10-01,2024-12-31,1,10214712,0.79
Nov 2024,BEN,12915002,current,2024-10-01,2024-12-31,2,2116522,0.16
Nov 2024,BEN,12915002,current,2024-10-01,2024-12-31,3,583765,0.05
Nov 2024,BEN,12915002,current,2024-10-01,2024-12-31,4,0,0
Nov 2024,BEN,12915002,current,2024-10-01,2024-12-31,5,0,0
Nov 2024,BEN,12915002,first projection,2025-06-01,2025-08-31,all,12915000,1.0
Nov 2024,BEN,12915002,first projection,2025-06-01,2025-08-31,3+,531573,0.04
Nov 2024,BEN,12915002,first projection,2025-06-01,2025-08-31,1,10323892,0.8
Nov 2024,BEN,12915002,first projection,2025-06-01,2025-08-31,2,2059534,0.16
Nov 2024,BEN,12915002,first projection,2025-06-01,2025-08-31,3,531573,0.04
Nov 2024,BEN,12915002,first projection,2025-06-01,2025-08-31,4,0,0
Nov 2024,BEN,12915002,first projection,2025-06-01,2025-08-31,5,0,0
Mar 2024,BEN,12910087,current,2024-03-01,2024-05-31,all,5681269,1.0
Mar 2024,BEN,12910087,current,2024-03-01,2024-05-31,3+,363718,0.06
Mar 2024,BEN,12910087,current,2024-03-01,2024-05-31,1,4249293,0.75
Mar 2024,BEN,12910087,current,2024-03-01,2024-05-31,2,1068258,0.19
Mar 2024,BEN,12910087,current,2024-03-01,2024-05-31,3,363718,0.06
Mar 2024,BEN,12910087,current,2024-03-01,2024-05-31,4,0,0
Mar 2024,BEN,12910087,current,2024-03-01,2024-05-31,5,0,0
Mar 2024,BEN,12910087,first projection,2024-06-01,2024-08-31,all,10058780,1.0
Mar 2024,BEN,12910087,first projection,2024-06-01,2024-08-31,3+,309443,0.03
Mar 2024,BEN,12910087,first projection,2024-06-01,2024-08-31,1,8442194,0.84
Mar 2024,BEN,12910087,first projection,2024-06-01,2024-08-31,2,1307143,0.13
Mar 2024,BEN,12910087,first projection,2024-06-01,2024-08-31,3,309443,0.03
Mar 2024,BEN,12910087,first projection,2024-06-01,2024-08-31,4,0,0
Mar 2024,BEN,12910087,first projection,2024-06-01,2024-08-31,5,0,0
Nov 2023,BEN,12915002,current,2023-10-01,2023-12-31,all,8783015,1.0
Nov 2023,BEN,12915002,current,2023-10-01,2023-12-31,3+,255818,0.03
Nov 2023,BEN,12915002,current,2023-10-01,2023-12-31,1,7377416,0.84
Nov 2023,BEN,12915002,current,2023-10-01,2023-12-31,2,1149781,0.13
Nov 2023,BEN,12915002,current,2023-10-01,2023-12-31,3,255818,0.03
Nov 2023,BEN,12915002,current,2023-10-01,2023-12-31,4,0,0
Nov 2023,BEN,12915002,current,2023-10-01,2023-12-31,5,0,0
Nov 2023,BEN,12915002,first projection,2024-06-01,2024-08-31,all,8783015,1.0
Nov 2023,BEN,12915002,first projection,2024-06-01,2024-08-31,3+,244775,0.03
Nov 2023,BEN,12915002,first projection,2024-06-01,2024-08-31,1,7437346,0.85
Nov 2023,BEN,12915002,first projection,2024-06-01,2024-08-31,2,1100895,0.13
Nov 2023,BEN,12915002,first projection,2024-06-01,2024-08-31,3,244775,0.03
Nov 2023,BEN,12915002,first projection,2024-06-01,2024-08-31,4,0,0
Nov 2023,BEN,12915002,first projection,2024-06-01,2024-08-31,5,0,0
Mar 2023,BEN,12915002,current,2023-03-01,2023-05-31,all,12852279,1.0
Mar 2023,BEN,12915002,current,2023-03-01,2023-05-31,3+,547422,0.04
Mar 2023,BEN,12915002,current,2023-03-01,2023-05-31,1,10434833,0.81
Mar 2023,BEN,12915002,current,2023-03-01,2023-05-31,2,1870025,0.15
Mar 2023,BEN,12915002,current,2023-03-01,2023-05-31,3,532943,0.04
Mar 2023,BEN,12915002,current,2023-03-01,2023-05-31,4,14479,0
Mar 2023,BEN,12915002,current,2023-03-01,2023-05-31,5,0,0
Mar 2023,BEN,12915002,first projection,2023-06-01,2023-08-31,all,13028208,1.0
Mar 2023,BEN,12915002,first projection,2023-06-01,2023-08-31,3+,412140,0.03
Mar 2023,BEN,12915002,first projection,2023-06-01,2023-08-31,1,11038284,0.85
Mar 2023,BEN,12915002,first projection,2023-06-01,2023-08-31,2,1577784,0.12
Mar 2023,BEN,12915002,first projection,2023-06-01,2023-08-31,3,401774,0.03
Mar 2023,BEN,12915002,first projection,2023-06-01,2023-08-31,4,10365,0
Mar 2023,BEN,12915002,first projection,2023-06-01,2023-08-31,5,0,0
Oct 2022,BEN,12915002,current,2022-10-01,2022-12-31,all,7756065,1.0
Oct 2022,BEN,12915002,current,2022-10-01,2022-12-31,3+,181584,0.02
Oct 2022,BEN,12915002,current,2022-10-01,2022-12-31,1,6534986,0.84
Oct 2022,BEN,12915002,current,2022-10-01,2022-12-31,2,1039495,0.13
Oct 2022,BEN,12915002,current,2022-10-01,2022-12-31,3,181584,0.02
Oct 2022,BEN,12915002,current,2022-10-01,2022-12-31,4,0,0
Oct 2022,BEN,12915002,current,2022-10-01,2022-12-31,5,0,0
Oct 2022,BEN,12915002,first projection,2023-06-01,2023-08-31,all,7756065,1.0
Oct 2022,BEN,12915002,first projection,2023-06-01,2023-08-31,3+,174676,0.02
Oct 2022,BEN,12915002,first projection,2023-06-01,2023-08-31,1,6569807,0.85
Oct 2022,BEN,12915002,first projection,2023-06-01,2023-08-31,2,1011581,0.13
Oct 2022,BEN,12915002,first projection,2023-06-01,2023-08-31,3,174676,0.02
Oct 2022,BEN,12915002,first projection,2023-06-01,2023-08-31,4,0,0
Oct 2022,BEN,12915002,first projection,2023-06-01,2023-08-31,5,0,0
Mar 2022,BEN,12915002,current,2022-03-01,2022-05-31,all,12915000,1.0
Mar 2022,BEN,12915002,current,2022-03-01,2022-05-31,3+,1225957,0.09
Mar 2022,BEN,12915002,current,2022-03-01,2022-05-31,1,8934565,0.69
Mar 2022,BEN,12915002,current,2022-03-01,2022-05-31,2,2754478,0.21
Mar 2022,BEN,12915002,current,2022-03-01,2022-05-31,3,1183139,0.09
Mar 2022,BEN,12915002,current,2022-03-01,2022-05-31,4,42818,0
Mar 2022,BEN,12915002,current,2022-03-01,2022-05-31,5,0,0
Mar 2022,BEN,12915002,first projection,2022-06-01,2022-08-31,all,12915000,1.0
Mar 2022,BEN,12915002,first projection,2022-06-01,2022-08-31,3+,830150,0.06
Mar 2022,BEN,12915002,first projection,2022-06-01,2022-08-31,1,9766619,0.76
Mar 2022,BEN,12915002,first projection,2022-06-01,2022-08-31,2,2318231,0.18
Mar 2022,BEN,12915002,first projection,2022-06-01,2022-08-31,3,806329,0.06
Mar 2022,BEN,12915002,first projection,2022-06-01,2022-08-31,4,23821,0
Mar 2022,BEN,12915002,first projection,2022-06-01,2022-08-31,5,0,0
Nov 2021,BEN,12915002,current,2021-10-01,2021-12-31,all,2058663,1.0
Nov 2021,BEN,12915002,current,2021-10-01,2021-12-31,3+,6154,0
Nov 2021,BEN,12915002,current,2021-10-01,2021-12-31,1,1829171,0.89
Nov 2021,BEN,12915002,current,2021-10-01,2021-12-31,2,223338,0.11
Nov 2021,BEN,12915002,current,2021-10-01,2021-12-31,3,6154,0
Nov 2021,BEN,12915002,current,2021-10-01,2021-12-31,4,0,0
Nov 2021,BEN,12915002,current,2021-10-01,2021-12-31,5,0,0
Nov 2021,BEN,12915002,first projection,2022-06-01,2022-08-31,all,2058663,1.0
Nov 2021,BEN,12915002,first projection,2022-06-01,2022-08-31,3+,17450,0.01
Nov 2021,BEN,12915002,first projection,2022-06-01,2022-08-31,1,1737840,0.84
Nov 2021,BEN,12915002,first projection,2022-06-01,2022-08-31,2,303373,0.15
Nov 2021,BEN,12915002,first projection,2022-06-01,2022-08-31,3,17450,0.01
Nov 2021,BEN,12915002,first projection,2022-06-01,2022-08-31,4,0,0
Nov 2021,BEN,12915002,first projection,2022-06-01,2022-08-31,5,0,0
Mar 2024,BFA,22969083,current,2024-03-01,2024-05-31,all,22969083,1.0
Mar 2024,BFA,22969083,current,2024-03-01,2024-05-31,3+,1749437,0.07
Mar 2024,BFA,22969083,current,2024-03-01,2024-05-31,1,17064478,0.74
Mar 2024,BFA,22969083,current,2024-03-01,2024-05-31,2,4155168,0.18
Mar 2024,BFA,22969083,current,2024-03-01,2024-05-31,3,1673313,0.07
Mar 2024,BFA,22969083,current,2024-03-01,2024-05-31,4,76124,0
Mar 2024,BFA,22969083,current,2024-03-01,2024-05-31,5,0,0
Mar 2024,BFA,22969083,first projection,2024-06-01,2024-08-31,all,22969083,1.0
Mar 2024,BFA,22969083,first projection,2024-06-01,2024-08-31,3+,2734196,0.12
Mar 2024,BFA,22969083,first projection,2024-06-01,2024-08-31,1,14992187,0.65
Mar 2024,BFA,22969083,first projection,2024-06-01,2024-08-31,2,5242700,0.23
Mar 2024,BFA,22969083,first projection,2024-06-01,2024-08-31,3,2310858,0.1
Mar 2024,BFA,22969083,first projection,2024-06-01,2024-08-31,4,423338,0.02
Mar 2024,BFA,22969083,first projection,2024-06-01,2024-08-31,5,0,0
Nov 2023,BFA,22969083,current,2023-10-01,2023-12-31,all,22969083,1.0
Nov 2023,BFA,22969083,current,2023-10-01,2023-12-31,3+,2278031,0.1
Nov 2023,BFA,22969083,current,2023-10-01,2023-12-31,1,16069326,0.7
Nov 2023,BFA,22969083,current,2023-10-01,2023-12-31,2,4621726,0.2
Nov 2023,BFA,22969083,current,2023-10-01,2023-12-31,3,2016883,0.09
Nov 2023,BFA,22969083,current,2023-10-01,2023-12-31,4,261147,0.01
Nov 2023,BFA,22969083,current,2023-10-01,2023-12-31,5,0,0
Nov 2023,BFA,22969083,first projection,2024-06-01,2024-08-31,all,22969083,1.0
Nov 2023,BFA,22969083,first projection,2024-06-01,2024-08-31,3+,2998379,0.13
Nov 2023,BFA,22969083,first projection,2024-06-01,2024-08-31,1,14639943,0.64
Nov 2023,BFA,22969083,first projection,2024-06-01,2024-08-31,2,5330760,0.23
Nov 2023,BFA,22969083,first projection,2024-06-01,2024-08-31,3,2573031,0.11
Nov 2023,BFA,22969083,first projection,2024-06-01,2024-08-31,4,425349,0.02
Nov 2023,BFA,22969083,first projection,2024-06-01,2024-08-31,5,0,0
Mar 2023,BFA,21253895,current,2023-03-01,2023-05-31,all,22298828,1.0
Mar 2023,BFA,21253895,current,2023-03-01,2023-05-31,3+,2195758,0.09
Mar 2023,BFA,21253895,current,2023-03-01,2023-05-31,1,15825482,0.71
Mar 2023,BFA,21253895,current,2023-03-01,2023-05-31,2,4277588,0.19
Mar 2023,BFA,21253895,current,2023-03-01,2023-05-31,3,1882045,0.08
Mar 2023,BFA,21253895,current,2023-03-01,2023-05-31,4,291234,0.01
Mar 2023,BFA,21253895,current,2023-03-01,2023-05-31,5,22480,0
Mar 2023,BFA,21253895,first projection,2023-06-01,2023-08-31,all,22298828,1.0
Mar 2023,BFA,21253895,first projection,2023-06-01,2023-08-31,3+,3351049,0.15
Mar 2023,BFA,21253895,first projection,2023-06-01,2023-08-31,1,13815228,0.62
Mar 2023,BFA,21253895,first projection,2023-06-01,2023-08-31,2,5132550,0.23
Mar 2023,BFA,21253895,first projection,2023-06-01,2023-08-31,3,2703713,0.12
Mar 2023,BFA,21253895,first projection,2023-06-01,2023-08-31,4,604642,0.03
Mar 2023,BFA,21253895,first projection,2023-06-01,2023-08-31,5,42694,0
Nov 2022,BFA,21253895,current,2022-10-01,2022-12-31,all,22227578,1.0
Nov 2022,BFA,21253895,current,2022-10-01,2022-12-31,3+,2618638,0.12
Nov 2022,BFA,21253895,current,2022-10-01,2022-12-31,1,14933877,0.67
Nov 2022,BFA,21253895,current,2022-10-01,2022-12-31,2,4675064,0.21
Nov 2022,BFA,21253895,current,2022-10-01,2022-12-31,3,2275170,0.1
Nov 2022,BFA,21253895,current,2022-10-01,2022-12-31,4,341650,0.02
Nov 2022,BFA,21253895,current,2022-10-01,2022-12-31,5,1817,0
Nov 2022,BFA,21253895,first projection,2023-06-01,2023-08-31,all,22227578,1.0
Nov 2022,BFA,21253895,first projection,2023-06-01,2023-08-31,3+,3533220,0.15
Nov 2022,BFA,21253895,first projection,2023-06-01,2023-08-31,1,13069239,0.59
Nov 2022,BFA,21253895,first projection,2023-06-01,2023-08-31,2,5625119,0.25
Nov 2022,BFA,21253895,first projection,2023-06-01,2023-08-31,3,2966900,0.13
Nov 2022,BFA,21253895,first projection,2023-06-01,2023-08-31,4,546454,0.02
Nov 2022,BFA,21253895,first projection,2023-06-01,2023-08-31,5,19867,0
Mar 2022,BFA,21253895,current,2022-03-01,2022-05-31,all,21253895,1.0
Mar 2022,BFA,21253895,current,2022-03-01,2022-05-31,3+,2366447,0.12
Mar 2022,BFA,21253895,current,2022-03-01,2022-05-31,1,14458618,0.68
Mar 2022,BFA,21253895,current,2022-03-01,2022-05-31,2,4428830,0.21
Mar 2022,BFA,21253895,current,2022-03-01,2022-05-31,3,2042709,0.1
Mar 2022,BFA,21253895,current,2022-03-01,2022-05-31,4,323739,0.02
Mar 2022,BFA,21253895,current,2022-03-01,2022-05-31,5,0,0
Mar 2022,BFA,21253895,first projection,2022-06-01,2022-08-31,all,21253895,1.0
Mar 2022,BFA,21253895,first projection,2022-06-01,2022-08-31,3+,3453511,0.16
Mar 2022,BFA,21253895,first projection,2022-06-01,2022-08-31,1,12468940,0.59
Mar 2022,BFA,21253895,first projection,2022-06-01,2022-08-31,2,5331444,0.25
Mar 2022,BFA,21253895,first projection,2022-06-01,2022-08-31,3,2825046,0.13
Mar 2022,BFA,21253895,first projection,2022-06-01,2022-08-31,4,628464,0.03
Mar 2022,BFA,21253895,first projection,2022-06-01,2022-08-31,5,0,0
Nov 2021,BFA,21880805,current,2021-10-01,2021-12-31,all,21880806,1.0
Nov 2021,BFA,21880805,current,2021-10-01,2021-12-31,3+,1645939,0.08
Nov 2021,BFA,21880805,current,2021-10-01,2021-12-31,1,16419720,0.75
Nov 2021,BFA,21880805,current,2021-10-01,2021-12-31,2,3815147,0.17
Nov 2021,BFA,21880805,current,2021-10-01,2021-12-31,3,1529104,0.07
Nov 2021,BFA,21880805,current,2021-10-01,2021-12-31,4,116835,0.01
Nov 2021,BFA,21880805,current,2021-10-01,2021-12-31,5,0,0
Nov 2021,BFA,21880805,first projection,2022-06-01,2022-08-31,all,21880806,1.0
Nov 2021,BFA,21880805,first projection,2022-06-01,2022-08-31,3+,2632503,0.12
Nov 2021,BFA,21880805,first projection,2022-06-01,2022-08-31,1,14153777,0.65
Nov 2021,BFA,21880805,first projection,2022-06-01,2022-08-31,2,5094526,0.23
Nov 2021,BFA,21880805,first projection,2022-06-01,2022-08-31,3,2196110,0.1
Nov 2021,BFA,21880805,first projection,2022-06-01,2022-08-31,4,436393,0.02
Nov 2021,BFA,21880805,first projection,2022-06-01,2022-08-31,5,0,0
Mar 2021,BFA,21706163,current,2021-03-01,2021-05-31,all,21706166,1.0
Mar 2021,BFA,21706163,current,2021-03-01,2021-05-31,3+,2076319,0.1
Mar 2021,BFA,21706163,current,2021-03-01,2021-05-31,1,15884070,0.73
Mar 2021,BFA,21706163,current,2021-03-01,2021-05-31,2,3745776,0.17
Mar 2021,BFA,21706163,current,2021-03-01,2021-05-31,3,1898955,0.09
Mar 2021,BFA,21706163,current,2021-03-01,2021-05-31,4,177364,0.01
Mar 2021,BFA,21706163,current,2021-03-01,2021-05-31,5,0,0
Mar 2021,BFA,21706163,first projection,2021-06-01,2021-08-31,all,21706166,1.0
Mar 2021,BFA,21706163,first projection,2021-06-01,2021-08-31,3+,2867061,0.14
Mar 2021,BFA,21706163,first projection,2021-06-01,2021-08-31,1,14074881,0.65
Mar 2021,BFA,21706163,first projection,2021-06-01,2021-08-31,2,4764224,0.22
Mar 2021,BFA,21706163,first projection,2021-06-01,2021-08-31,3,2522691,0.12
Mar 2021,BFA,21706163,first projection,2021-06-01,2021-08-31,4,344370,0.02
Mar 2021,BFA,21706163,first projection,2021-06-01,2021-08-31,5,0,0
May 2026,BGD,174556266,current,2026-05-01,2026-08-31,all,99213141,1.0
May 2026,BGD,174556266,current,2026-05-01,2026-08-31,3+,15270914,0.15
May 2026,BGD,174556266,current,2026-05-01,2026-08-31,1,48458566,0.49
May 2026,BGD,174556266,current,2026-05-01,2026-08-31,2,35483662,0.36
May 2026,BGD,174556266,current,2026-05-01,2026-08-31,3,14787879,0.15
May 2026,BGD,174556266,current,2026-05-01,2026-08-31,4,483035,0
May 2026,BGD,174556266,current,2026-05-01,2026-08-31,5,0,0
May 2026,BGD,174556266,first projection,2026-09-01,2026-12-31,all,99213141,1.0
May 2026,BGD,174556266,first projection,2026-09-01,2026-12-31,3+,18135373,0.18
May 2026,BGD,174556266,first projection,2026-09-01,2026-12-31,1,42828694,0.43
May 2026,BGD,174556266,first projection,2026-09-01,2026-12-31,2,38249077,0.39
May 2026,BGD,174556266,first projection,2026-09-01,2026-12-31,3,17348067,0.17
May 2026,BGD,174556266,first projection,2026-09-01,2026-12-31,4,787306,0.01
May 2026,BGD,174556266,first projection,2026-09-01,2026-12-31,5,0,0
Apr 2025,BGD,165158616,current,2025-04-01,2025-04-30,all,96644062,1.0
Apr 2025,BGD,165158616,current,2025-04-01,2025-04-30,3+,15463347,0.16
Apr 2025,BGD,165158616,current,2025-04-01,2025-04-30,1,48592438,0.5
Apr 2025,BGD,165158616,current,2025-04-01,2025-04-30,2,32588277,0.34
Apr 2025,BGD,165158616,current,2025-04-01,2025-04-30,3,15463347,0.16
Apr 2025,BGD,165158616,current,2025-04-01,2025-04-30,4,0,0
Apr 2025,BGD,165158616,current,2025-04-01,2025-04-30,5,0,0
Apr 2025,BGD,165158616,first projection,2025-05-01,2025-12-31,all,96644062,1.0
Apr 2025,BGD,165158616,first projection,2025-05-01,2025-12-31,3+,15978672,0.17
Apr 2025,BGD,165158616,first projection,2025-05-01,2025-12-31,1,46408721,0.48
Apr 2025,BGD,165158616,first projection,2025-05-01,2025-12-31,2,34256669,0.35
Apr 2025,BGD,165158616,first projection,2025-05-01,2025-12-31,3,15617873,0.17
Apr 2025,BGD,165158616,first projection,2025-05-01,2025-12-31,4,360799,0
Apr 2025,BGD,165158616,first projection,2025-05-01,2025-12-31,5,0,0
Oct 2024,BGD,165158616,first projection,2024-10-01,2024-12-31,all,90887951,1.0
Oct 2024,BGD,165158616,first projection,2024-10-01,2024-12-31,3+,23577157,0.26
Oct 2024,BGD,165158616,first projection,2024-10-01,2024-12-31,1,33899645,0.37
Oct 2024,BGD,165158616,first projection,2024-10-01,2024-12-31,2,33411153,0.37
Oct 2024,BGD,165158616,first projection,2024-10-01,2024-12-31,3,21930178,0.24
Oct 2024,BGD,165158616,first projection,2024-10-01,2024-12-31,4,1646980,0.02
Oct 2024,BGD,165158616,first projection,2024-10-01,2024-12-31,5,0,0
Feb 2024,BGD,165158616,current,2024-02-01,2024-03-31,all,74209497,1.0
Feb 2024,BGD,165158616,current,2024-02-01,2024-03-31,3+,14581885,0.2
Feb 2024,BGD,165158616,current,2024-02-01,2024-03-31,1,31742270,0.42
Feb 2024,BGD,165158616,current,2024-02-01,2024-03-31,2,27885342,0.38
Feb 2024,BGD,165158616,current,2024-02-01,2024-03-31,3,14254138,0.19
Feb 2024,BGD,165158616,current,2024-02-01,2024-03-31,4,327747,0.01
Feb 2024,BGD,165158616,current,2024-02-01,2024-03-31,5,0,0
Feb 2024,BGD,165158616,first projection,2024-04-01,2024-10-31,all,74283840,1.0
Feb 2024,BGD,165158616,first projection,2024-04-01,2024-10-31,3+,16530681,0.22
Feb 2024,BGD,165158616,first projection,2024-04-01,2024-10-31,1,29251031,0.39
Feb 2024,BGD,165158616,first projection,2024-04-01,2024-10-31,2,28502128,0.38
Feb 2024,BGD,165158616,first projection,2024-04-01,2024-10-31,3,15745272,0.21
Feb 2024,BGD,165158616,first projection,2024-04-01,2024-10-31,4,785409,0.01
Feb 2024,BGD,165158616,first projection,2024-04-01,2024-10-31,5,0,0
Mar 2023,BGD,165158616,current,2023-03-01,2023-04-30,all,38236840,1.0
Mar 2023,BGD,165158616,current,2023-03-01,2023-04-30,3+,8906604,0.24
Mar 2023,BGD,165158616,current,2023-03-01,2023-04-30,1,15786775,0.41
Mar 2023,BGD,165158616,current,2023-03-01,2023-04-30,2,13543460,0.35
Mar 2023,BGD,165158616,current,2023-03-01,2023-04-30,3,7932649,0.21
Mar 2023,BGD,165158616,current,2023-03-01,2023-04-30,4,973955,0.03
Mar 2023,BGD,165158616,current,2023-03-01,2023-04-30,5,0,0
Mar 2023,BGD,165158616,first projection,2023-05-01,2023-09-30,all,38236840,1.0
Mar 2023,BGD,165158616,first projection,2023-05-01,2023-09-30,3+,11914086,0.31
Mar 2023,BGD,165158616,first projection,2023-05-01,2023-09-30,1,13425038,0.35
Mar 2023,BGD,165158616,first projection,2023-05-01,2023-09-30,2,12897716,0.34
Mar 2023,BGD,165158616,first projection,2023-05-01,2023-09-30,3,9694196,0.25
Mar 2023,BGD,165158616,first projection,2023-05-01,2023-09-30,4,2219890,0.06
Mar 2023,BGD,165158616,first projection,2023-05-01,2023-09-30,5,0,0
May 2026,CAF,6567377,first projection,2026-04-01,2026-08-31,all,6567377,1.0
May 2026,CAF,6567377,first projection,2026-04-01,2026-08-31,3+,2010162,0.31
May 2026,CAF,6567377,first projection,2026-04-01,2026-08-31,1,1835890,0.28
May 2026,CAF,6567377,first projection,2026-04-01,2026-08-31,2,2721333,0.41
May 2026,CAF,6567377,first projection,2026-04-01,2026-08-31,3,1747663,0.27
May 2026,CAF,6567377,first projection,2026-04-01,2026-08-31,4,262499,0.04
May 2026,CAF,6567377,first projection,2026-04-01,2026-08-31,5,0,0
Sep 2025,CAF,6567377,current,2025-09-01,2026-03-31,all,6567377,1.0
Sep 2025,CAF,6567377,current,2025-09-01,2026-03-31,3+,1928733,0.29
Sep 2025,CAF,6567377,current,2025-09-01,2026-03-31,1,1997502,0.3
Sep 2025,CAF,6567377,current,2025-09-01,2026-03-31,2,2641160,0.4
Sep 2025,CAF,6567377,current,2025-09-01,2026-03-31,3,1659522,0.25
Sep 2025,CAF,6567377,current,2025-09-01,2026-03-31,4,269211,0.04
Sep 2025,CAF,6567377,current,2025-09-01,2026-03-31,5,0,0
Sep 2025,CAF,6567377,first projection,2026-04-01,2026-08-31,all,6567377,1.0
Sep 2025,CAF,6567377,first projection,2026-04-01,2026-08-31,3+,2297807,0.35
Sep 2025,CAF,6567377,first projection,2026-04-01,2026-08-31,1,1669081,0.25
Sep 2025,CAF,6567377,first projection,2026-04-01,2026-08-31,2,2600506,0.4
Sep 2025,CAF,6567377,first projection,2026-04-01,2026-08-31,3,1899303,0.29
Sep 2025,CAF,6567377,first projection,2026-04-01,2026-08-31,4,398504,0.06
Sep 2025,CAF,6567377,first projection,2026-04-01,2026-08-31,5,0,0
May 2025,CAF,6502477,current,2025-05-01,2025-08-31,all,6502477,1.0
May 2025,CAF,6502477,current,2025-05-01,2025-08-31,3+,2224554,0.34
May 2025,CAF,6502477,current,2025-05-01,2025-08-31,1,1863845,0.29
May 2025,CAF,6502477,current,2025-05-01,2025-08-31,2,2414079,0.37
May 2025,CAF,6502477,current,2025-05-01,2025-08-31,3,1743894,0.27
May 2025,CAF,6502477,current,2025-05-01,2025-08-31,4,480660,0.07
May 2025,CAF,6502477,current,2025-05-01,2025-08-31,5,0,0
May 2025,CAF,6502477,first projection,2025-09-01,2026-03-31,all,6502477,1.0
May 2025,CAF,6502477,first projection,2025-09-01,2026-03-31,3+,1830746,0.28
May 2025,CAF,6502477,first projection,2025-09-01,2026-03-31,1,2017627,0.31
May 2025,CAF,6502477,first projection,2025-09-01,2026-03-31,2,2654104,0.41
May 2025,CAF,6502477,first projection,2025-09-01,2026-03-31,3,1543717,0.24
May 2025,CAF,6502477,first projection,2025-09-01,2026-03-31,4,287029,0.04
May 2025,CAF,6502477,first projection,2025-09-01,2026-03-31,5,0,0
Oct 2024,CAF,6470307,current,2024-09-01,2025-03-31,all,6470313,1.0
Oct 2024,CAF,6470307,current,2024-09-01,2025-03-31,3+,1970683,0.31
Oct 2024,CAF,6470307,current,2024-09-01,2025-03-31,1,1746917,0.27
Oct 2024,CAF,6470307,current,2024-09-01,2025-03-31,2,2752713,0.43
Oct 2024,CAF,6470307,current,2024-09-01,2025-03-31,3,1663412,0.26
Oct 2024,CAF,6470307,current,2024-09-01,2025-03-31,4,307271,0.05
Oct 2024,CAF,6470307,current,2024-09-01,2025-03-31,5,0,0
Oct 2024,CAF,6470307,first projection,2025-04-01,2025-08-31,all,6470313,1.0
Oct 2024,CAF,6470307,first projection,2025-04-01,2025-08-31,3+,2250572,0.35
Oct 2024,CAF,6470307,first projection,2025-04-01,2025-08-31,1,1519494,0.23
Oct 2024,CAF,6470307,first projection,2025-04-01,2025-08-31,2,2700247,0.42
Oct 2024,CAF,6470307,first projection,2025-04-01,2025-08-31,3,1820048,0.28
Oct 2024,CAF,6470307,first projection,2025-04-01,2025-08-31,4,430524,0.07
Oct 2024,CAF,6470307,first projection,2025-04-01,2025-08-31,5,0,0
Sep 2023,CAF,6128671,current,2023-09-01,2024-03-31,all,6128671,1.0
Sep 2023,CAF,6128671,current,2023-09-01,2024-03-31,3+,2019858,0.33
Sep 2023,CAF,6128671,current,2023-09-01,2024-03-31,1,1603687,0.26
Sep 2023,CAF,6128671,current,2023-09-01,2024-03-31,2,2505127,0.41
Sep 2023,CAF,6128671,current,2023-09-01,2024-03-31,3,1669168,0.27
Sep 2023,CAF,6128671,current,2023-09-01,2024-03-31,4,350690,0.06
Sep 2023,CAF,6128671,current,2023-09-01,2024-03-31,5,0,0
Sep 2023,CAF,6128671,first projection,2024-04-01,2024-08-31,all,6128671,1.0
Sep 2023,CAF,6128671,first projection,2024-04-01,2024-08-31,3+,2516926,0.41
Sep 2023,CAF,6128671,first projection,2024-04-01,2024-08-31,1,1261221,0.21
Sep 2023,CAF,6128671,first projection,2024-04-01,2024-08-31,2,2350523,0.38
Sep 2023,CAF,6128671,first projection,2024-04-01,2024-08-31,3,1996258,0.33
Sep 2023,CAF,6128671,first projection,2024-04-01,2024-08-31,4,520668,0.08
Sep 2023,CAF,6128671,first projection,2024-04-01,2024-08-31,5,0,0
Apr 2023,CAF,6128671,current,2023-04-01,2023-08-31,all,6128671,1.0
Apr 2023,CAF,6128671,current,2023-04-01,2023-08-31,3+,2388086,0.39
Apr 2023,CAF,6128671,current,2023-04-01,2023-08-31,1,1559101,0.25
Apr 2023,CAF,6128671,current,2023-04-01,2023-08-31,2,2181483,0.36
Apr 2023,CAF,6128671,current,2023-04-01,2023-08-31,3,1766459,0.29
Apr 2023,CAF,6128671,current,2023-04-01,2023-08-31,4,621627,0.1
Apr 2023,CAF,6128671,current,2023-04-01,2023-08-31,5,0,0
Apr 2023,CAF,6128671,first projection,2023-09-01,2024-03-31,all,6128671,1.0
Apr 2023,CAF,6128671,first projection,2023-09-01,2024-03-31,3+,2063990,0.34
Apr 2023,CAF,6128671,first projection,2023-09-01,2024-03-31,1,1788738,0.29
Apr 2023,CAF,6128671,first projection,2023-09-01,2024-03-31,2,2275942,0.37
Apr 2023,CAF,6128671,first projection,2023-09-01,2024-03-31,3,1685592,0.28
Apr 2023,CAF,6128671,first projection,2023-09-01,2024-03-31,4,378399,0.06
Apr 2023,CAF,6128671,first projection,2023-09-01,2024-03-31,5,0,0
Sep 2022,CAF,6091097,current,2022-09-01,2023-03-31,all,6091097,1.0
Sep 2022,CAF,6091097,current,2022-09-01,2023-03-31,3+,2652693,0.44
Sep 2022,CAF,6091097,current,2022-09-01,2023-03-31,1,1434325,0.23
Sep 2022,CAF,6091097,current,2022-09-01,2023-03-31,2,2004079,0.33
Sep 2022,CAF,6091097,current,2022-09-01,2023-03-31,3,2011128,0.33
Sep 2022,CAF,6091097,current,2022-09-01,2023-03-31,4,641565,0.11
Sep 2022,CAF,6091097,current,2022-09-01,2023-03-31,5,0,0
Sep 2022,CAF,6091097,first projection,2023-04-01,2023-08-31,all,6091097,1.0
Sep 2022,CAF,6091097,first projection,2023-04-01,2023-08-31,3+,2990342,0.49
Sep 2022,CAF,6091097,first projection,2023-04-01,2023-08-31,1,1235525,0.2
Sep 2022,CAF,6091097,first projection,2023-04-01,2023-08-31,2,1865230,0.31
Sep 2022,CAF,6091097,first projection,2023-04-01,2023-08-31,3,2183556,0.36
Sep 2022,CAF,6091097,first projection,2023-04-01,2023-08-31,4,806785,0.13
Sep 2022,CAF,6091097,first projection,2023-04-01,2023-08-31,5,0,0
Mar 2022,CAF,5677026,first projection,2022-04-01,2022-08-31,all,4946679,1.0
Mar 2022,CAF,5677026,first projection,2022-04-01,2022-08-31,3+,2208902,0.45
Mar 2022,CAF,5677026,first projection,2022-04-01,2022-08-31,1,1226085,0.24
Mar 2022,CAF,5677026,first projection,2022-04-01,2022-08-31,2,1511692,0.31
Mar 2022,CAF,5677026,first projection,2022-04-01,2022-08-31,3,1570882,0.32
Mar 2022,CAF,5677026,first projection,2022-04-01,2022-08-31,4,638021,0.13
Mar 2022,CAF,5677026,first projection,2022-04-01,2022-08-31,5,0,0
Sep 2021,CAF,5677026,current,2021-09-01,2022-03-31,all,4942732,1.0
Sep 2021,CAF,5677026,current,2021-09-01,2022-03-31,3+,2095278,0.43
Sep 2021,CAF,5677026,current,2021-09-01,2022-03-31,1,1194811,0.24
Sep 2021,CAF,5677026,current,2021-09-01,2022-03-31,2,1652643,0.33
Sep 2021,CAF,5677026,current,2021-09-01,2022-03-31,3,1475713,0.3
Sep 2021,CAF,5677026,current,2021-09-01,2022-03-31,4,619565,0.13
Sep 2021,CAF,5677026,current,2021-09-01,2022-03-31,5,0,0
Sep 2021,CAF,5677026,first projection,2022-04-01,2022-08-31,all,4942732,1.0
Sep 2021,CAF,5677026,first projection,2022-04-01,2022-08-31,3+,2359937,0.48
Sep 2021,CAF,5677026,first projection,2022-04-01,2022-08-31,1,1054513,0.21
Sep 2021,CAF,5677026,first projection,2022-04-01,2022-08-31,2,1528283,0.31
Sep 2021,CAF,5677026,first projection,2022-04-01,2022-08-31,3,1671055,0.34
Sep 2021,CAF,5677026,first projection,2022-04-01,2022-08-31,4,688882,0.14
Sep 2021,CAF,5677026,first projection,2022-04-01,2022-08-31,5,0,0
Feb 2021,CAF,4900000,first projection,2021-04-01,2021-08-31,all,4879385,1.0
Feb 2021,CAF,4900000,first projection,2021-04-01,2021-08-31,3+,2289736,0.47
Feb 2021,CAF,4900000,first projection,2021-04-01,2021-08-31,1,998450,0.2
Feb 2021,CAF,4900000,first projection,2021-04-01,2021-08-31,2,1591200,0.33
Feb 2021,CAF,4900000,first projection,2021-04-01,2021-08-31,3,1657212,0.34
Feb 2021,CAF,4900000,first projection,2021-04-01,2021-08-31,4,632524,0.13
Feb 2021,CAF,4900000,first projection,2021-04-01,2021-08-31,5,0,0
Nov 2025,CIV,32244165,current,2025-10-01,2025-12-31,all,24801516,1.0
Nov 2025,CIV,32244165,current,2025-10-01,2025-12-31,3+,1033335,0.04
Nov 2025,CIV,32244165,current,2025-10-01,2025-12-31,1,20438045,0.82
Nov 2025,CIV,32244165,current,2025-10-01,2025-12-31,2,3330136,0.13
Nov 2025,CIV,32244165,current,2025-10-01,2025-12-31,3,1023636,0.04
Nov 2025,CIV,32244165,current,2025-10-01,2025-12-31,4,9699,0
Nov 2025,CIV,32244165,current,2025-10-01,2025-12-31,5,0,0
Nov 2025,CIV,32244165,first projection,2026-06-01,2026-08-31,all,24801516,1.0
Nov 2025,CIV,32244165,first projection,2026-06-01,2026-08-31,3+,1326912,0.05
Nov 2025,CIV,32244165,first projection,2026-06-01,2026-08-31,1,19574253,0.79
Nov 2025,CIV,32244165,first projection,2026-06-01,2026-08-31,2,3900350,0.16
Nov 2025,CIV,32244165,first projection,2026-06-01,2026-08-31,3,1312364,0.05
Nov 2025,CIV,32244165,first projection,2026-06-01,2026-08-31,4,14548,0
Nov 2025,CIV,32244165,first projection,2026-06-01,2026-08-31,5,0,0
Mar 2025,CIV,24601202,current,2025-03-01,2025-05-31,all,24601202,1.0
Mar 2025,CIV,24601202,current,2025-03-01,2025-05-31,3+,1240416,0.05
Mar 2025,CIV,24601202,current,2025-03-01,2025-05-31,1,19928178,0.81
Mar 2025,CIV,24601202,current,2025-03-01,2025-05-31,2,3432608,0.14
Mar 2025,CIV,24601202,current,2025-03-01,2025-05-31,3,1186708,0.05
Mar 2025,CIV,24601202,current,2025-03-01,2025-05-31,4,53708,0
Mar 2025,CIV,24601202,current,2025-03-01,2025-05-31,5,0,0
Mar 2025,CIV,24601202,first projection,2025-06-01,2025-08-31,all,24601202,1.0
Mar 2025,CIV,24601202,first projection,2025-06-01,2025-08-31,3+,1213931,0.05
Mar 2025,CIV,24601202,first projection,2025-06-01,2025-08-31,1,20028369,0.81
Mar 2025,CIV,24601202,first projection,2025-06-01,2025-08-31,2,3358902,0.14
Mar 2025,CIV,24601202,first projection,2025-06-01,2025-08-31,3,1169560,0.05
Mar 2025,CIV,24601202,first projection,2025-06-01,2025-08-31,4,44371,0
Mar 2025,CIV,24601202,first projection,2025-06-01,2025-08-31,5,0,0
Nov 2024,CIV,24601202,current,2024-10-01,2024-12-31,all,24601202,1.0
Nov 2024,CIV,24601202,current,2024-10-01,2024-12-31,3+,693659,0.03
Nov 2024,CIV,24601202,current,2024-10-01,2024-12-31,1,20264094,0.82
Nov 2024,CIV,24601202,current,2024-10-01,2024-12-31,2,3643450,0.15
Nov 2024,CIV,24601202,current,2024-10-01,2024-12-31,3,693659,0.03
Nov 2024,CIV,24601202,current,2024-10-01,2024-12-31,4,0,0
Nov 2024,CIV,24601202,current,2024-10-01,2024-12-31,5,0,0
Nov 2024,CIV,24601202,first projection,2025-06-01,2025-08-31,all,24601202,1.0
Nov 2024,CIV,24601202,first projection,2025-06-01,2025-08-31,3+,928820,0.04
Nov 2024,CIV,24601202,first projection,2025-06-01,2025-08-31,1,19291771,0.78
Nov 2024,CIV,24601202,first projection,2025-06-01,2025-08-31,2,4380610,0.18
Nov 2024,CIV,24601202,first projection,2025-06-01,2025-08-31,3,928820,0.04
Nov 2024,CIV,24601202,first projection,2025-06-01,2025-08-31,4,0,0
Nov 2024,CIV,24601202,first projection,2025-06-01,2025-08-31,5,0,0
Mar 2024,CIV,31089121,current,2024-03-01,2024-05-31,all,23943267,1.0
Mar 2024,CIV,31089121,current,2024-03-01,2024-05-31,3+,900575,0.04
Mar 2024,CIV,31089121,current,2024-03-01,2024-05-31,1,19186269,0.8
Mar 2024,CIV,31089121,current,2024-03-01,2024-05-31,2,3856423,0.16
Mar 2024,CIV,31089121,current,2024-03-01,2024-05-31,3,900575,0.04
Mar 2024,CIV,31089121,current,2024-03-01,2024-05-31,4,0,0
Mar 2024,CIV,31089121,current,2024-03-01,2024-05-31,5,0,0
Mar 2024,CIV,31089121,first projection,2024-06-01,2024-08-31,all,23943267,1.0
Mar 2024,CIV,31089121,first projection,2024-06-01,2024-08-31,3+,922490,0.04
Mar 2024,CIV,31089121,first projection,2024-06-01,2024-08-31,1,19197795,0.8
Mar 2024,CIV,31089121,first projection,2024-06-01,2024-08-31,2,3822982,0.16
Mar 2024,CIV,31089121,first projection,2024-06-01,2024-08-31,3,922490,0.04
Mar 2024,CIV,31089121,first projection,2024-06-01,2024-08-31,4,0,0
Mar 2024,CIV,31089121,first projection,2024-06-01,2024-08-31,5,0,0
Nov 2023,CIV,29389150,current,2023-10-01,2023-12-31,all,23943267,1.0
Nov 2023,CIV,29389150,current,2023-10-01,2023-12-31,3+,800985,0.03
Nov 2023,CIV,29389150,current,2023-10-01,2023-12-31,1,19931507,0.83
Nov 2023,CIV,29389150,current,2023-10-01,2023-12-31,2,3210775,0.13
Nov 2023,CIV,29389150,current,2023-10-01,2023-12-31,3,800985,0.03
Nov 2023,CIV,29389150,current,2023-10-01,2023-12-31,4,0,0
Nov 2023,CIV,29389150,current,2023-10-01,2023-12-31,5,0,0
Nov 2023,CIV,29389150,first projection,2024-06-01,2024-08-31,all,23943267,1.0
Nov 2023,CIV,29389150,first projection,2024-06-01,2024-08-31,3+,1001819,0.04
Nov 2023,CIV,29389150,first projection,2024-06-01,2024-08-31,1,18889668,0.79
Nov 2023,CIV,29389150,first projection,2024-06-01,2024-08-31,2,4051781,0.17
Nov 2023,CIV,29389150,first projection,2024-06-01,2024-08-31,3,1001819,0.04
Nov 2023,CIV,29389150,first projection,2024-06-01,2024-08-31,4,0,0
Nov 2023,CIV,29389150,first projection,2024-06-01,2024-08-31,5,0,0
Mar 2023,CIV,29389150,current,2023-03-01,2023-05-31,all,21811388,1.0
Mar 2023,CIV,29389150,current,2023-03-01,2023-05-31,3+,870329,0.04
Mar 2023,CIV,29389150,current,2023-03-01,2023-05-31,1,18025849,0.83
Mar 2023,CIV,29389150,current,2023-03-01,2023-05-31,2,2915210,0.13
Mar 2023,CIV,29389150,current,2023-03-01,2023-05-31,3,870329,0.04
Mar 2023,CIV,29389150,current,2023-03-01,2023-05-31,4,0,0
Mar 2023,CIV,29389150,current,2023-03-01,2023-05-31,5,0,0
Mar 2023,CIV,29389150,first projection,2023-06-01,2023-08-31,all,21811388,1.0
Mar 2023,CIV,29389150,first projection,2023-06-01,2023-08-31,3+,1017799,0.05
Mar 2023,CIV,29389150,first projection,2023-06-01,2023-08-31,1,17337572,0.79
Mar 2023,CIV,29389150,first projection,2023-06-01,2023-08-31,2,3456017,0.16
Mar 2023,CIV,29389150,first projection,2023-06-01,2023-08-31,3,1017799,0.05
Mar 2023,CIV,29389150,first projection,2023-06-01,2023-08-31,4,0,0
Mar 2023,CIV,29389150,first projection,2023-06-01,2023-08-31,5,0,0
Oct 2022,CIV,29389150,current,2022-10-01,2022-12-31,all,21055640,1.0
Oct 2022,CIV,29389150,current,2022-10-01,2022-12-31,3+,849333,0.04
Oct 2022,CIV,29389150,current,2022-10-01,2022-12-31,1,16810857,0.8
Oct 2022,CIV,29389150,current,2022-10-01,2022-12-31,2,3395450,0.16
Oct 2022,CIV,29389150,current,2022-10-01,2022-12-31,3,812942,0.04
Oct 2022,CIV,29389150,current,2022-10-01,2022-12-31,4,36391,0
Oct 2022,CIV,29389150,current,2022-10-01,2022-12-31,5,0,0
Oct 2022,CIV,29389150,first projection,2023-06-01,2023-08-31,all,21055640,1.0
Oct 2022,CIV,29389150,first projection,2023-06-01,2023-08-31,3+,995994,0.05
Oct 2022,CIV,29389150,first projection,2023-06-01,2023-08-31,1,16359685,0.78
Oct 2022,CIV,29389150,first projection,2023-06-01,2023-08-31,2,3699961,0.18
Oct 2022,CIV,29389150,first projection,2023-06-01,2023-08-31,3,959537,0.05
Oct 2022,CIV,29389150,first projection,2023-06-01,2023-08-31,4,36457,0
Oct 2022,CIV,29389150,first projection,2023-06-01,2023-08-31,5,0,0
Mar 2022,CIV,27725186,current,2022-03-01,2022-05-31,all,7076154,1.0
Mar 2022,CIV,27725186,current,2022-03-01,2022-05-31,3+,305957,0.04
Mar 2022,CIV,27725186,current,2022-03-01,2022-05-31,1,5415303,0.77
Mar 2022,CIV,27725186,current,2022-03-01,2022-05-31,2,1354894,0.19
Mar 2022,CIV,27725186,current,2022-03-01,2022-05-31,3,305957,0.04
Mar 2022,CIV,27725186,current,2022-03-01,2022-05-31,4,0,0
Mar 2022,CIV,27725186,current,2022-03-01,2022-05-31,5,0,0
Mar 2022,CIV,27725186,first projection,2022-06-01,2022-08-31,all,16059751,1.0
Mar 2022,CIV,27725186,first projection,2022-06-01,2022-08-31,3+,662002,0.04
Mar 2022,CIV,27725186,first projection,2022-06-01,2022-08-31,1,12294031,0.77
Mar 2022,CIV,27725186,first projection,2022-06-01,2022-08-31,2,3103718,0.19
Mar 2022,CIV,27725186,first projection,2022-06-01,2022-08-31,3,662002,0.04
Mar 2022,CIV,27725186,first projection,2022-06-01,2022-08-31,4,0,0
Mar 2022,CIV,27725186,first projection,2022-06-01,2022-08-31,5,0,0
Oct 2021,CIV,27725186,current,2021-10-01,2021-12-31,all,16059751,1.0
Oct 2021,CIV,27725186,current,2021-10-01,2021-12-31,3+,944561,0.06
Oct 2021,CIV,27725186,current,2021-10-01,2021-12-31,1,12303872,0.77
Oct 2021,CIV,27725186,current,2021-10-01,2021-12-31,2,2811318,0.18
Oct 2021,CIV,27725186,current,2021-10-01,2021-12-31,3,944561,0.06
Oct 2021,CIV,27725186,current,2021-10-01,2021-12-31,4,0,0
Oct 2021,CIV,27725186,current,2021-10-01,2021-12-31,5,0,0
Oct 2021,CIV,27725186,first projection,2022-06-01,2022-08-31,all,16059751,1.0
Oct 2021,CIV,27725186,first projection,2022-06-01,2022-08-31,3+,866812,0.05
Oct 2021,CIV,27725186,first projection,2022-06-01,2022-08-31,1,12103666,0.75
Oct 2021,CIV,27725186,first projection,2022-06-01,2022-08-31,2,3089274,0.19
Oct 2021,CIV,27725186,first projection,2022-06-01,2022-08-31,3,866812,0.05
Oct 2021,CIV,27725186,first projection,2022-06-01,2022-08-31,4,0,0
Oct 2021,CIV,27725186,first projection,2022-06-01,2022-08-31,5,0,0
Mar 2021,CIV,26453539,current,2021-03-01,2021-05-31,all,12757736,1.0
Mar 2021,CIV,26453539,current,2021-03-01,2021-05-31,3+,487290,0.03
Mar 2021,CIV,26453539,current,2021-03-01,2021-05-31,1,10101534,0.79
Mar 2021,CIV,26453539,current,2021-03-01,2021-05-31,2,2168912,0.17
Mar 2021,CIV,26453539,current,2021-03-01,2021-05-31,3,443749,0.03
Mar 2021,CIV,26453539,current,2021-03-01,2021-05-31,4,43542,0
Mar 2021,CIV,26453539,current,2021-03-01,2021-05-31,5,0,0
Mar 2021,CIV,26453539,first projection,2021-06-01,2021-08-31,all,12757736,1.0
Mar 2021,CIV,26453539,first projection,2021-06-01,2021-08-31,3+,580628,0.04
Mar 2021,CIV,26453539,first projection,2021-06-01,2021-08-31,1,9688098,0.76
Mar 2021,CIV,26453539,first projection,2021-06-01,2021-08-31,2,2489010,0.2
Mar 2021,CIV,26453539,first projection,2021-06-01,2021-08-31,3,521857,0.04
Mar 2021,CIV,26453539,first projection,2021-06-01,2021-08-31,4,58771,0
Mar 2021,CIV,26453539,first projection,2021-06-01,2021-08-31,5,0,0
Oct 2025,CMR,29414763,current,2025-10-01,2025-12-31,all,29414764,1.0
Oct 2025,CMR,29414763,current,2025-10-01,2025-12-31,3+,3120294,0.11
Oct 2025,CMR,29414763,current,2025-10-01,2025-12-31,1,20100391,0.68
Oct 2025,CMR,29414763,current,2025-10-01,2025-12-31,2,6194078,0.21
Oct 2025,CMR,29414763,current,2025-10-01,2025-12-31,3,2870988,0.1
Oct 2025,CMR,29414763,current,2025-10-01,2025-12-31,4,249306,0.01
Oct 2025,CMR,29414763,current,2025-10-01,2025-12-31,5,0,0
Oct 2025,CMR,29414763,first projection,2026-06-01,2026-08-31,all,29414764,1.0
Oct 2025,CMR,29414763,first projection,2026-06-01,2026-08-31,3+,2856753,0.1
Oct 2025,CMR,29414763,first projection,2026-06-01,2026-08-31,1,20345731,0.69
Oct 2025,CMR,29414763,first projection,2026-06-01,2026-08-31,2,6212280,0.21
Oct 2025,CMR,29414763,first projection,2026-06-01,2026-08-31,3,2607194,0.09
Oct 2025,CMR,29414763,first projection,2026-06-01,2026-08-31,4,249559,0.01
Oct 2025,CMR,29414763,first projection,2026-06-01,2026-08-31,5,0,0
Mar 2025,CMR,28456069,current,2025-03-01,2025-05-31,all,0,1.0
Mar 2025,CMR,28456069,current,2025-03-01,2025-05-31,3+,0,0
Mar 2025,CMR,28456069,current,2025-03-01,2025-05-31,1,0,0
Mar 2025,CMR,28456069,current,2025-03-01,2025-05-31,2,0,0
Mar 2025,CMR,28456069,current,2025-03-01,2025-05-31,3,0,0
Mar 2025,CMR,28456069,current,2025-03-01,2025-05-31,4,0,0
Mar 2025,CMR,28456069,current,2025-03-01,2025-05-31,5,0,0
Mar 2025,CMR,28456069,first projection,2025-06-01,2025-08-31,all,28456069,1.0
Mar 2025,CMR,28456069,first projection,2025-06-01,2025-08-31,3+,2620492,0.09
Mar 2025,CMR,28456069,first projection,2025-06-01,2025-08-31,1,20379127,0.72
Mar 2025,CMR,28456069,first projection,2025-06-01,2025-08-31,2,5456450,0.19
Mar 2025,CMR,28456069,first projection,2025-06-01,2025-08-31,3,2310847,0.08
Mar 2025,CMR,28456069,first projection,2025-06-01,2025-08-31,4,309645,0.01
Mar 2025,CMR,28456069,first projection,2025-06-01,2025-08-31,5,0,0
Nov 2024,CMR,28456069,current,2024-10-01,2024-12-31,all,28456069,1.0
Nov 2024,CMR,28456069,current,2024-10-01,2024-12-31,3+,3080145,0.11
Nov 2024,CMR,28456069,current,2024-10-01,2024-12-31,1,19507779,0.69
Nov 2024,CMR,28456069,current,2024-10-01,2024-12-31,2,5868144,0.21
Nov 2024,CMR,28456069,current,2024-10-01,2024-12-31,3,2814832,0.1
Nov 2024,CMR,28456069,current,2024-10-01,2024-12-31,4,265314,0.01
Nov 2024,CMR,28456069,current,2024-10-01,2024-12-31,5,0,0
Nov 2024,CMR,28456069,first projection,2025-06-01,2025-08-31,all,28456069,1.0
Nov 2024,CMR,28456069,first projection,2025-06-01,2025-08-31,3+,2745751,0.1
Nov 2024,CMR,28456069,first projection,2025-06-01,2025-08-31,1,20159584,0.71
Nov 2024,CMR,28456069,first projection,2025-06-01,2025-08-31,2,5550733,0.2
Nov 2024,CMR,28456069,first projection,2025-06-01,2025-08-31,3,2514748,0.09
Nov 2024,CMR,28456069,first projection,2025-06-01,2025-08-31,4,231003,0.01
Nov 2024,CMR,28456069,first projection,2025-06-01,2025-08-31,5,0,0
Mar 2024,CMR,27816297,current,2024-03-01,2024-05-31,all,27816297,1.0
Mar 2024,CMR,27816297,current,2024-03-01,2024-05-31,3+,2796436,0.1
Mar 2024,CMR,27816297,current,2024-03-01,2024-05-31,1,19382007,0.7
Mar 2024,CMR,27816297,current,2024-03-01,2024-05-31,2,5637855,0.2
Mar 2024,CMR,27816297,current,2024-03-01,2024-05-31,3,2711674,0.1
Mar 2024,CMR,27816297,current,2024-03-01,2024-05-31,4,84762,0
Mar 2024,CMR,27816297,current,2024-03-01,2024-05-31,5,0,0
Mar 2024,CMR,27816297,first projection,2024-06-01,2024-08-31,all,27816297,1.0
Mar 2024,CMR,27816297,first projection,2024-06-01,2024-08-31,3+,2465493,0.08
Mar 2024,CMR,27816297,first projection,2024-06-01,2024-08-31,1,20233786,0.73
Mar 2024,CMR,27816297,first projection,2024-06-01,2024-08-31,2,5117018,0.18
Mar 2024,CMR,27816297,first projection,2024-06-01,2024-08-31,3,2352165,0.08
Mar 2024,CMR,27816297,first projection,2024-06-01,2024-08-31,4,113328,0
Mar 2024,CMR,27816297,first projection,2024-06-01,2024-08-31,5,0,0
Nov 2023,CMR,27190906,current,2023-10-01,2023-12-31,all,27816297,1.0
Nov 2023,CMR,27190906,current,2023-10-01,2023-12-31,3+,2939648,0.11
Nov 2023,CMR,27190906,current,2023-10-01,2023-12-31,1,19105297,0.69
Nov 2023,CMR,27190906,current,2023-10-01,2023-12-31,2,5771352,0.21
Nov 2023,CMR,27190906,current,2023-10-01,2023-12-31,3,2939648,0.11
Nov 2023,CMR,27190906,current,2023-10-01,2023-12-31,4,0,0
Nov 2023,CMR,27190906,current,2023-10-01,2023-12-31,5,0,0
Nov 2023,CMR,27190906,first projection,2024-06-01,2024-08-31,all,27816297,1.0
Nov 2023,CMR,27190906,first projection,2024-06-01,2024-08-31,3+,2504329,0.09
Nov 2023,CMR,27190906,first projection,2024-06-01,2024-08-31,1,20103186,0.72
Nov 2023,CMR,27190906,first projection,2024-06-01,2024-08-31,2,5208782,0.19
Nov 2023,CMR,27190906,first projection,2024-06-01,2024-08-31,3,2504329,0.09
Nov 2023,CMR,27190906,first projection,2024-06-01,2024-08-31,4,0,0
Nov 2023,CMR,27190906,first projection,2024-06-01,2024-08-31,5,0,0
Mar 2023,CMR,27190906,current,2023-03-01,2023-05-31,all,27122929,1.0
Mar 2023,CMR,27190906,current,2023-03-01,2023-05-31,3+,3012103,0.11
Mar 2023,CMR,27190906,current,2023-03-01,2023-05-31,1,18017108,0.66
Mar 2023,CMR,27190906,current,2023-03-01,2023-05-31,2,6093718,0.22
Mar 2023,CMR,27190906,current,2023-03-01,2023-05-31,3,2676204,0.1
Mar 2023,CMR,27190906,current,2023-03-01,2023-05-31,4,335899,0.01
Mar 2023,CMR,27190906,current,2023-03-01,2023-05-31,5,0,0
Mar 2023,CMR,27190906,first projection,2023-06-01,2023-08-31,all,27122929,1.0
Mar 2023,CMR,27190906,first projection,2023-06-01,2023-08-31,3+,2357305,0.09
Mar 2023,CMR,27190906,first projection,2023-06-01,2023-08-31,1,19554013,0.72
Mar 2023,CMR,27190906,first projection,2023-06-01,2023-08-31,2,5211611,0.19
Mar 2023,CMR,27190906,first projection,2023-06-01,2023-08-31,3,2088718,0.08
Mar 2023,CMR,27190906,first projection,2023-06-01,2023-08-31,4,268587,0.01
Mar 2023,CMR,27190906,first projection,2023-06-01,2023-08-31,5,0,0
Oct 2022,CMR,27190906,current,2022-10-01,2022-12-31,all,27190905,1.0
Oct 2022,CMR,27190906,current,2022-10-01,2022-12-31,3+,3597014,0.13
Oct 2022,CMR,27190906,current,2022-10-01,2022-12-31,1,16825442,0.62
Oct 2022,CMR,27190906,current,2022-10-01,2022-12-31,2,6768449,0.25
Oct 2022,CMR,27190906,current,2022-10-01,2022-12-31,3,3356781,0.12
Oct 2022,CMR,27190906,current,2022-10-01,2022-12-31,4,240233,0.01
Oct 2022,CMR,27190906,current,2022-10-01,2022-12-31,5,0,0
Oct 2022,CMR,27190906,first projection,2023-06-01,2023-08-31,all,27190905,1.0
Oct 2022,CMR,27190906,first projection,2023-06-01,2023-08-31,3+,3234556,0.12
Oct 2022,CMR,27190906,first projection,2023-06-01,2023-08-31,1,17904328,0.66
Oct 2022,CMR,27190906,first projection,2023-06-01,2023-08-31,2,6052021,0.22
Oct 2022,CMR,27190906,first projection,2023-06-01,2023-08-31,3,3028257,0.11
Oct 2022,CMR,27190906,first projection,2023-06-01,2023-08-31,4,206299,0.01
Oct 2022,CMR,27190906,first projection,2023-06-01,2023-08-31,5,0,0
Mar 2022,CMR,26553619,current,2022-03-01,2022-05-31,all,26553615,1.0
Mar 2022,CMR,26553619,current,2022-03-01,2022-05-31,3+,2865906,0.11
Mar 2022,CMR,26553619,current,2022-03-01,2022-05-31,1,17605477,0.66
Mar 2022,CMR,26553619,current,2022-03-01,2022-05-31,2,6082233,0.23
Mar 2022,CMR,26553619,current,2022-03-01,2022-05-31,3,2612053,0.1
Mar 2022,CMR,26553619,current,2022-03-01,2022-05-31,4,253853,0.01
Mar 2022,CMR,26553619,current,2022-03-01,2022-05-31,5,0,0
Mar 2022,CMR,26553619,first projection,2022-06-01,2022-08-31,all,26553615,1.0
Mar 2022,CMR,26553619,first projection,2022-06-01,2022-08-31,3+,2413288,0.09
Mar 2022,CMR,26553619,first projection,2022-06-01,2022-08-31,1,18450739,0.69
Mar 2022,CMR,26553619,first projection,2022-06-01,2022-08-31,2,5689589,0.21
Mar 2022,CMR,26553619,first projection,2022-06-01,2022-08-31,3,2228137,0.08
Mar 2022,CMR,26553619,first projection,2022-06-01,2022-08-31,4,185150,0.01
Mar 2022,CMR,26553619,first projection,2022-06-01,2022-08-31,5,0,0
Oct 2021,CMR,26553619,current,2021-10-01,2021-12-31,all,26553615,1.0
Oct 2021,CMR,26553619,current,2021-10-01,2021-12-31,3+,2430110,0.1
Oct 2021,CMR,26553619,current,2021-10-01,2021-12-31,1,17478088,0.66
Oct 2021,CMR,26553619,current,2021-10-01,2021-12-31,2,6645417,0.25
Oct 2021,CMR,26553619,current,2021-10-01,2021-12-31,3,2272872,0.09
Oct 2021,CMR,26553619,current,2021-10-01,2021-12-31,4,157238,0.01
Oct 2021,CMR,26553619,current,2021-10-01,2021-12-31,5,0,0
Oct 2021,CMR,26553619,first projection,2022-06-01,2022-08-31,all,26553615,1.0
Oct 2021,CMR,26553619,first projection,2022-06-01,2022-08-31,3+,2383868,0.09
Oct 2021,CMR,26553619,first projection,2022-06-01,2022-08-31,1,17878586,0.67
Oct 2021,CMR,26553619,first projection,2022-06-01,2022-08-31,2,6291161,0.24
Oct 2021,CMR,26553619,first projection,2022-06-01,2022-08-31,3,2206249,0.08
Oct 2021,CMR,26553619,first projection,2022-06-01,2022-08-31,4,177619,0.01
Oct 2021,CMR,26553619,first projection,2022-06-01,2022-08-31,5,0,0
Mar 2021,CMR,25931268,current,2021-03-01,2021-05-31,all,25931268,1.0
Mar 2021,CMR,25931268,current,2021-03-01,2021-05-31,3+,2625472,0.1
Mar 2021,CMR,25931268,current,2021-03-01,2021-05-31,1,17458393,0.67
Mar 2021,CMR,25931268,current,2021-03-01,2021-05-31,2,5847403,0.23
Mar 2021,CMR,25931268,current,2021-03-01,2021-05-31,3,2364914,0.09
Mar 2021,CMR,25931268,current,2021-03-01,2021-05-31,4,260558,0.01
Mar 2021,CMR,25931268,current,2021-03-01,2021-05-31,5,0,0
Mar 2021,CMR,25931268,first projection,2021-06-01,2021-08-31,all,25931268,1.0
Mar 2021,CMR,25931268,first projection,2021-06-01,2021-08-31,3+,1920802,0.08
Mar 2021,CMR,25931268,first projection,2021-06-01,2021-08-31,1,19493119,0.75
Mar 2021,CMR,25931268,first projection,2021-06-01,2021-08-31,2,4517348,0.17
Mar 2021,CMR,25931268,first projection,2021-06-01,2021-08-31,3,1700201,0.07
Mar 2021,CMR,25931268,first projection,2021-06-01,2021-08-31,4,220601,0.01
Mar 2021,CMR,25931268,first projection,2021-06-01,2021-08-31,5,0,0
Apr 2026,COD,118153541,first projection,2026-01-01,2026-06-30,all,117258489,1.0
Apr 2026,COD,118153541,first projection,2026-01-01,2026-06-30,3+,26501320,0.23
Apr 2026,COD,118153541,first projection,2026-01-01,2026-06-30,1,37272227,0.32
Apr 2026,COD,118153541,first projection,2026-01-01,2026-06-30,2,53143861,0.45
Apr 2026,COD,118153541,first projection,2026-01-01,2026-06-30,3,22873371,0.2
Apr 2026,COD,118153541,first projection,2026-01-01,2026-06-30,4,3627949,0.03
Apr 2026,COD,118153541,first projection,2026-01-01,2026-06-30,5,0,0
Sep 2025,COD,118153541,current,2025-09-01,2025-12-31,all,116917366,1.0
Sep 2025,COD,118153541,current,2025-09-01,2025-12-31,3+,24812776,0.21
Sep 2025,COD,118153541,current,2025-09-01,2025-12-31,1,38613182,0.33
Sep 2025,COD,118153541,current,2025-09-01,2025-12-31,2,53491444,0.46
Sep 2025,COD,118153541,current,2025-09-01,2025-12-31,3,21583110,0.18
Sep 2025,COD,118153541,current,2025-09-01,2025-12-31,4,3229666,0.03
Sep 2025,COD,118153541,current,2025-09-01,2025-12-31,5,0,0
Sep 2025,COD,118153541,first projection,2026-01-01,2026-06-30,all,116917366,1.0
Sep 2025,COD,118153541,first projection,2026-01-01,2026-06-30,3+,26687653,0.22
Sep 2025,COD,118153541,first projection,2026-01-01,2026-06-30,1,36832400,0.32
Sep 2025,COD,118153541,first projection,2026-01-01,2026-06-30,2,53397354,0.46
Sep 2025,COD,118153541,first projection,2026-01-01,2026-06-30,3,22739874,0.19
Sep 2025,COD,118153541,first projection,2026-01-01,2026-06-30,4,3947779,0.03
Sep 2025,COD,118153541,first projection,2026-01-01,2026-06-30,5,0,0
Mar 2025,COD,118153541,first projection,2025-01-01,2025-06-30,all,115881715,1.0
Mar 2025,COD,118153541,first projection,2025-01-01,2025-06-30,3+,27747028,0.24
Mar 2025,COD,118153541,first projection,2025-01-01,2025-06-30,1,36593728,0.32
Mar 2025,COD,118153541,first projection,2025-01-01,2025-06-30,2,51540959,0.44
Mar 2025,COD,118153541,first projection,2025-01-01,2025-06-30,3,23843372,0.21
Mar 2025,COD,118153541,first projection,2025-01-01,2025-06-30,4,3903656,0.03
Mar 2025,COD,118153541,first projection,2025-01-01,2025-06-30,5,0,0
Sep 2024,COD,118153541,current,2024-09-01,2024-12-31,all,115881715,1.0
Sep 2024,COD,118153541,current,2024-09-01,2024-12-31,3+,25552751,0.22
Sep 2024,COD,118153541,current,2024-09-01,2024-12-31,1,39378420,0.34
Sep 2024,COD,118153541,current,2024-09-01,2024-12-31,2,50950544,0.44
Sep 2024,COD,118153541,current,2024-09-01,2024-12-31,3,22436761,0.19
Sep 2024,COD,118153541,current,2024-09-01,2024-12-31,4,3115990,0.03
Sep 2024,COD,118153541,current,2024-09-01,2024-12-31,5,0,0
Sep 2024,COD,118153541,first projection,2025-01-01,2025-06-30,all,115881715,1.0
Sep 2024,COD,118153541,first projection,2025-01-01,2025-06-30,3+,25494607,0.22
Sep 2024,COD,118153541,first projection,2025-01-01,2025-06-30,1,38916344,0.34
Sep 2024,COD,118153541,first projection,2025-01-01,2025-06-30,2,51470764,0.44
Sep 2024,COD,118153541,first projection,2025-01-01,2025-06-30,3,22243071,0.19
Sep 2024,COD,118153541,first projection,2025-01-01,2025-06-30,4,3251536,0.03
Sep 2024,COD,118153541,first projection,2025-01-01,2025-06-30,5,0,0
Aug 2023,COD,113607141,current,2023-07-01,2023-12-31,all,109594986,1.0
Aug 2023,COD,113607141,current,2023-07-01,2023-12-31,3+,25397915,0.23
Aug 2023,COD,113607141,current,2023-07-01,2023-12-31,1,34456568,0.32
Aug 2023,COD,113607141,current,2023-07-01,2023-12-31,2,49740503,0.45
Aug 2023,COD,113607141,current,2023-07-01,2023-12-31,3,21866626,0.2
Aug 2023,COD,113607141,current,2023-07-01,2023-12-31,4,3531289,0.03
Aug 2023,COD,113607141,current,2023-07-01,2023-12-31,5,0,0
Aug 2023,COD,113607141,first projection,2024-01-01,2024-06-30,all,109594986,1.0
Aug 2023,COD,113607141,first projection,2024-01-01,2024-06-30,3+,23410347,0.22
Aug 2023,COD,113607141,first projection,2024-01-01,2024-06-30,1,33840846,0.3
Aug 2023,COD,113607141,first projection,2024-01-01,2024-06-30,2,52343793,0.48
Aug 2023,COD,113607141,first projection,2024-01-01,2024-06-30,3,20465066,0.19
Aug 2023,COD,113607141,first projection,2024-01-01,2024-06-30,4,2945282,0.03
Aug 2023,COD,113607141,first projection,2024-01-01,2024-06-30,5,0,0
Apr 2023,COD,109569000,first projection,2023-01-01,2023-06-30,all,102971764,1.0
Apr 2023,COD,109569000,first projection,2023-01-01,2023-06-30,3+,25840744,0.25
Apr 2023,COD,109569000,first projection,2023-01-01,2023-06-30,1,30289024,0.29
Apr 2023,COD,109569000,first projection,2023-01-01,2023-06-30,2,46841996,0.45
Apr 2023,COD,109569000,first projection,2023-01-01,2023-06-30,3,22459941,0.22
Apr 2023,COD,109569000,first projection,2023-01-01,2023-06-30,4,3380803,0.03
Apr 2023,COD,109569000,first projection,2023-01-01,2023-06-30,5,0,0
Jul 2022,COD,109569000,current,2022-07-01,2022-12-31,all,102971764,1.0
Jul 2022,COD,109569000,current,2022-07-01,2022-12-31,3+,26429377,0.26
Jul 2022,COD,109569000,current,2022-07-01,2022-12-31,1,31653557,0.31
Jul 2022,COD,109569000,current,2022-07-01,2022-12-31,2,44888830,0.44
Jul 2022,COD,109569000,current,2022-07-01,2022-12-31,3,22597681,0.22
Jul 2022,COD,109569000,current,2022-07-01,2022-12-31,4,3831695,0.04
Jul 2022,COD,109569000,current,2022-07-01,2022-12-31,5,0,0
Jul 2022,COD,109569000,first projection,2023-01-01,2023-06-30,all,102971764,1.0
Jul 2022,COD,109569000,first projection,2023-01-01,2023-06-30,3+,24520458,0.24
Jul 2022,COD,109569000,first projection,2023-01-01,2023-06-30,1,31259083,0.3
Jul 2022,COD,109569000,first projection,2023-01-01,2023-06-30,2,47192223,0.46
Jul 2022,COD,109569000,first projection,2023-01-01,2023-06-30,3,21707327,0.21
Jul 2022,COD,109569000,first projection,2023-01-01,2023-06-30,4,2813131,0.03
Jul 2022,COD,109569000,first projection,2023-01-01,2023-06-30,5,0,0
Sep 2021,COD,115195751,current,2021-09-01,2021-12-31,all,102259069,1.0
Sep 2021,COD,115195751,current,2021-09-01,2021-12-31,3+,27020164,0.26
Sep 2021,COD,115195751,current,2021-09-01,2021-12-31,1,30793333,0.3
Sep 2021,COD,115195751,current,2021-09-01,2021-12-31,2,44445573,0.43
Sep 2021,COD,115195751,current,2021-09-01,2021-12-31,3,20915406,0.2
Sep 2021,COD,115195751,current,2021-09-01,2021-12-31,4,6104757,0.06
Sep 2021,COD,115195751,current,2021-09-01,2021-12-31,5,0,0
Sep 2021,COD,115195751,first projection,2022-01-01,2022-06-30,all,105251041,1.0
Sep 2021,COD,115195751,first projection,2022-01-01,2022-06-30,3+,25879508,0.25
Sep 2021,COD,115195751,first projection,2022-01-01,2022-06-30,1,31540609,0.3
Sep 2021,COD,115195751,first projection,2022-01-01,2022-06-30,2,47830924,0.45
Sep 2021,COD,115195751,first projection,2022-01-01,2022-06-30,3,20463608,0.2
Sep 2021,COD,115195751,first projection,2022-01-01,2022-06-30,4,5415900,0.05
Sep 2021,COD,115195751,first projection,2022-01-01,2022-06-30,5,0,0
Feb 2021,COD,105000000,current,2021-02-01,2021-07-31,all,96032609,1.0
Feb 2021,COD,105000000,current,2021-02-01,2021-07-31,3+,27262321,0.28
Feb 2021,COD,105000000,current,2021-02-01,2021-07-31,1,27991119,0.29
Feb 2021,COD,105000000,current,2021-02-01,2021-07-31,2,40779169,0.42
Feb 2021,COD,105000000,current,2021-02-01,2021-07-31,3,20533697,0.21
Feb 2021,COD,105000000,current,2021-02-01,2021-07-31,4,6728624,0.07
Feb 2021,COD,105000000,current,2021-02-01,2021-07-31,5,0,0
Feb 2021,COD,105000000,first projection,2021-08-01,2021-12-31,all,96032609,1.0
Feb 2021,COD,105000000,first projection,2021-08-01,2021-12-31,3+,26178635,0.27
Feb 2021,COD,105000000,first projection,2021-08-01,2021-12-31,1,27651998,0.29
Feb 2021,COD,105000000,first projection,2021-08-01,2021-12-31,2,42201977,0.44
Feb 2021,COD,105000000,first projection,2021-08-01,2021-12-31,3,20560601,0.21
Feb 2021,COD,105000000,first projection,2021-08-01,2021-12-31,4,5618034,0.06
Feb 2021,COD,105000000,first projection,2021-08-01,2021-12-31,5,0,0
Nov 2025,CPV,513997,current,2025-10-01,2025-12-31,all,513997,1.0
Nov 2025,CPV,513997,current,2025-10-01,2025-12-31,3+,37752,0.07
Nov 2025,CPV,513997,current,2025-10-01,2025-12-31,1,394204,0.77
Nov 2025,CPV,513997,current,2025-10-01,2025-12-31,2,82042,0.16
Nov 2025,CPV,513997,current,2025-10-01,2025-12-31,3,37752,0.07
Nov 2025,CPV,513997,current,2025-10-01,2025-12-31,4,0,0
Nov 2025,CPV,513997,current,2025-10-01,2025-12-31,5,0,0
Nov 2025,CPV,513997,first projection,2026-06-01,2026-08-31,all,513997,1.0
Nov 2025,CPV,513997,first projection,2026-06-01,2026-08-31,3+,33538,0.07
Nov 2025,CPV,513997,first projection,2026-06-01,2026-08-31,1,405061,0.79
Nov 2025,CPV,513997,first projection,2026-06-01,2026-08-31,2,75398,0.15
Nov 2025,CPV,513997,first projection,2026-06-01,2026-08-31,3,33538,0.07
Nov 2025,CPV,513997,first projection,2026-06-01,2026-08-31,4,0,0
Nov 2025,CPV,513997,first projection,2026-06-01,2026-08-31,5,0,0
Mar 2025,CPV,510243,current,2025-03-01,2025-05-31,all,0,1.0
Mar 2025,CPV,510243,current,2025-03-01,2025-05-31,3+,0,0
Mar 2025,CPV,510243,current,2025-03-01,2025-05-31,1,0,0
Mar 2025,CPV,510243,current,2025-03-01,2025-05-31,2,0,0
Mar 2025,CPV,510243,current,2025-03-01,2025-05-31,3,0,0
Mar 2025,CPV,510243,current,2025-03-01,2025-05-31,4,0,0
Mar 2025,CPV,510243,current,2025-03-01,2025-05-31,5,0,0
Mar 2025,CPV,510243,first projection,2025-06-01,2025-08-31,all,510243,1.0
Mar 2025,CPV,510243,first projection,2025-06-01,2025-08-31,3+,35294,0.07
Mar 2025,CPV,510243,first projection,2025-06-01,2025-08-31,1,401419,0.79
Mar 2025,CPV,510243,first projection,2025-06-01,2025-08-31,2,73530,0.14
Mar 2025,CPV,510243,first projection,2025-06-01,2025-08-31,3,35294,0.07
Mar 2025,CPV,510243,first projection,2025-06-01,2025-08-31,4,0,0
Mar 2025,CPV,510243,first projection,2025-06-01,2025-08-31,5,0,0
Nov 2024,CPV,510243,current,2024-11-01,2024-12-31,all,510243,1.0
Nov 2024,CPV,510243,current,2024-11-01,2024-12-31,3+,41299,0.08
Nov 2024,CPV,510243,current,2024-11-01,2024-12-31,1,385022,0.75
Nov 2024,CPV,510243,current,2024-11-01,2024-12-31,2,83921,0.16
Nov 2024,CPV,510243,current,2024-11-01,2024-12-31,3,41299,0.08
Nov 2024,CPV,510243,current,2024-11-01,2024-12-31,4,0,0
Nov 2024,CPV,510243,current,2024-11-01,2024-12-31,5,0,0
Nov 2024,CPV,510243,first projection,2025-06-01,2025-08-31,all,510243,1.0
Nov 2024,CPV,510243,first projection,2025-06-01,2025-08-31,3+,35294,0.07
Nov 2024,CPV,510243,first projection,2025-06-01,2025-08-31,1,401419,0.79
Nov 2024,CPV,510243,first projection,2025-06-01,2025-08-31,2,73530,0.14
Nov 2024,CPV,510243,first projection,2025-06-01,2025-08-31,3,35294,0.07
Nov 2024,CPV,510243,first projection,2025-06-01,2025-08-31,4,0,0
Nov 2024,CPV,510243,first projection,2025-06-01,2025-08-31,5,0,0
Mar 2024,CPV,509078,first projection,2024-06-01,2024-08-31,all,509078,1.0
Mar 2024,CPV,509078,first projection,2024-06-01,2024-08-31,3+,44120,0.09
Mar 2024,CPV,509078,first projection,2024-06-01,2024-08-31,1,347309,0.68
Mar 2024,CPV,509078,first projection,2024-06-01,2024-08-31,2,117649,0.23
Mar 2024,CPV,509078,first projection,2024-06-01,2024-08-31,3,44120,0.09
Mar 2024,CPV,509078,first projection,2024-06-01,2024-08-31,4,0,0
Mar 2024,CPV,509078,first projection,2024-06-01,2024-08-31,5,0,0
Nov 2023,CPV,483628,current,2023-10-01,2023-12-31,all,509078,1.0
Nov 2023,CPV,483628,current,2023-10-01,2023-12-31,3+,37276,0.07
Nov 2023,CPV,483628,current,2023-10-01,2023-12-31,1,371551,0.73
Nov 2023,CPV,483628,current,2023-10-01,2023-12-31,2,100251,0.2
Nov 2023,CPV,483628,current,2023-10-01,2023-12-31,3,37276,0.07
Nov 2023,CPV,483628,current,2023-10-01,2023-12-31,4,0,0
Nov 2023,CPV,483628,current,2023-10-01,2023-12-31,5,0,0
Nov 2023,CPV,483628,first projection,2024-06-01,2024-08-31,all,509078,1.0
Nov 2023,CPV,483628,first projection,2024-06-01,2024-08-31,3+,44120,0.09
Nov 2023,CPV,483628,first projection,2024-06-01,2024-08-31,1,347309,0.68
Nov 2023,CPV,483628,first projection,2024-06-01,2024-08-31,2,117649,0.23
Nov 2023,CPV,483628,first projection,2024-06-01,2024-08-31,3,44120,0.09
Nov 2023,CPV,483628,first projection,2024-06-01,2024-08-31,4,0,0
Nov 2023,CPV,483628,first projection,2024-06-01,2024-08-31,5,0,0
Mar 2023,CPV,483628,current,2023-03-01,2023-05-31,all,483628,1.0
Mar 2023,CPV,483628,current,2023-03-01,2023-05-31,3+,43655,0.09
Mar 2023,CPV,483628,current,2023-03-01,2023-05-31,1,356912,0.74
Mar 2023,CPV,483628,current,2023-03-01,2023-05-31,2,83061,0.17
Mar 2023,CPV,483628,current,2023-03-01,2023-05-31,3,40838,0.08
Mar 2023,CPV,483628,current,2023-03-01,2023-05-31,4,2816,0.01
Mar 2023,CPV,483628,current,2023-03-01,2023-05-31,5,0,0
Mar 2023,CPV,483628,first projection,2023-06-01,2023-08-31,all,483628,1.0
Mar 2023,CPV,483628,first projection,2023-06-01,2023-08-31,3+,32287,0.06
Mar 2023,CPV,483628,first projection,2023-06-01,2023-08-31,1,365493,0.76
Mar 2023,CPV,483628,first projection,2023-06-01,2023-08-31,2,85848,0.18
Mar 2023,CPV,483628,first projection,2023-06-01,2023-08-31,3,30999,0.06
Mar 2023,CPV,483628,first projection,2023-06-01,2023-08-31,4,1288,0
Mar 2023,CPV,483628,first projection,2023-06-01,2023-08-31,5,0,0
Mar 2022,CPV,483628,current,2022-03-01,2022-05-31,all,483628,1.0
Mar 2022,CPV,483628,current,2022-03-01,2022-05-31,3+,30497,0.06
Mar 2022,CPV,483628,current,2022-03-01,2022-05-31,1,346464,0.72
Mar 2022,CPV,483628,current,2022-03-01,2022-05-31,2,106666,0.22
Mar 2022,CPV,483628,current,2022-03-01,2022-05-31,3,29421,0.06
Mar 2022,CPV,483628,current,2022-03-01,2022-05-31,4,1076,0
Mar 2022,CPV,483628,current,2022-03-01,2022-05-31,5,0,0
Mar 2022,CPV,483628,first projection,2022-06-01,2022-08-31,all,483628,1.0
Mar 2022,CPV,483628,first projection,2022-06-01,2022-08-31,3+,46093,0.1
Mar 2022,CPV,483628,first projection,2022-06-01,2022-08-31,1,299473,0.62
Mar 2022,CPV,483628,first projection,2022-06-01,2022-08-31,2,138062,0.29
Mar 2022,CPV,483628,first projection,2022-06-01,2022-08-31,3,43003,0.09
Mar 2022,CPV,483628,first projection,2022-06-01,2022-08-31,4,3090,0.01
Mar 2022,CPV,483628,first projection,2022-06-01,2022-08-31,5,0,0
Jun 2026,DJI,1066809,current,2026-05-01,2026-06-30,all,1029661,1.0
Jun 2026,DJI,1066809,current,2026-05-01,2026-06-30,3+,165896,0.16
Jun 2026,DJI,1066809,current,2026-05-01,2026-06-30,1,353653,0.34
Jun 2026,DJI,1066809,current,2026-05-01,2026-06-30,2,510115,0.5
Jun 2026,DJI,1066809,current,2026-05-01,2026-06-30,3,148700,0.14
Jun 2026,DJI,1066809,current,2026-05-01,2026-06-30,4,17196,0.02
Jun 2026,DJI,1066809,current,2026-05-01,2026-06-30,5,0,0
Jun 2026,DJI,1066809,first projection,2026-07-01,2026-12-31,all,1029661,1.0
Jun 2026,DJI,1066809,first projection,2026-07-01,2026-12-31,3+,255362,0.25
Jun 2026,DJI,1066809,first projection,2026-07-01,2026-12-31,1,323459,0.31
Jun 2026,DJI,1066809,first projection,2026-07-01,2026-12-31,2,450840,0.44
Jun 2026,DJI,1066809,first projection,2026-07-01,2026-12-31,3,225824,0.22
Jun 2026,DJI,1066809,first projection,2026-07-01,2026-12-31,4,29538,0.03
Jun 2026,DJI,1066809,first projection,2026-07-01,2026-12-31,5,0,0
May 2025,DJI,1181675,current,2025-05-01,2025-06-30,all,1181675,1.0
May 2025,DJI,1181675,current,2025-05-01,2025-06-30,3+,193872,0.17
May 2025,DJI,1181675,current,2025-05-01,2025-06-30,1,477342,0.4
May 2025,DJI,1181675,current,2025-05-01,2025-06-30,2,510466,0.43
May 2025,DJI,1181675,current,2025-05-01,2025-06-30,3,150287,0.13
May 2025,DJI,1181675,current,2025-05-01,2025-06-30,4,43585,0.04
May 2025,DJI,1181675,current,2025-05-01,2025-06-30,5,0,0
May 2025,DJI,1181675,first projection,2025-07-01,2025-12-31,all,1181675,1.0
May 2025,DJI,1181675,first projection,2025-07-01,2025-12-31,3+,229662,0.2
May 2025,DJI,1181675,first projection,2025-07-01,2025-12-31,1,467216,0.4
May 2025,DJI,1181675,first projection,2025-07-01,2025-12-31,2,484802,0.41
May 2025,DJI,1181675,first projection,2025-07-01,2025-12-31,3,174969,0.15
May 2025,DJI,1181675,first projection,2025-07-01,2025-12-31,4,54693,0.05
May 2025,DJI,1181675,first projection,2025-07-01,2025-12-31,5,0,0
Apr 2024,DJI,1181675,current,2024-04-01,2024-06-30,all,1181675,1.0
Apr 2024,DJI,1181675,current,2024-04-01,2024-06-30,3+,221259,0.19
Apr 2024,DJI,1181675,current,2024-04-01,2024-06-30,1,456966,0.39
Apr 2024,DJI,1181675,current,2024-04-01,2024-06-30,2,503450,0.43
Apr 2024,DJI,1181675,current,2024-04-01,2024-06-30,3,182795,0.15
Apr 2024,DJI,1181675,current,2024-04-01,2024-06-30,4,38465,0.03
Apr 2024,DJI,1181675,current,2024-04-01,2024-06-30,5,0,0
Apr 2024,DJI,1181675,first projection,2024-07-01,2024-12-31,all,1181675,1.0
Apr 2024,DJI,1181675,first projection,2024-07-01,2024-12-31,3+,285000,0.24
Apr 2024,DJI,1181675,first projection,2024-07-01,2024-12-31,1,421955,0.36
Apr 2024,DJI,1181675,first projection,2024-07-01,2024-12-31,2,474720,0.4
Apr 2024,DJI,1181675,first projection,2024-07-01,2024-12-31,3,232178,0.2
Apr 2024,DJI,1181675,first projection,2024-07-01,2024-12-31,4,52822,0.04
Apr 2024,DJI,1181675,first projection,2024-07-01,2024-12-31,5,0,0
Apr 2023,DJI,1181675,current,2023-03-01,2023-06-30,all,1181675,1.0
Apr 2023,DJI,1181675,current,2023-03-01,2023-06-30,3+,249949,0.21
Apr 2023,DJI,1181675,current,2023-03-01,2023-06-30,1,485668,0.41
Apr 2023,DJI,1181675,current,2023-03-01,2023-06-30,2,446058,0.38
Apr 2023,DJI,1181675,current,2023-03-01,2023-06-30,3,164077,0.14
Apr 2023,DJI,1181675,current,2023-03-01,2023-06-30,4,85872,0.07
Apr 2023,DJI,1181675,current,2023-03-01,2023-06-30,5,0,0
Apr 2023,DJI,1181675,first projection,2023-07-01,2023-12-31,all,1181675,1.0
Apr 2023,DJI,1181675,first projection,2023-07-01,2023-12-31,3+,285413,0.24
Apr 2023,DJI,1181675,first projection,2023-07-01,2023-12-31,1,494539,0.42
Apr 2023,DJI,1181675,first projection,2023-07-01,2023-12-31,2,401722,0.34
Apr 2023,DJI,1181675,first projection,2023-07-01,2023-12-31,3,185312,0.16
Apr 2023,DJI,1181675,first projection,2023-07-01,2023-12-31,4,100102,0.08
Apr 2023,DJI,1181675,first projection,2023-07-01,2023-12-31,5,0,0
Mar 2022,DJI,1181675,current,2022-03-01,2022-06-30,all,1181675,1.0
Mar 2022,DJI,1181675,current,2022-03-01,2022-06-30,3+,131997,0.11
Mar 2022,DJI,1181675,current,2022-03-01,2022-06-30,1,627092,0.53
Mar 2022,DJI,1181675,current,2022-03-01,2022-06-30,2,422586,0.36
Mar 2022,DJI,1181675,current,2022-03-01,2022-06-30,3,127073,0.11
Mar 2022,DJI,1181675,current,2022-03-01,2022-06-30,4,4923,0
Mar 2022,DJI,1181675,current,2022-03-01,2022-06-30,5,0,0
Mar 2022,DJI,1181675,first projection,2022-07-01,2022-12-31,all,1181675,1.0
Mar 2022,DJI,1181675,first projection,2022-07-01,2022-12-31,3+,192168,0.16
Mar 2022,DJI,1181675,first projection,2022-07-01,2022-12-31,1,574741,0.49
Mar 2022,DJI,1181675,first projection,2022-07-01,2022-12-31,2,414767,0.35
Mar 2022,DJI,1181675,first projection,2022-07-01,2022-12-31,3,179778,0.15
Mar 2022,DJI,1181675,first projection,2022-07-01,2022-12-31,4,12390,0.01
Mar 2022,DJI,1181675,first projection,2022-07-01,2022-12-31,5,0,0
Nov 2024,DOM,10795677,current,2024-10-01,2025-01-31,all,10795677,1.0
Nov 2024,DOM,10795677,current,2024-10-01,2025-01-31,3+,924905,0.09
Nov 2024,DOM,10795677,current,2024-10-01,2025-01-31,1,7926163,0.73
Nov 2024,DOM,10795677,current,2024-10-01,2025-01-31,2,1944609,0.18
Nov 2024,DOM,10795677,current,2024-10-01,2025-01-31,3,919837,0.09
Nov 2024,DOM,10795677,current,2024-10-01,2025-01-31,4,5068,0
Nov 2024,DOM,10795677,current,2024-10-01,2025-01-31,5,0,0
Nov 2024,DOM,10795677,first projection,2025-02-01,2025-05-31,all,10878267,1.0
Nov 2024,DOM,10795677,first projection,2025-02-01,2025-05-31,3+,921666,0.08
Nov 2024,DOM,10795677,first projection,2025-02-01,2025-05-31,1,7949302,0.73
Nov 2024,DOM,10795677,first projection,2025-02-01,2025-05-31,2,2007299,0.18
Nov 2024,DOM,10795677,first projection,2025-02-01,2025-05-31,3,918752,0.08
Nov 2024,DOM,10795677,first projection,2025-02-01,2025-05-31,4,2914,0
Nov 2024,DOM,10795677,first projection,2025-02-01,2025-05-31,5,0,0
Nov 2024,DOM,10795677,second projection,2025-06-01,2025-09-30,all,10878267,1.0
Nov 2024,DOM,10795677,second projection,2025-06-01,2025-09-30,3+,890164,0.08
Nov 2024,DOM,10795677,second projection,2025-06-01,2025-09-30,1,8001146,0.74
Nov 2024,DOM,10795677,second projection,2025-06-01,2025-09-30,2,1986957,0.18
Nov 2024,DOM,10795677,second projection,2025-06-01,2025-09-30,3,885782,0.08
Nov 2024,DOM,10795677,second projection,2025-06-01,2025-09-30,4,4382,0
Nov 2024,DOM,10795677,second projection,2025-06-01,2025-09-30,5,0,0
Sep 2023,DOM,10711115,current,2023-09-01,2023-11-30,all,10711155,1.0
Sep 2023,DOM,10711115,current,2023-09-01,2023-11-30,3+,1206438,0.11
Sep 2023,DOM,10711115,current,2023-09-01,2023-11-30,1,7189781,0.67
Sep 2023,DOM,10711115,current,2023-09-01,2023-11-30,2,2314936,0.22
Sep 2023,DOM,10711115,current,2023-09-01,2023-11-30,3,1173051,0.11
Sep 2023,DOM,10711115,current,2023-09-01,2023-11-30,4,33387,0
Sep 2023,DOM,10711115,current,2023-09-01,2023-11-30,5,0,0
Sep 2023,DOM,10711115,first projection,2023-12-01,2024-04-30,all,10795677,1.0
Sep 2023,DOM,10711115,first projection,2023-12-01,2024-04-30,3+,1095010,0.1
Sep 2023,DOM,10711115,first projection,2023-12-01,2024-04-30,1,7412096,0.69
Sep 2023,DOM,10711115,first projection,2023-12-01,2024-04-30,2,2288571,0.21
Sep 2023,DOM,10711115,first projection,2023-12-01,2024-04-30,3,1075281,0.1
Sep 2023,DOM,10711115,first projection,2023-12-01,2024-04-30,4,19729,0
Sep 2023,DOM,10711115,first projection,2023-12-01,2024-04-30,5,0,0
Sep 2023,DOM,10711115,second projection,2024-05-01,2024-08-31,all,10795677,1.0
Sep 2023,DOM,10711115,second projection,2024-05-01,2024-08-31,3+,1041674,0.09
Sep 2023,DOM,10711115,second projection,2024-05-01,2024-08-31,1,7513332,0.7
Sep 2023,DOM,10711115,second projection,2024-05-01,2024-08-31,2,2240671,0.21
Sep 2023,DOM,10711115,second projection,2024-05-01,2024-08-31,3,1021226,0.09
Sep 2023,DOM,10711115,second projection,2024-05-01,2024-08-31,4,20448,0
Sep 2023,DOM,10711115,second projection,2024-05-01,2024-08-31,5,0,0
Nov 2022,DOM,10621938,current,2022-10-01,2023-02-28,all,10621938,1.0
Nov 2022,DOM,10621938,current,2022-10-01,2023-02-28,3+,1552880,0.15
Nov 2022,DOM,10621938,current,2022-10-01,2023-02-28,1,5663972,0.53
Nov 2022,DOM,10621938,current,2022-10-01,2023-02-28,2,3405087,0.32
Nov 2022,DOM,10621938,current,2022-10-01,2023-02-28,3,1410397,0.14
Nov 2022,DOM,10621938,current,2022-10-01,2023-02-28,4,142483,0.01
Nov 2022,DOM,10621938,current,2022-10-01,2023-02-28,5,0,0
Nov 2022,DOM,10621938,first projection,2023-03-01,2023-06-30,all,10621938,1.0
Nov 2022,DOM,10621938,first projection,2023-03-01,2023-06-30,3+,1213198,0.11
Nov 2022,DOM,10621938,first projection,2023-03-01,2023-06-30,1,6031996,0.57
Nov 2022,DOM,10621938,first projection,2023-03-01,2023-06-30,2,3376745,0.32
Nov 2022,DOM,10621938,first projection,2023-03-01,2023-06-30,3,1159547,0.1
Nov 2022,DOM,10621938,first projection,2023-03-01,2023-06-30,4,53651,0.01
Nov 2022,DOM,10621938,first projection,2023-03-01,2023-06-30,5,0,0
Feb 2026,ECU,18243816,current,2025-12-01,2026-04-30,all,18416440,1.0
Feb 2026,ECU,18243816,current,2025-12-01,2026-04-30,3+,2541934,0.14
Feb 2026,ECU,18243816,current,2025-12-01,2026-04-30,1,10738093,0.58
Feb 2026,ECU,18243816,current,2025-12-01,2026-04-30,2,5136418,0.28
Feb 2026,ECU,18243816,current,2025-12-01,2026-04-30,3,2446747,0.13
Feb 2026,ECU,18243816,current,2025-12-01,2026-04-30,4,95187,0.01
Feb 2026,ECU,18243816,current,2025-12-01,2026-04-30,5,0,0
Feb 2026,ECU,18243816,first projection,2026-04-01,2026-08-31,all,18416440,1.0
Feb 2026,ECU,18243816,first projection,2026-04-01,2026-08-31,3+,2618073,0.15
Feb 2026,ECU,18243816,first projection,2026-04-01,2026-08-31,1,10535442,0.56
Feb 2026,ECU,18243816,first projection,2026-04-01,2026-08-31,2,5262930,0.29
Feb 2026,ECU,18243816,first projection,2026-04-01,2026-08-31,3,2522832,0.14
Feb 2026,ECU,18243816,first projection,2026-04-01,2026-08-31,4,95241,0.01
Feb 2026,ECU,18243816,first projection,2026-04-01,2026-08-31,5,0,0
Feb 2026,ECU,18243816,second projection,2026-08-01,2026-12-31,all,18416440,1.0
Feb 2026,ECU,18243816,second projection,2026-08-01,2026-12-31,3+,2589966,0.15
Feb 2026,ECU,18243816,second projection,2026-08-01,2026-12-31,1,10462114,0.56
Feb 2026,ECU,18243816,second projection,2026-08-01,2026-12-31,2,5364362,0.29
Feb 2026,ECU,18243816,second projection,2026-08-01,2026-12-31,3,2494779,0.14
Feb 2026,ECU,18243816,second projection,2026-08-01,2026-12-31,4,95187,0.01
Feb 2026,ECU,18243816,second projection,2026-08-01,2026-12-31,5,0,0
Feb 2025,ECU,0,first projection,2024-09-01,2025-03-31,all,18103660,1.0
Feb 2025,ECU,0,first projection,2024-09-01,2025-03-31,3+,2823245,0.15
Feb 2025,ECU,0,first projection,2024-09-01,2025-03-31,1,9869107,0.55
Feb 2025,ECU,0,first projection,2024-09-01,2025-03-31,2,5411308,0.3
Feb 2025,ECU,0,first projection,2024-09-01,2025-03-31,3,2624835,0.14
Feb 2025,ECU,0,first projection,2024-09-01,2025-03-31,4,198409,0.01
Feb 2025,ECU,0,first projection,2024-09-01,2025-03-31,5,0,0
Aug 2024,ECU,17966573,current,2024-06-01,2024-08-31,all,17966573,1.0
Aug 2024,ECU,17966573,current,2024-06-01,2024-08-31,3+,2579266,0.14
Aug 2024,ECU,17966573,current,2024-06-01,2024-08-31,1,10429446,0.58
Aug 2024,ECU,17966573,current,2024-06-01,2024-08-31,2,4957860,0.28
Aug 2024,ECU,17966573,current,2024-06-01,2024-08-31,3,2382488,0.13
Aug 2024,ECU,17966573,current,2024-06-01,2024-08-31,4,196779,0.01
Aug 2024,ECU,17966573,current,2024-06-01,2024-08-31,5,0,0
Aug 2024,ECU,17966573,first projection,2024-09-01,2025-03-31,all,18103660,1.0
Aug 2024,ECU,17966573,first projection,2024-09-01,2025-03-31,3+,2729051,0.15
Aug 2024,ECU,17966573,first projection,2024-09-01,2025-03-31,1,10174249,0.56
Aug 2024,ECU,17966573,first projection,2024-09-01,2025-03-31,2,5200360,0.29
Aug 2024,ECU,17966573,first projection,2024-09-01,2025-03-31,3,2530642,0.14
Aug 2024,ECU,17966573,first projection,2024-09-01,2025-03-31,4,198409,0.01
Aug 2024,ECU,17966573,first projection,2024-09-01,2025-03-31,5,0,0
May 2021,ETH,114964000,current,2021-05-01,2021-06-30,all,56346877,1.0
May 2021,ETH,114964000,current,2021-05-01,2021-06-30,3+,16756345,0.3
May 2021,ETH,114964000,current,2021-05-01,2021-06-30,1,22380046,0.4
May 2021,ETH,114964000,current,2021-05-01,2021-06-30,2,17210486,0.31
May 2021,ETH,114964000,current,2021-05-01,2021-06-30,3,12072236,0.21
May 2021,ETH,114964000,current,2021-05-01,2021-06-30,4,4331214,0.08
May 2021,ETH,114964000,current,2021-05-01,2021-06-30,5,352896,0.01
May 2021,ETH,114964000,first projection,2021-07-01,2021-09-30,all,19749101,1.0
May 2021,ETH,114964000,first projection,2021-07-01,2021-09-30,3+,7386290,0.37
May 2021,ETH,114964000,first projection,2021-07-01,2021-09-30,1,6364779,0.32
May 2021,ETH,114964000,first projection,2021-07-01,2021-09-30,2,5998032,0.3
May 2021,ETH,114964000,first projection,2021-07-01,2021-09-30,3,4558999,0.23
May 2021,ETH,114964000,first projection,2021-07-01,2021-09-30,4,2425979,0.12
May 2021,ETH,114964000,first projection,2021-07-01,2021-09-30,5,401313,0.02
May 2021,ETH,114964000,current,2021-05-01,2021-06-30,all,8980967,1.0
May 2021,ETH,114964000,current,2021-05-01,2021-06-30,3+,5522943,0.61
May 2021,ETH,114964000,current,2021-05-01,2021-06-30,1,1462694,0.17
May 2021,ETH,114964000,current,2021-05-01,2021-06-30,2,1995331,0.22
May 2021,ETH,114964000,current,2021-05-01,2021-06-30,3,3091605,0.34
May 2021,ETH,114964000,current,2021-05-01,2021-06-30,4,2078442,0.23
May 2021,ETH,114964000,current,2021-05-01,2021-06-30,5,352896,0.04
May 2021,ETH,114964000,first projection,2021-07-01,2021-09-30,all,5961602,1.0
May 2021,ETH,114964000,first projection,2021-07-01,2021-09-30,3+,4397377,0.74
May 2021,ETH,114964000,first projection,2021-07-01,2021-09-30,1,526747,0.09
May 2021,ETH,114964000,first projection,2021-07-01,2021-09-30,2,1037478,0.17
May 2021,ETH,114964000,first projection,2021-07-01,2021-09-30,3,2193953,0.37
May 2021,ETH,114964000,first projection,2021-07-01,2021-09-30,4,1802111,0.3
May 2021,ETH,114964000,first projection,2021-07-01,2021-09-30,5,401313,0.07
Oct 2025,GHA,34378759,current,2025-10-01,2025-12-31,all,34378759,1.0
Oct 2025,GHA,34378759,current,2025-10-01,2025-12-31,3+,1561223,0.04
Oct 2025,GHA,34378759,current,2025-10-01,2025-12-31,1,27884956,0.81
Oct 2025,GHA,34378759,current,2025-10-01,2025-12-31,2,4932580,0.14
Oct 2025,GHA,34378759,current,2025-10-01,2025-12-31,3,1489038,0.04
Oct 2025,GHA,34378759,current,2025-10-01,2025-12-31,4,72185,0
Oct 2025,GHA,34378759,current,2025-10-01,2025-12-31,5,0,0
Oct 2025,GHA,34378759,first projection,2026-06-01,2026-08-31,all,34378759,1.0
Oct 2025,GHA,34378759,first projection,2026-06-01,2026-08-31,3+,1502143,0.04
Oct 2025,GHA,34378759,first projection,2026-06-01,2026-08-31,1,27978332,0.81
Oct 2025,GHA,34378759,first projection,2026-06-01,2026-08-31,2,4898284,0.14
Oct 2025,GHA,34378759,first projection,2026-06-01,2026-08-31,3,1414143,0.04
Oct 2025,GHA,34378759,first projection,2026-06-01,2026-08-31,4,88000,0
Oct 2025,GHA,34378759,first projection,2026-06-01,2026-08-31,5,0,0
Mar 2025,GHA,32274261,current,2025-03-01,2025-05-31,all,32274261,1.0
Mar 2025,GHA,32274261,current,2025-03-01,2025-05-31,3+,2378582,0.07
Mar 2025,GHA,32274261,current,2025-03-01,2025-05-31,1,24584245,0.76
Mar 2025,GHA,32274261,current,2025-03-01,2025-05-31,2,5311434,0.16
Mar 2025,GHA,32274261,current,2025-03-01,2025-05-31,3,2242467,0.07
Mar 2025,GHA,32274261,current,2025-03-01,2025-05-31,4,136116,0
Mar 2025,GHA,32274261,current,2025-03-01,2025-05-31,5,0,0
Mar 2025,GHA,32274261,first projection,2025-06-01,2025-08-31,all,32274261,1.0
Mar 2025,GHA,32274261,first projection,2025-06-01,2025-08-31,3+,2018671,0.06
Mar 2025,GHA,32274261,first projection,2025-06-01,2025-08-31,1,25394314,0.79
Mar 2025,GHA,32274261,first projection,2025-06-01,2025-08-31,2,4861276,0.15
Mar 2025,GHA,32274261,first projection,2025-06-01,2025-08-31,3,1896310,0.06
Mar 2025,GHA,32274261,first projection,2025-06-01,2025-08-31,4,122362,0
Mar 2025,GHA,32274261,first projection,2025-06-01,2025-08-31,5,0,0
Mar 2024,GHA,32155877,current,2024-03-01,2024-05-31,all,32155877,1.0
Mar 2024,GHA,32155877,current,2024-03-01,2024-05-31,3+,1152381,0.04
Mar 2024,GHA,32155877,current,2024-03-01,2024-05-31,1,26646267,0.83
Mar 2024,GHA,32155877,current,2024-03-01,2024-05-31,2,4357229,0.14
Mar 2024,GHA,32155877,current,2024-03-01,2024-05-31,3,1132514,0.04
Mar 2024,GHA,32155877,current,2024-03-01,2024-05-31,4,19868,0
Mar 2024,GHA,32155877,current,2024-03-01,2024-05-31,5,0,0
Mar 2024,GHA,32155877,first projection,2024-06-01,2024-08-31,all,32155877,1.0
Mar 2024,GHA,32155877,first projection,2024-06-01,2024-08-31,3+,1053535,0.03
Mar 2024,GHA,32155877,first projection,2024-06-01,2024-08-31,1,26678393,0.83
Mar 2024,GHA,32155877,first projection,2024-06-01,2024-08-31,2,4423950,0.14
Mar 2024,GHA,32155877,first projection,2024-06-01,2024-08-31,3,1034167,0.03
Mar 2024,GHA,32155877,first projection,2024-06-01,2024-08-31,4,19368,0
Mar 2024,GHA,32155877,first projection,2024-06-01,2024-08-31,5,0,0
Nov 2023,GHA,30792608,current,2023-10-01,2023-12-31,all,32705491,1.0
Nov 2023,GHA,30792608,current,2023-10-01,2023-12-31,3+,1980705,0.06
Nov 2023,GHA,30792608,current,2023-10-01,2023-12-31,1,26145571,0.8
Nov 2023,GHA,30792608,current,2023-10-01,2023-12-31,2,4578129,0.14
Nov 2023,GHA,30792608,current,2023-10-01,2023-12-31,3,1893477,0.06
Nov 2023,GHA,30792608,current,2023-10-01,2023-12-31,4,87228,0
Nov 2023,GHA,30792608,current,2023-10-01,2023-12-31,5,0,0
Nov 2023,GHA,30792608,first projection,2024-06-01,2024-08-31,all,32705491,1.0
Nov 2023,GHA,30792608,first projection,2024-06-01,2024-08-31,3+,2205297,0.06
Nov 2023,GHA,30792608,first projection,2024-06-01,2024-08-31,1,25306051,0.77
Nov 2023,GHA,30792608,first projection,2024-06-01,2024-08-31,2,5194143,0.16
Nov 2023,GHA,30792608,first projection,2024-06-01,2024-08-31,3,2112886,0.06
Nov 2023,GHA,30792608,first projection,2024-06-01,2024-08-31,4,92411,0
Nov 2023,GHA,30792608,first projection,2024-06-01,2024-08-31,5,0,0
Mar 2023,GHA,30792608,current,2023-03-01,2023-05-31,all,32705491,1.0
Mar 2023,GHA,30792608,current,2023-03-01,2023-05-31,3+,1456887,0.04
Mar 2023,GHA,30792608,current,2023-03-01,2023-05-31,1,27146839,0.83
Mar 2023,GHA,30792608,current,2023-03-01,2023-05-31,2,4101765,0.13
Mar 2023,GHA,30792608,current,2023-03-01,2023-05-31,3,1388229,0.04
Mar 2023,GHA,30792608,current,2023-03-01,2023-05-31,4,68658,0
Mar 2023,GHA,30792608,current,2023-03-01,2023-05-31,5,0,0
Mar 2023,GHA,30792608,first projection,2023-06-01,2023-08-31,all,32705491,1.0
Mar 2023,GHA,30792608,first projection,2023-06-01,2023-08-31,3+,1366308,0.04
Mar 2023,GHA,30792608,first projection,2023-06-01,2023-08-31,1,27568463,0.84
Mar 2023,GHA,30792608,first projection,2023-06-01,2023-08-31,2,3770721,0.12
Mar 2023,GHA,30792608,first projection,2023-06-01,2023-08-31,3,1294525,0.04
Mar 2023,GHA,30792608,first projection,2023-06-01,2023-08-31,4,71783,0
Mar 2023,GHA,30792608,first projection,2023-06-01,2023-08-31,5,0,0
Oct 2022,GHA,30792608,current,2022-10-01,2022-12-31,all,13675438,1.0
Oct 2022,GHA,30792608,current,2022-10-01,2022-12-31,3+,823103,0.06
Oct 2022,GHA,30792608,current,2022-10-01,2022-12-31,1,10253490,0.75
Oct 2022,GHA,30792608,current,2022-10-01,2022-12-31,2,2598846,0.19
Oct 2022,GHA,30792608,current,2022-10-01,2022-12-31,3,794119,0.06
Oct 2022,GHA,30792608,current,2022-10-01,2022-12-31,4,28983,0
Oct 2022,GHA,30792608,current,2022-10-01,2022-12-31,5,0,0
Oct 2022,GHA,30792608,first projection,2023-06-01,2023-08-31,all,13675438,1.0
Oct 2022,GHA,30792608,first projection,2023-06-01,2023-08-31,3+,719036,0.05
Oct 2022,GHA,30792608,first projection,2023-06-01,2023-08-31,1,10274454,0.75
Oct 2022,GHA,30792608,first projection,2023-06-01,2023-08-31,2,2681948,0.2
Oct 2022,GHA,30792608,first projection,2023-06-01,2023-08-31,3,691689,0.05
Oct 2022,GHA,30792608,first projection,2023-06-01,2023-08-31,4,27348,0
Oct 2022,GHA,30792608,first projection,2023-06-01,2023-08-31,5,0,0
Mar 2022,GHA,30792608,current,2022-03-01,2022-05-31,all,5578246,1.0
Mar 2022,GHA,30792608,current,2022-03-01,2022-05-31,3+,416407,0.08
Mar 2022,GHA,30792608,current,2022-03-01,2022-05-31,1,4256673,0.76
Mar 2022,GHA,30792608,current,2022-03-01,2022-05-31,2,905166,0.16
Mar 2022,GHA,30792608,current,2022-03-01,2022-05-31,3,379389,0.07
Mar 2022,GHA,30792608,current,2022-03-01,2022-05-31,4,37018,0.01
Mar 2022,GHA,30792608,current,2022-03-01,2022-05-31,5,0,0
Mar 2022,GHA,30792608,first projection,2022-06-01,2022-08-31,all,5578246,1.0
Mar 2022,GHA,30792608,first projection,2022-06-01,2022-08-31,3+,279160,0.05
Mar 2022,GHA,30792608,first projection,2022-06-01,2022-08-31,1,4504385,0.81
Mar 2022,GHA,30792608,first projection,2022-06-01,2022-08-31,2,794700,0.14
Mar 2022,GHA,30792608,first projection,2022-06-01,2022-08-31,3,262348,0.05
Mar 2022,GHA,30792608,first projection,2022-06-01,2022-08-31,4,16812,0
Mar 2022,GHA,30792608,first projection,2022-06-01,2022-08-31,5,0,0
Nov 2021,GHA,30792608,current,2021-10-01,2021-12-31,all,6471546,1.0
Nov 2021,GHA,30792608,current,2021-10-01,2021-12-31,3+,563800,0.08
Nov 2021,GHA,30792608,current,2021-10-01,2021-12-31,1,4816312,0.74
Nov 2021,GHA,30792608,current,2021-10-01,2021-12-31,2,1091434,0.17
Nov 2021,GHA,30792608,current,2021-10-01,2021-12-31,3,478231,0.07
Nov 2021,GHA,30792608,current,2021-10-01,2021-12-31,4,85569,0.01
Nov 2021,GHA,30792608,current,2021-10-01,2021-12-31,5,0,0
Nov 2021,GHA,30792608,first projection,2022-06-01,2022-08-31,all,6471546,1.0
Nov 2021,GHA,30792608,first projection,2022-06-01,2022-08-31,3+,276478,0.04
Nov 2021,GHA,30792608,first projection,2022-06-01,2022-08-31,1,5428309,0.84
Nov 2021,GHA,30792608,first projection,2022-06-01,2022-08-31,2,766759,0.12
Nov 2021,GHA,30792608,first projection,2022-06-01,2022-08-31,3,266381,0.04
Nov 2021,GHA,30792608,first projection,2022-06-01,2022-08-31,4,10097,0
Nov 2021,GHA,30792608,first projection,2022-06-01,2022-08-31,5,0,0
Feb 2021,GHA,30955204,current,2021-03-01,2021-05-31,all,30955204,1.0
Feb 2021,GHA,30955204,current,2021-03-01,2021-05-31,3+,962902,0.03
Feb 2021,GHA,30955204,current,2021-03-01,2021-05-31,1,26539226,0.86
Feb 2021,GHA,30955204,current,2021-03-01,2021-05-31,2,3447128,0.11
Feb 2021,GHA,30955204,current,2021-03-01,2021-05-31,3,935221,0.03
Feb 2021,GHA,30955204,current,2021-03-01,2021-05-31,4,27681,0
Feb 2021,GHA,30955204,current,2021-03-01,2021-05-31,5,0,0
Feb 2021,GHA,30955204,first projection,2021-06-01,2021-08-31,all,30955204,1.0
Feb 2021,GHA,30955204,first projection,2021-06-01,2021-08-31,3+,409069,0.01
Feb 2021,GHA,30955204,first projection,2021-06-01,2021-08-31,1,28231433,0.91
Feb 2021,GHA,30955204,first projection,2021-06-01,2021-08-31,2,2314703,0.07
Feb 2021,GHA,30955204,first projection,2021-06-01,2021-08-31,3,407746,0.01
Feb 2021,GHA,30955204,first projection,2021-06-01,2021-08-31,4,1323,0
Feb 2021,GHA,30955204,first projection,2021-06-01,2021-08-31,5,0,0
Oct 2025,GIN,14744861,current,2025-10-01,2025-12-31,all,12414765,1.0
Oct 2025,GIN,14744861,current,2025-10-01,2025-12-31,3+,1480656,0.11
Oct 2025,GIN,14744861,current,2025-10-01,2025-12-31,1,8295152,0.67
Oct 2025,GIN,14744861,current,2025-10-01,2025-12-31,2,2638957,0.21
Oct 2025,GIN,14744861,current,2025-10-01,2025-12-31,3,1426708,0.11
Oct 2025,GIN,14744861,current,2025-10-01,2025-12-31,4,53948,0
Oct 2025,GIN,14744861,current,2025-10-01,2025-12-31,5,0,0
Oct 2025,GIN,14744861,first projection,2026-06-01,2026-08-31,all,12414765,1.0
Oct 2025,GIN,14744861,first projection,2026-06-01,2026-08-31,3+,1668033,0.14
Oct 2025,GIN,14744861,first projection,2026-06-01,2026-08-31,1,7622875,0.61
Oct 2025,GIN,14744861,first projection,2026-06-01,2026-08-31,2,3123857,0.25
Oct 2025,GIN,14744861,first projection,2026-06-01,2026-08-31,3,1576303,0.13
Oct 2025,GIN,14744861,first projection,2026-06-01,2026-08-31,4,91730,0.01
Oct 2025,GIN,14744861,first projection,2026-06-01,2026-08-31,5,0,0
Mar 2025,GIN,14048921,current,2025-03-01,2025-05-31,all,14048921,1.0
Mar 2025,GIN,14048921,current,2025-03-01,2025-05-31,3+,1821316,0.13
Mar 2025,GIN,14048921,current,2025-03-01,2025-05-31,1,8760516,0.62
Mar 2025,GIN,14048921,current,2025-03-01,2025-05-31,2,3467089,0.25
Mar 2025,GIN,14048921,current,2025-03-01,2025-05-31,3,1711179,0.12
Mar 2025,GIN,14048921,current,2025-03-01,2025-05-31,4,110137,0.01
Mar 2025,GIN,14048921,current,2025-03-01,2025-05-31,5,0,0
Mar 2025,GIN,14048921,first projection,2025-06-01,2025-08-31,all,14048921,1.0
Mar 2025,GIN,14048921,first projection,2025-06-01,2025-08-31,3+,1766366,0.13
Mar 2025,GIN,14048921,first projection,2025-06-01,2025-08-31,1,8582747,0.61
Mar 2025,GIN,14048921,first projection,2025-06-01,2025-08-31,2,3699808,0.26
Mar 2025,GIN,14048921,first projection,2025-06-01,2025-08-31,3,1675353,0.12
Mar 2025,GIN,14048921,first projection,2025-06-01,2025-08-31,4,91013,0.01
Mar 2025,GIN,14048921,first projection,2025-06-01,2025-08-31,5,0,0
Nov 2024,GIN,14048921,current,2024-10-01,2024-12-31,all,14048921,1.0
Nov 2024,GIN,14048921,current,2024-10-01,2024-12-31,3+,920223,0.07
Nov 2024,GIN,14048921,current,2024-10-01,2024-12-31,1,10291129,0.73
Nov 2024,GIN,14048921,current,2024-10-01,2024-12-31,2,2837569,0.2
Nov 2024,GIN,14048921,current,2024-10-01,2024-12-31,3,920223,0.07
Nov 2024,GIN,14048921,current,2024-10-01,2024-12-31,4,0,0
Nov 2024,GIN,14048921,current,2024-10-01,2024-12-31,5,0,0
Nov 2024,GIN,14048921,first projection,2025-06-01,2025-08-31,all,14048921,1.0
Nov 2024,GIN,14048921,first projection,2025-06-01,2025-08-31,3+,1257730,0.09
Nov 2024,GIN,14048921,first projection,2025-06-01,2025-08-31,1,9233535,0.66
Nov 2024,GIN,14048921,first projection,2025-06-01,2025-08-31,2,3557656,0.25
Nov 2024,GIN,14048921,first projection,2025-06-01,2025-08-31,3,1257730,0.09
Nov 2024,GIN,14048921,first projection,2025-06-01,2025-08-31,4,0,0
Nov 2024,GIN,14048921,first projection,2025-06-01,2025-08-31,5,0,0
Mar 2024,GIN,13931737,current,2024-03-01,2024-05-31,all,11779022,1.0
Mar 2024,GIN,13931737,current,2024-03-01,2024-05-31,3+,828708,0.07
Mar 2024,GIN,13931737,current,2024-03-01,2024-05-31,1,8178343,0.69
Mar 2024,GIN,13931737,current,2024-03-01,2024-05-31,2,2771971,0.24
Mar 2024,GIN,13931737,current,2024-03-01,2024-05-31,3,828708,0.07
Mar 2024,GIN,13931737,current,2024-03-01,2024-05-31,4,0,0
Mar 2024,GIN,13931737,current,2024-03-01,2024-05-31,5,0,0
Mar 2024,GIN,13931737,first projection,2024-06-01,2024-08-31,all,13931737,1.0
Mar 2024,GIN,13931737,first projection,2024-06-01,2024-08-31,3+,1025135,0.07
Mar 2024,GIN,13931737,first projection,2024-06-01,2024-08-31,1,9718373,0.7
Mar 2024,GIN,13931737,first projection,2024-06-01,2024-08-31,2,3188230,0.23
Mar 2024,GIN,13931737,first projection,2024-06-01,2024-08-31,3,1025135,0.07
Mar 2024,GIN,13931737,first projection,2024-06-01,2024-08-31,4,0,0
Mar 2024,GIN,13931737,first projection,2024-06-01,2024-08-31,5,0,0
Nov 2023,GIN,13261638,current,2023-10-01,2023-12-31,all,13931737,1.0
Nov 2023,GIN,13261638,current,2023-10-01,2023-12-31,3+,392493,0.03
Nov 2023,GIN,13261638,current,2023-10-01,2023-12-31,1,11538816,0.83
Nov 2023,GIN,13261638,current,2023-10-01,2023-12-31,2,2000428,0.14
Nov 2023,GIN,13261638,current,2023-10-01,2023-12-31,3,392493,0.03
Nov 2023,GIN,13261638,current,2023-10-01,2023-12-31,4,0,0
Nov 2023,GIN,13261638,current,2023-10-01,2023-12-31,5,0,0
Nov 2023,GIN,13261638,first projection,2024-06-01,2024-08-31,all,13931737,1.0
Nov 2023,GIN,13261638,first projection,2024-06-01,2024-08-31,3+,675365,0.04
Nov 2023,GIN,13261638,first projection,2024-06-01,2024-08-31,1,10975322,0.79
Nov 2023,GIN,13261638,first projection,2024-06-01,2024-08-31,2,2281050,0.16
Nov 2023,GIN,13261638,first projection,2024-06-01,2024-08-31,3,621983,0.04
Nov 2023,GIN,13261638,first projection,2024-06-01,2024-08-31,4,53382,0
Nov 2023,GIN,13261638,first projection,2024-06-01,2024-08-31,5,0,0
Mar 2023,GIN,13261638,current,2023-03-01,2023-05-31,all,11469685,1.0
Mar 2023,GIN,13261638,current,2023-03-01,2023-05-31,3+,496782,0.04
Mar 2023,GIN,13261638,current,2023-03-01,2023-05-31,1,8774173,0.76
Mar 2023,GIN,13261638,current,2023-03-01,2023-05-31,2,2198730,0.19
Mar 2023,GIN,13261638,current,2023-03-01,2023-05-31,3,496782,0.04
Mar 2023,GIN,13261638,current,2023-03-01,2023-05-31,4,0,0
Mar 2023,GIN,13261638,current,2023-03-01,2023-05-31,5,0,0
Mar 2023,GIN,13261638,first projection,2023-06-01,2023-08-31,all,11469685,1.0
Mar 2023,GIN,13261638,first projection,2023-06-01,2023-08-31,3+,709514,0.06
Mar 2023,GIN,13261638,first projection,2023-06-01,2023-08-31,1,8173274,0.71
Mar 2023,GIN,13261638,first projection,2023-06-01,2023-08-31,2,2586897,0.23
Mar 2023,GIN,13261638,first projection,2023-06-01,2023-08-31,3,697390,0.06
Mar 2023,GIN,13261638,first projection,2023-06-01,2023-08-31,4,12124,0
Mar 2023,GIN,13261638,first projection,2023-06-01,2023-08-31,5,0,0
Nov 2022,GIN,13261638,current,2022-10-01,2022-12-31,all,11469684,1.0
Nov 2022,GIN,13261638,current,2022-10-01,2022-12-31,3+,649159,0.06
Nov 2022,GIN,13261638,current,2022-10-01,2022-12-31,1,8485903,0.74
Nov 2022,GIN,13261638,current,2022-10-01,2022-12-31,2,2334622,0.2
Nov 2022,GIN,13261638,current,2022-10-01,2022-12-31,3,649159,0.06
Nov 2022,GIN,13261638,current,2022-10-01,2022-12-31,4,0,0
Nov 2022,GIN,13261638,current,2022-10-01,2022-12-31,5,0,0
Nov 2022,GIN,13261638,first projection,2023-06-01,2023-08-31,all,11469684,1.0
Nov 2022,GIN,13261638,first projection,2023-06-01,2023-08-31,3+,923028,0.08
Nov 2022,GIN,13261638,first projection,2023-06-01,2023-08-31,1,7161812,0.62
Nov 2022,GIN,13261638,first projection,2023-06-01,2023-08-31,2,3384844,0.3
Nov 2022,GIN,13261638,first projection,2023-06-01,2023-08-31,3,920521,0.08
Nov 2022,GIN,13261638,first projection,2023-06-01,2023-08-31,4,2508,0
Nov 2022,GIN,13261638,first projection,2023-06-01,2023-08-31,5,0,0
Mar 2022,GIN,13261638,current,2022-03-01,2022-05-31,all,11165931,1.0
Mar 2022,GIN,13261638,current,2022-03-01,2022-05-31,3+,992179,0.09
Mar 2022,GIN,13261638,current,2022-03-01,2022-05-31,1,6624475,0.59
Mar 2022,GIN,13261638,current,2022-03-01,2022-05-31,2,3549277,0.32
Mar 2022,GIN,13261638,current,2022-03-01,2022-05-31,3,982982,0.09
Mar 2022,GIN,13261638,current,2022-03-01,2022-05-31,4,9197,0
Mar 2022,GIN,13261638,current,2022-03-01,2022-05-31,5,0,0
Mar 2022,GIN,13261638,first projection,2022-06-01,2022-08-31,all,11165931,1.0
Mar 2022,GIN,13261638,first projection,2022-06-01,2022-08-31,3+,1219288,0.11
Mar 2022,GIN,13261638,first projection,2022-06-01,2022-08-31,1,6115433,0.55
Mar 2022,GIN,13261638,first projection,2022-06-01,2022-08-31,2,3831210,0.34
Mar 2022,GIN,13261638,first projection,2022-06-01,2022-08-31,3,1198458,0.11
Mar 2022,GIN,13261638,first projection,2022-06-01,2022-08-31,4,20830,0
Mar 2022,GIN,13261638,first projection,2022-06-01,2022-08-31,5,0,0
Nov 2021,GIN,13261638,current,2021-10-01,2021-12-31,all,11165931,1.0
Nov 2021,GIN,13261638,current,2021-10-01,2021-12-31,3+,564458,0.05
Nov 2021,GIN,13261638,current,2021-10-01,2021-12-31,1,8818860,0.79
Nov 2021,GIN,13261638,current,2021-10-01,2021-12-31,2,1782612,0.16
Nov 2021,GIN,13261638,current,2021-10-01,2021-12-31,3,564458,0.05
Nov 2021,GIN,13261638,current,2021-10-01,2021-12-31,4,0,0
Nov 2021,GIN,13261638,current,2021-10-01,2021-12-31,5,0,0
Nov 2021,GIN,13261638,first projection,2022-06-01,2022-08-31,all,11165931,1.0
Nov 2021,GIN,13261638,first projection,2022-06-01,2022-08-31,3+,739384,0.07
Nov 2021,GIN,13261638,first projection,2022-06-01,2022-08-31,1,8335012,0.75
Nov 2021,GIN,13261638,first projection,2022-06-01,2022-08-31,2,2091534,0.19
Nov 2021,GIN,13261638,first projection,2022-06-01,2022-08-31,3,739384,0.07
Nov 2021,GIN,13261638,first projection,2022-06-01,2022-08-31,4,0,0
Nov 2021,GIN,13261638,first projection,2022-06-01,2022-08-31,5,0,0
Apr 2021,GIN,12907395,current,2021-03-01,2021-05-31,all,11115573,1.0
Apr 2021,GIN,12907395,current,2021-03-01,2021-05-31,3+,453942,0.04
Apr 2021,GIN,12907395,current,2021-03-01,2021-05-31,1,8235004,0.74
Apr 2021,GIN,12907395,current,2021-03-01,2021-05-31,2,2426628,0.22
Apr 2021,GIN,12907395,current,2021-03-01,2021-05-31,3,453942,0.04
Apr 2021,GIN,12907395,current,2021-03-01,2021-05-31,4,0,0
Apr 2021,GIN,12907395,current,2021-03-01,2021-05-31,5,0,0
Apr 2021,GIN,12907395,first projection,2021-06-01,2021-08-31,all,11115573,1.0
Apr 2021,GIN,12907395,first projection,2021-06-01,2021-08-31,3+,418453,0.04
Apr 2021,GIN,12907395,first projection,2021-06-01,2021-08-31,1,8124709,0.73
Apr 2021,GIN,12907395,first projection,2021-06-01,2021-08-31,2,2572410,0.23
Apr 2021,GIN,12907395,first projection,2021-06-01,2021-08-31,3,418453,0.04
Apr 2021,GIN,12907395,first projection,2021-06-01,2021-08-31,4,0,0
Apr 2021,GIN,12907395,first projection,2021-06-01,2021-08-31,5,0,0
Mar 2025,GMB,2422712,current,2025-03-01,2025-05-31,all,0,1.0
Mar 2025,GMB,2422712,current,2025-03-01,2025-05-31,3+,0,0
Mar 2025,GMB,2422712,current,2025-03-01,2025-05-31,1,0,0
Mar 2025,GMB,2422712,current,2025-03-01,2025-05-31,2,0,0
Mar 2025,GMB,2422712,current,2025-03-01,2025-05-31,3,0,0
Mar 2025,GMB,2422712,current,2025-03-01,2025-05-31,4,0,0
Mar 2025,GMB,2422712,current,2025-03-01,2025-05-31,5,0,0
Mar 2025,GMB,2422712,first projection,2025-06-01,2025-08-31,all,2422712,1.0
Mar 2025,GMB,2422712,first projection,2025-06-01,2025-08-31,3+,243937,0.1
Mar 2025,GMB,2422712,first projection,2025-06-01,2025-08-31,1,1564669,0.65
Mar 2025,GMB,2422712,first projection,2025-06-01,2025-08-31,2,614106,0.25
Mar 2025,GMB,2422712,first projection,2025-06-01,2025-08-31,3,236290,0.1
Mar 2025,GMB,2422712,first projection,2025-06-01,2025-08-31,4,7647,0
Mar 2025,GMB,2422712,first projection,2025-06-01,2025-08-31,5,0,0
Nov 2024,GMB,2422712,current,2024-10-01,2024-12-31,all,2422712,1.0
Nov 2024,GMB,2422712,current,2024-10-01,2024-12-31,3+,131930,0.05
Nov 2024,GMB,2422712,current,2024-10-01,2024-12-31,1,1816237,0.75
Nov 2024,GMB,2422712,current,2024-10-01,2024-12-31,2,474545,0.2
Nov 2024,GMB,2422712,current,2024-10-01,2024-12-31,3,131930,0.05
Nov 2024,GMB,2422712,current,2024-10-01,2024-12-31,4,0,0
Nov 2024,GMB,2422712,current,2024-10-01,2024-12-31,5,0,0
Nov 2024,GMB,2422712,first projection,2025-06-01,2025-08-31,all,2422712,1.0
Nov 2024,GMB,2422712,first projection,2025-06-01,2025-08-31,3+,243937,0.1
Nov 2024,GMB,2422712,first projection,2025-06-01,2025-08-31,1,1564669,0.65
Nov 2024,GMB,2422712,first projection,2025-06-01,2025-08-31,2,614106,0.25
Nov 2024,GMB,2422712,first projection,2025-06-01,2025-08-31,3,236290,0.1
Nov 2024,GMB,2422712,first projection,2025-06-01,2025-08-31,4,7647,0
Nov 2024,GMB,2422712,first projection,2025-06-01,2025-08-31,5,0,0
Mar 2024,GMB,2516576,first projection,2024-06-01,2024-08-31,all,2516577,1.0
Mar 2024,GMB,2516576,first projection,2024-06-01,2024-08-31,3+,226724,0.09
Mar 2024,GMB,2516576,first projection,2024-06-01,2024-08-31,1,1684392,0.67
Mar 2024,GMB,2516576,first projection,2024-06-01,2024-08-31,2,605460,0.24
Mar 2024,GMB,2516576,first projection,2024-06-01,2024-08-31,3,225145,0.09
Mar 2024,GMB,2516576,first projection,2024-06-01,2024-08-31,4,1580,0
Mar 2024,GMB,2516576,first projection,2024-06-01,2024-08-31,5,0,0
Nov 2023,GMB,2455839,current,2023-10-01,2023-12-31,all,2516577,1.0
Nov 2023,GMB,2455839,current,2023-10-01,2023-12-31,3+,152967,0.06
Nov 2023,GMB,2455839,current,2023-10-01,2023-12-31,1,1918309,0.76
Nov 2023,GMB,2455839,current,2023-10-01,2023-12-31,2,445301,0.18
Nov 2023,GMB,2455839,current,2023-10-01,2023-12-31,3,152967,0.06
Nov 2023,GMB,2455839,current,2023-10-01,2023-12-31,4,0,0
Nov 2023,GMB,2455839,current,2023-10-01,2023-12-31,5,0,0
Nov 2023,GMB,2455839,first projection,2024-06-01,2024-08-31,all,2516577,1.0
Nov 2023,GMB,2455839,first projection,2024-06-01,2024-08-31,3+,226724,0.09
Nov 2023,GMB,2455839,first projection,2024-06-01,2024-08-31,1,1684392,0.67
Nov 2023,GMB,2455839,first projection,2024-06-01,2024-08-31,2,605460,0.24
Nov 2023,GMB,2455839,first projection,2024-06-01,2024-08-31,3,225145,0.09
Nov 2023,GMB,2455839,first projection,2024-06-01,2024-08-31,4,1580,0
Nov 2023,GMB,2455839,first projection,2024-06-01,2024-08-31,5,0,0
Mar 2023,GMB,2455839,first projection,2023-06-01,2023-08-31,all,2444250,1.0
Mar 2023,GMB,2455839,first projection,2023-06-01,2023-08-31,3+,319628,0.13
Mar 2023,GMB,2455839,first projection,2023-06-01,2023-08-31,1,1352046,0.55
Mar 2023,GMB,2455839,first projection,2023-06-01,2023-08-31,2,772577,0.32
Mar 2023,GMB,2455839,first projection,2023-06-01,2023-08-31,3,300101,0.12
Mar 2023,GMB,2455839,first projection,2023-06-01,2023-08-31,4,19527,0.01
Mar 2023,GMB,2455839,first projection,2023-06-01,2023-08-31,5,0,0
Nov 2022,GMB,2455839,current,2022-10-01,2022-12-31,all,2444250,1.0
Nov 2022,GMB,2455839,current,2022-10-01,2022-12-31,3+,207666,0.08
Nov 2022,GMB,2455839,current,2022-10-01,2022-12-31,1,1651834,0.68
Nov 2022,GMB,2455839,current,2022-10-01,2022-12-31,2,584750,0.24
Nov 2022,GMB,2455839,current,2022-10-01,2022-12-31,3,201062,0.08
Nov 2022,GMB,2455839,current,2022-10-01,2022-12-31,4,6604,0
Nov 2022,GMB,2455839,current,2022-10-01,2022-12-31,5,0,0
Nov 2022,GMB,2455839,first projection,2023-06-01,2023-08-31,all,2444250,1.0
Nov 2022,GMB,2455839,first projection,2023-06-01,2023-08-31,3+,319628,0.13
Nov 2022,GMB,2455839,first projection,2023-06-01,2023-08-31,1,1352046,0.55
Nov 2022,GMB,2455839,first projection,2023-06-01,2023-08-31,2,772577,0.32
Nov 2022,GMB,2455839,first projection,2023-06-01,2023-08-31,3,300101,0.12
Nov 2022,GMB,2455839,first projection,2023-06-01,2023-08-31,4,19527,0.01
Nov 2022,GMB,2455839,first projection,2023-06-01,2023-08-31,5,0,0
Mar 2022,GMB,2455839,first projection,2022-06-01,2022-08-31,all,2455839,1.0
Mar 2022,GMB,2455839,first projection,2022-06-01,2022-08-31,3+,206712,0.08
Mar 2022,GMB,2455839,first projection,2022-06-01,2022-08-31,1,1642345,0.67
Mar 2022,GMB,2455839,first projection,2022-06-01,2022-08-31,2,606782,0.25
Mar 2022,GMB,2455839,first projection,2022-06-01,2022-08-31,3,199751,0.08
Mar 2022,GMB,2455839,first projection,2022-06-01,2022-08-31,4,6962,0
Mar 2022,GMB,2455839,first projection,2022-06-01,2022-08-31,5,0,0
Nov 2021,GMB,2455839,current,2021-10-01,2021-12-31,all,2455839,1.0
Nov 2021,GMB,2455839,current,2021-10-01,2021-12-31,3+,111976,0.05
Nov 2021,GMB,2455839,current,2021-10-01,2021-12-31,1,1848291,0.75
Nov 2021,GMB,2455839,current,2021-10-01,2021-12-31,2,495572,0.2
Nov 2021,GMB,2455839,current,2021-10-01,2021-12-31,3,111976,0.05
Nov 2021,GMB,2455839,current,2021-10-01,2021-12-31,4,0,0
Nov 2021,GMB,2455839,current,2021-10-01,2021-12-31,5,0,0
Nov 2021,GMB,2455839,first projection,2022-06-01,2022-08-31,all,2455839,1.0
Nov 2021,GMB,2455839,first projection,2022-06-01,2022-08-31,3+,206712,0.08
Nov 2021,GMB,2455839,first projection,2022-06-01,2022-08-31,1,1642345,0.67
Nov 2021,GMB,2455839,first projection,2022-06-01,2022-08-31,2,606782,0.25
Nov 2021,GMB,2455839,first projection,2022-06-01,2022-08-31,3,199751,0.08
Nov 2021,GMB,2455839,first projection,2022-06-01,2022-08-31,4,6962,0
Nov 2021,GMB,2455839,first projection,2022-06-01,2022-08-31,5,0,0
Mar 2021,GMB,2455839,current,2021-03-01,2021-05-31,all,2455839,1.0
Mar 2021,GMB,2455839,current,2021-03-01,2021-05-31,3+,65410,0.03
Mar 2021,GMB,2455839,current,2021-03-01,2021-05-31,1,2025124,0.82
Mar 2021,GMB,2455839,current,2021-03-01,2021-05-31,2,365305,0.15
Mar 2021,GMB,2455839,current,2021-03-01,2021-05-31,3,65410,0.03
Mar 2021,GMB,2455839,current,2021-03-01,2021-05-31,4,0,0
Mar 2021,GMB,2455839,current,2021-03-01,2021-05-31,5,0,0
Mar 2021,GMB,2455839,first projection,2021-06-01,2021-08-31,all,2455839,1.0
Mar 2021,GMB,2455839,first projection,2021-06-01,2021-08-31,3+,113720,0.05
Mar 2021,GMB,2455839,first projection,2021-06-01,2021-08-31,1,1855578,0.76
Mar 2021,GMB,2455839,first projection,2021-06-01,2021-08-31,2,486542,0.2
Mar 2021,GMB,2455839,first projection,2021-06-01,2021-08-31,3,113720,0.05
Mar 2021,GMB,2455839,first projection,2021-06-01,2021-08-31,4,0,0
Mar 2021,GMB,2455839,first projection,2021-06-01,2021-08-31,5,0,0
Mar 2025,GNB,1816450,current,2025-03-01,2025-05-31,all,1816450,1.0
Mar 2025,GNB,1816450,current,2025-03-01,2025-05-31,3+,121695,0.07
Mar 2025,GNB,1816450,current,2025-03-01,2025-05-31,1,1360149,0.75
Mar 2025,GNB,1816450,current,2025-03-01,2025-05-31,2,334606,0.18
Mar 2025,GNB,1816450,current,2025-03-01,2025-05-31,3,121695,0.07
Mar 2025,GNB,1816450,current,2025-03-01,2025-05-31,4,0,0
Mar 2025,GNB,1816450,current,2025-03-01,2025-05-31,5,0,0
Mar 2025,GNB,1816450,first projection,2025-06-01,2025-08-31,all,1816450,1.0
Mar 2025,GNB,1816450,first projection,2025-06-01,2025-08-31,3+,146034,0.08
Mar 2025,GNB,1816450,first projection,2025-06-01,2025-08-31,1,1298533,0.71
Mar 2025,GNB,1816450,first projection,2025-06-01,2025-08-31,2,371884,0.2
Mar 2025,GNB,1816450,first projection,2025-06-01,2025-08-31,3,146034,0.08
Mar 2025,GNB,1816450,first projection,2025-06-01,2025-08-31,4,0,0
Mar 2025,GNB,1816450,first projection,2025-06-01,2025-08-31,5,0,0
Nov 2024,GNB,1816450,current,2024-10-01,2024-12-31,all,1816450,1.0
Nov 2024,GNB,1816450,current,2024-10-01,2024-12-31,3+,107705,0.06
Nov 2024,GNB,1816450,current,2024-10-01,2024-12-31,1,1422555,0.78
Nov 2024,GNB,1816450,current,2024-10-01,2024-12-31,2,286191,0.16
Nov 2024,GNB,1816450,current,2024-10-01,2024-12-31,3,107705,0.06
Nov 2024,GNB,1816450,current,2024-10-01,2024-12-31,4,0,0
Nov 2024,GNB,1816450,current,2024-10-01,2024-12-31,5,0,0
Nov 2024,GNB,1816450,first projection,2025-06-01,2025-08-31,all,1816450,1.0
Nov 2024,GNB,1816450,first projection,2025-06-01,2025-08-31,3+,129620,0.07
Nov 2024,GNB,1816450,first projection,2025-06-01,2025-08-31,1,1362325,0.75
Nov 2024,GNB,1816450,first projection,2025-06-01,2025-08-31,2,324505,0.18
Nov 2024,GNB,1816450,first projection,2025-06-01,2025-08-31,3,129620,0.07
Nov 2024,GNB,1816450,first projection,2025-06-01,2025-08-31,4,0,0
Nov 2024,GNB,1816450,first projection,2025-06-01,2025-08-31,5,0,0
Mar 2024,GNB,1781307,current,2024-03-01,2024-05-31,all,1781307,1.0
Mar 2024,GNB,1781307,current,2024-03-01,2024-05-31,3+,98024,0.06
Mar 2024,GNB,1781307,current,2024-03-01,2024-05-31,1,1368689,0.77
Mar 2024,GNB,1781307,current,2024-03-01,2024-05-31,2,314595,0.18
Mar 2024,GNB,1781307,current,2024-03-01,2024-05-31,3,98024,0.06
Mar 2024,GNB,1781307,current,2024-03-01,2024-05-31,4,0,0
Mar 2024,GNB,1781307,current,2024-03-01,2024-05-31,5,0,0
Mar 2024,GNB,1781307,first projection,2024-06-01,2024-08-31,all,1781307,1.0
Mar 2024,GNB,1781307,first projection,2024-06-01,2024-08-31,3+,117294,0.07
Mar 2024,GNB,1781307,first projection,2024-06-01,2024-08-31,1,1299716,0.73
Mar 2024,GNB,1781307,first projection,2024-06-01,2024-08-31,2,364297,0.2
Mar 2024,GNB,1781307,first projection,2024-06-01,2024-08-31,3,117294,0.07
Mar 2024,GNB,1781307,first projection,2024-06-01,2024-08-31,4,0,0
Mar 2024,GNB,1781307,first projection,2024-06-01,2024-08-31,5,0,0
Nov 2023,GNB,0,current,2023-10-01,2023-12-31,all,1781307,1.0
Nov 2023,GNB,0,current,2023-10-01,2023-12-31,3+,80964,0.05
Nov 2023,GNB,0,current,2023-10-01,2023-12-31,1,1476807,0.83
Nov 2023,GNB,0,current,2023-10-01,2023-12-31,2,223536,0.13
Nov 2023,GNB,0,current,2023-10-01,2023-12-31,3,80964,0.05
Nov 2023,GNB,0,current,2023-10-01,2023-12-31,4,0,0
Nov 2023,GNB,0,current,2023-10-01,2023-12-31,5,0,0
Nov 2023,GNB,0,first projection,2024-06-01,2024-08-31,all,1781307,1.0
Nov 2023,GNB,0,first projection,2024-06-01,2024-08-31,3+,126108,0.07
Nov 2023,GNB,0,first projection,2024-06-01,2024-08-31,1,1373737,0.77
Nov 2023,GNB,0,first projection,2024-06-01,2024-08-31,2,281463,0.16
Nov 2023,GNB,0,first projection,2024-06-01,2024-08-31,3,126108,0.07
Nov 2023,GNB,0,first projection,2024-06-01,2024-08-31,4,0,0
Nov 2023,GNB,0,first projection,2024-06-01,2024-08-31,5,0,0
Mar 2023,GNB,1694273,current,2023-03-01,2023-05-31,all,1272872,1.0
Mar 2023,GNB,1694273,current,2023-03-01,2023-05-31,3+,95820,0.08
Mar 2023,GNB,1694273,current,2023-03-01,2023-05-31,1,936337,0.74
Mar 2023,GNB,1694273,current,2023-03-01,2023-05-31,2,240714,0.19
Mar 2023,GNB,1694273,current,2023-03-01,2023-05-31,3,95820,0.08
Mar 2023,GNB,1694273,current,2023-03-01,2023-05-31,4,0,0
Mar 2023,GNB,1694273,current,2023-03-01,2023-05-31,5,0,0
Mar 2023,GNB,1694273,first projection,2023-06-01,2023-08-31,all,1272872,1.0
Mar 2023,GNB,1694273,first projection,2023-06-01,2023-08-31,3+,78902,0.06
Mar 2023,GNB,1694273,first projection,2023-06-01,2023-08-31,1,940711,0.74
Mar 2023,GNB,1694273,first projection,2023-06-01,2023-08-31,2,253259,0.2
Mar 2023,GNB,1694273,first projection,2023-06-01,2023-08-31,3,78902,0.06
Mar 2023,GNB,1694273,first projection,2023-06-01,2023-08-31,4,0,0
Mar 2023,GNB,1694273,first projection,2023-06-01,2023-08-31,5,0,0
Nov 2022,GNB,1328669,current,2022-10-01,2022-12-31,all,1694273,1.0
Nov 2022,GNB,1328669,current,2022-10-01,2022-12-31,3+,112034,0.07
Nov 2022,GNB,1328669,current,2022-10-01,2022-12-31,1,1308630,0.77
Nov 2022,GNB,1328669,current,2022-10-01,2022-12-31,2,267590,0.16
Nov 2022,GNB,1328669,current,2022-10-01,2022-12-31,3,112034,0.07
Nov 2022,GNB,1328669,current,2022-10-01,2022-12-31,4,0,0
Nov 2022,GNB,1328669,current,2022-10-01,2022-12-31,5,0,0
Nov 2022,GNB,1328669,first projection,2023-06-01,2023-08-31,all,1694273,1.0
Nov 2022,GNB,1328669,first projection,2023-06-01,2023-08-31,3+,133998,0.08
Nov 2022,GNB,1328669,first projection,2023-06-01,2023-08-31,1,1217073,0.72
Nov 2022,GNB,1328669,first projection,2023-06-01,2023-08-31,2,335679,0.2
Nov 2022,GNB,1328669,first projection,2023-06-01,2023-08-31,3,133998,0.08
Nov 2022,GNB,1328669,first projection,2023-06-01,2023-08-31,4,0,0
Nov 2022,GNB,1328669,first projection,2023-06-01,2023-08-31,5,0,0
Mar 2022,GNB,1328669,current,2022-03-01,2022-05-31,all,1328669,1.0
Mar 2022,GNB,1328669,current,2022-03-01,2022-05-31,3+,131444,0.1
Mar 2022,GNB,1328669,current,2022-03-01,2022-05-31,1,847615,0.64
Mar 2022,GNB,1328669,current,2022-03-01,2022-05-31,2,349610,0.26
Mar 2022,GNB,1328669,current,2022-03-01,2022-05-31,3,131444,0.1
Mar 2022,GNB,1328669,current,2022-03-01,2022-05-31,4,0,0
Mar 2022,GNB,1328669,current,2022-03-01,2022-05-31,5,0,0
Mar 2022,GNB,1328669,first projection,2022-06-01,2022-08-31,all,1328669,1.0
Mar 2022,GNB,1328669,first projection,2022-06-01,2022-08-31,3+,73092,0.06
Mar 2022,GNB,1328669,first projection,2022-06-01,2022-08-31,1,1009990,0.76
Mar 2022,GNB,1328669,first projection,2022-06-01,2022-08-31,2,245587,0.18
Mar 2022,GNB,1328669,first projection,2022-06-01,2022-08-31,3,73092,0.06
Mar 2022,GNB,1328669,first projection,2022-06-01,2022-08-31,4,0,0
Mar 2022,GNB,1328669,first projection,2022-06-01,2022-08-31,5,0,0
Nov 2021,GNB,1328669,current,2021-10-01,2021-12-31,all,1328669,1.0
Nov 2021,GNB,1328669,current,2021-10-01,2021-12-31,3+,57996,0.04
Nov 2021,GNB,1328669,current,2021-10-01,2021-12-31,1,1022196,0.77
Nov 2021,GNB,1328669,current,2021-10-01,2021-12-31,2,248477,0.19
Nov 2021,GNB,1328669,current,2021-10-01,2021-12-31,3,57996,0.04
Nov 2021,GNB,1328669,current,2021-10-01,2021-12-31,4,0,0
Nov 2021,GNB,1328669,current,2021-10-01,2021-12-31,5,0,0
Nov 2021,GNB,1328669,first projection,2022-06-01,2022-08-31,all,1328669,1.0
Nov 2021,GNB,1328669,first projection,2022-06-01,2022-08-31,3+,40689,0.03
Nov 2021,GNB,1328669,first projection,2022-06-01,2022-08-31,1,1066356,0.8
Nov 2021,GNB,1328669,first projection,2022-06-01,2022-08-31,2,221623,0.17
Nov 2021,GNB,1328669,first projection,2022-06-01,2022-08-31,3,40689,0.03
Nov 2021,GNB,1328669,first projection,2022-06-01,2022-08-31,4,0,0
Nov 2021,GNB,1328669,first projection,2022-06-01,2022-08-31,5,0,0
Mar 2021,GNB,2064265,current,2021-03-01,2021-05-31,all,1319425,1.0
Mar 2021,GNB,2064265,current,2021-03-01,2021-05-31,3+,68127,0.05
Mar 2021,GNB,2064265,current,2021-03-01,2021-05-31,1,1085967,0.82
Mar 2021,GNB,2064265,current,2021-03-01,2021-05-31,2,165331,0.13
Mar 2021,GNB,2064265,current,2021-03-01,2021-05-31,3,68127,0.05
Mar 2021,GNB,2064265,current,2021-03-01,2021-05-31,4,0,0
Mar 2021,GNB,2064265,current,2021-03-01,2021-05-31,5,0,0
Mar 2021,GNB,2064265,first projection,2021-06-01,2021-08-31,all,1319425,1.0
Mar 2021,GNB,2064265,first projection,2021-06-01,2021-08-31,3+,100582,0.08
Mar 2021,GNB,2064265,first projection,2021-06-01,2021-08-31,1,933275,0.71
Mar 2021,GNB,2064265,first projection,2021-06-01,2021-08-31,2,285567,0.22
Mar 2021,GNB,2064265,first projection,2021-06-01,2021-08-31,3,100582,0.08
Mar 2021,GNB,2064265,first projection,2021-06-01,2021-08-31,4,0,0
Mar 2021,GNB,2064265,first projection,2021-06-01,2021-08-31,5,0,0
May 2026,GTM,18312373,current,2026-04-01,2026-06-30,all,18312373,1.0
May 2026,GTM,18312373,current,2026-04-01,2026-06-30,3+,2453907,0.14
May 2026,GTM,18312373,current,2026-04-01,2026-06-30,1,7800971,0.43
May 2026,GTM,18312373,current,2026-04-01,2026-06-30,2,8057497,0.44
May 2026,GTM,18312373,current,2026-04-01,2026-06-30,3,2334280,0.13
May 2026,GTM,18312373,current,2026-04-01,2026-06-30,4,119627,0.01
May 2026,GTM,18312373,current,2026-04-01,2026-06-30,5,0,0
May 2026,GTM,18312373,first projection,2026-07-01,2026-09-30,all,18312373,1.0
May 2026,GTM,18312373,first projection,2026-07-01,2026-09-30,3+,3177461,0.17
May 2026,GTM,18312373,first projection,2026-07-01,2026-09-30,1,6670778,0.36
May 2026,GTM,18312373,first projection,2026-07-01,2026-09-30,2,8464140,0.46
May 2026,GTM,18312373,first projection,2026-07-01,2026-09-30,3,2980802,0.16
May 2026,GTM,18312373,first projection,2026-07-01,2026-09-30,4,196659,0.01
May 2026,GTM,18312373,first projection,2026-07-01,2026-09-30,5,0,0
May 2026,GTM,18312373,second projection,2026-10-01,2027-02-28,all,18312373,1.0
May 2026,GTM,18312373,second projection,2026-10-01,2027-02-28,3+,2587314,0.14
May 2026,GTM,18312373,second projection,2026-10-01,2027-02-28,1,7709027,0.42
May 2026,GTM,18312373,second projection,2026-10-01,2027-02-28,2,8016034,0.44
May 2026,GTM,18312373,second projection,2026-10-01,2027-02-28,3,2441524,0.13
May 2026,GTM,18312373,second projection,2026-10-01,2027-02-28,4,145790,0.01
May 2026,GTM,18312373,second projection,2026-10-01,2027-02-28,5,0,0
May 2025,GTM,18079810,current,2025-05-01,2025-08-31,all,18079810,1.0
May 2025,GTM,18079810,current,2025-05-01,2025-08-31,3+,3437133,0.19
May 2025,GTM,18079810,current,2025-05-01,2025-08-31,1,7933489,0.44
May 2025,GTM,18079810,current,2025-05-01,2025-08-31,2,6708179,0.37
May 2025,GTM,18079810,current,2025-05-01,2025-08-31,3,3106988,0.17
May 2025,GTM,18079810,current,2025-05-01,2025-08-31,4,330145,0.02
May 2025,GTM,18079810,current,2025-05-01,2025-08-31,5,0,0
May 2025,GTM,18079810,first projection,2025-09-01,2026-01-31,all,18079810,1.0
May 2025,GTM,18079810,first projection,2025-09-01,2026-01-31,3+,2607728,0.14
May 2025,GTM,18079810,first projection,2025-09-01,2026-01-31,1,8624344,0.48
May 2025,GTM,18079810,first projection,2025-09-01,2026-01-31,2,6847743,0.38
May 2025,GTM,18079810,first projection,2025-09-01,2026-01-31,3,2422927,0.13
May 2025,GTM,18079810,first projection,2025-09-01,2026-01-31,4,184801,0.01
May 2025,GTM,18079810,first projection,2025-09-01,2026-01-31,5,0,0
May 2025,GTM,18079810,second projection,2026-02-01,2026-04-30,all,18079810,1.0
May 2025,GTM,18079810,second projection,2026-02-01,2026-04-30,3+,3012301,0.16
May 2025,GTM,18079810,second projection,2026-02-01,2026-04-30,1,8220240,0.45
May 2025,GTM,18079810,second projection,2026-02-01,2026-04-30,2,6847275,0.38
May 2025,GTM,18079810,second projection,2026-02-01,2026-04-30,3,2763835,0.15
May 2025,GTM,18079810,second projection,2026-02-01,2026-04-30,4,248466,0.01
May 2025,GTM,18079810,second projection,2026-02-01,2026-04-30,5,0,0
Jul 2024,GTM,17843132,current,2024-06-01,2024-08-31,all,17843132,1.0
Jul 2024,GTM,17843132,current,2024-06-01,2024-08-31,3+,2994471,0.17
Jul 2024,GTM,17843132,current,2024-06-01,2024-08-31,1,9711864,0.54
Jul 2024,GTM,17843132,current,2024-06-01,2024-08-31,2,5136797,0.29
Jul 2024,GTM,17843132,current,2024-06-01,2024-08-31,3,2608191,0.15
Jul 2024,GTM,17843132,current,2024-06-01,2024-08-31,4,386280,0.02
Jul 2024,GTM,17843132,current,2024-06-01,2024-08-31,5,0,0
Jul 2024,GTM,17843132,first projection,2024-09-01,2025-02-28,all,17843132,1.0
Jul 2024,GTM,17843132,first projection,2024-09-01,2025-02-28,3+,2727926,0.15
Jul 2024,GTM,17843132,first projection,2024-09-01,2025-02-28,1,9671049,0.54
Jul 2024,GTM,17843132,first projection,2024-09-01,2025-02-28,2,5444156,0.31
Jul 2024,GTM,17843132,first projection,2024-09-01,2025-02-28,3,2425011,0.13
Jul 2024,GTM,17843132,first projection,2024-09-01,2025-02-28,4,302915,0.02
Jul 2024,GTM,17843132,first projection,2024-09-01,2025-02-28,5,0,0
Jul 2024,GTM,17843132,second projection,2025-03-01,2025-05-31,all,17843132,1.0
Jul 2024,GTM,17843132,second projection,2025-03-01,2025-05-31,3+,2828186,0.16
Jul 2024,GTM,17843132,second projection,2025-03-01,2025-05-31,1,9761990,0.55
Jul 2024,GTM,17843132,second projection,2025-03-01,2025-05-31,2,5237283,0.29
Jul 2024,GTM,17843132,second projection,2025-03-01,2025-05-31,3,2486782,0.14
Jul 2024,GTM,17843132,second projection,2025-03-01,2025-05-31,4,341404,0.02
Jul 2024,GTM,17843132,second projection,2025-03-01,2025-05-31,5,0,0
May 2023,GTM,17602431,current,2023-03-01,2023-05-31,all,17602431,1.0
May 2023,GTM,17602431,current,2023-03-01,2023-05-31,3+,3459908,0.19
May 2023,GTM,17602431,current,2023-03-01,2023-05-31,1,7578870,0.43
May 2023,GTM,17602431,current,2023-03-01,2023-05-31,2,6563653,0.37
May 2023,GTM,17602431,current,2023-03-01,2023-05-31,3,3049528,0.17
May 2023,GTM,17602431,current,2023-03-01,2023-05-31,4,410380,0.02
May 2023,GTM,17602431,current,2023-03-01,2023-05-31,5,0,0
May 2023,GTM,17602431,first projection,2023-06-01,2023-08-31,all,17602431,1.0
May 2023,GTM,17602431,first projection,2023-06-01,2023-08-31,3+,4273098,0.24
May 2023,GTM,17602431,first projection,2023-06-01,2023-08-31,1,7063008,0.4
May 2023,GTM,17602431,first projection,2023-06-01,2023-08-31,2,6266325,0.36
May 2023,GTM,17602431,first projection,2023-06-01,2023-08-31,3,3668942,0.21
May 2023,GTM,17602431,first projection,2023-06-01,2023-08-31,4,604156,0.03
May 2023,GTM,17602431,first projection,2023-06-01,2023-08-31,5,0,0
May 2023,GTM,17602431,second projection,2023-09-01,2024-02-29,all,17602431,1.0
May 2023,GTM,17602431,second projection,2023-09-01,2024-02-29,3+,3095985,0.18
May 2023,GTM,17602431,second projection,2023-09-01,2024-02-29,1,7774134,0.44
May 2023,GTM,17602431,second projection,2023-09-01,2024-02-29,2,6732312,0.38
May 2023,GTM,17602431,second projection,2023-09-01,2024-02-29,3,2772536,0.16
May 2023,GTM,17602431,second projection,2023-09-01,2024-02-29,4,323448,0.02
May 2023,GTM,17602431,second projection,2023-09-01,2024-02-29,5,0,0
Apr 2022,GTM,17357886,current,2022-03-01,2022-05-31,all,17357886,1.0
Apr 2022,GTM,17357886,current,2022-03-01,2022-05-31,3+,3927271,0.22
Apr 2022,GTM,17357886,current,2022-03-01,2022-05-31,1,6276178,0.37
Apr 2022,GTM,17357886,current,2022-03-01,2022-05-31,2,7154438,0.41
Apr 2022,GTM,17357886,current,2022-03-01,2022-05-31,3,3518170,0.2
Apr 2022,GTM,17357886,current,2022-03-01,2022-05-31,4,409100,0.02
Apr 2022,GTM,17357886,current,2022-03-01,2022-05-31,5,0,0
Apr 2022,GTM,17357886,first projection,2022-06-01,2022-09-30,all,17357886,1.0
Apr 2022,GTM,17357886,first projection,2022-06-01,2022-09-30,3+,4600986,0.26
Apr 2022,GTM,17357886,first projection,2022-06-01,2022-09-30,1,5623269,0.33
Apr 2022,GTM,17357886,first projection,2022-06-01,2022-09-30,2,7133631,0.41
Apr 2022,GTM,17357886,first projection,2022-06-01,2022-09-30,3,4048533,0.23
Apr 2022,GTM,17357886,first projection,2022-06-01,2022-09-30,4,552453,0.03
Apr 2022,GTM,17357886,first projection,2022-06-01,2022-09-30,5,0,0
Apr 2022,GTM,17357886,second projection,2022-10-01,2023-02-28,all,17602431,1.0
Apr 2022,GTM,17357886,second projection,2022-10-01,2023-02-28,3+,3239362,0.19
Apr 2022,GTM,17357886,second projection,2022-10-01,2023-02-28,1,6740346,0.38
Apr 2022,GTM,17357886,second projection,2022-10-01,2023-02-28,2,7622722,0.43
Apr 2022,GTM,17357886,second projection,2022-10-01,2023-02-28,3,3111434,0.18
Apr 2022,GTM,17357886,second projection,2022-10-01,2023-02-28,4,127928,0.01
Apr 2022,GTM,17357886,second projection,2022-10-01,2023-02-28,5,0,0
May 2021,GTM,17109746,current,2021-05-01,2021-08-31,all,17109746,1.0
May 2021,GTM,17109746,current,2021-05-01,2021-08-31,3+,3458652,0.2
May 2021,GTM,17109746,current,2021-05-01,2021-08-31,1,5875795,0.34
May 2021,GTM,17109746,current,2021-05-01,2021-08-31,2,7775299,0.45
May 2021,GTM,17109746,current,2021-05-01,2021-08-31,3,3285023,0.19
May 2021,GTM,17109746,current,2021-05-01,2021-08-31,4,173629,0.01
May 2021,GTM,17109746,current,2021-05-01,2021-08-31,5,0,0
May 2021,GTM,17109746,first projection,2021-09-01,2022-01-31,all,17109746,1.0
May 2021,GTM,17109746,first projection,2021-09-01,2022-01-31,3+,2512223,0.14
May 2021,GTM,17109746,first projection,2021-09-01,2022-01-31,1,6609358,0.39
May 2021,GTM,17109746,first projection,2021-09-01,2022-01-31,2,7988165,0.47
May 2021,GTM,17109746,first projection,2021-09-01,2022-01-31,3,2454451,0.14
May 2021,GTM,17109746,first projection,2021-09-01,2022-01-31,4,57772,0
May 2021,GTM,17109746,first projection,2021-09-01,2022-01-31,5,0,0
Aug 2026,HND,10186738,second projection,2026-08-01,2026-11-30,all,10186738,1.0
Aug 2026,HND,10186738,second projection,2026-08-01,2026-11-30,3+,1880801,0.18
Aug 2026,HND,10186738,second projection,2026-08-01,2026-11-30,1,4357931,0.43
Aug 2026,HND,10186738,second projection,2026-08-01,2026-11-30,2,3948009,0.39
Aug 2026,HND,10186738,second projection,2026-08-01,2026-11-30,3,1776020,0.17
Aug 2026,HND,10186738,second projection,2026-08-01,2026-11-30,4,104781,0.01
Aug 2026,HND,10186738,second projection,2026-08-01,2026-11-30,5,0,0
Mar 2026,HND,10186738,current,2025-11-01,2026-03-31,all,10186738,1.0
Mar 2026,HND,10186738,current,2025-11-01,2026-03-31,3+,1387086,0.13
Mar 2026,HND,10186738,current,2025-11-01,2026-03-31,1,5161373,0.51
Mar 2026,HND,10186738,current,2025-11-01,2026-03-31,2,3638286,0.36
Mar 2026,HND,10186738,current,2025-11-01,2026-03-31,3,1351637,0.13
Mar 2026,HND,10186738,current,2025-11-01,2026-03-31,4,35449,0
Mar 2026,HND,10186738,current,2025-11-01,2026-03-31,5,0,0
Mar 2026,HND,10186738,first projection,2026-04-01,2026-07-31,all,10186738,1.0
Mar 2026,HND,10186738,first projection,2026-04-01,2026-07-31,3+,1811122,0.18
Mar 2026,HND,10186738,first projection,2026-04-01,2026-07-31,1,4620236,0.45
Mar 2026,HND,10186738,first projection,2026-04-01,2026-07-31,2,3755380,0.37
Mar 2026,HND,10186738,first projection,2026-04-01,2026-07-31,3,1716321,0.17
Mar 2026,HND,10186738,first projection,2026-04-01,2026-07-31,4,94801,0.01
Mar 2026,HND,10186738,first projection,2026-04-01,2026-07-31,5,0,0
Mar 2026,HND,10186738,second projection,2026-08-01,2026-11-30,all,10186738,1.0
Mar 2026,HND,10186738,second projection,2026-08-01,2026-11-30,3+,1772283,0.18
Mar 2026,HND,10186738,second projection,2026-08-01,2026-11-30,1,4588919,0.45
Mar 2026,HND,10186738,second projection,2026-08-01,2026-11-30,2,3825537,0.38
Mar 2026,HND,10186738,second projection,2026-08-01,2026-11-30,3,1712705,0.17
Mar 2026,HND,10186738,second projection,2026-08-01,2026-11-30,4,59578,0.01
Mar 2026,HND,10186738,second projection,2026-08-01,2026-11-30,5,0,0
Feb 2025,HND,10039862,current,2024-12-01,2025-03-31,all,10039862,1.0
Feb 2025,HND,10039862,current,2024-12-01,2025-03-31,3+,1784832,0.18
Feb 2025,HND,10039862,current,2024-12-01,2025-03-31,1,4539379,0.45
Feb 2025,HND,10039862,current,2024-12-01,2025-03-31,2,3715651,0.37
Feb 2025,HND,10039862,current,2024-12-01,2025-03-31,3,1669230,0.17
Feb 2025,HND,10039862,current,2024-12-01,2025-03-31,4,115602,0.01
Feb 2025,HND,10039862,current,2024-12-01,2025-03-31,5,0,0
Feb 2025,HND,10039862,first projection,2025-04-01,2025-07-31,all,10039862,1.0
Feb 2025,HND,10039862,first projection,2025-04-01,2025-07-31,3+,1734314,0.17
Feb 2025,HND,10039862,first projection,2025-04-01,2025-07-31,1,4563108,0.45
Feb 2025,HND,10039862,first projection,2025-04-01,2025-07-31,2,3742440,0.37
Feb 2025,HND,10039862,first projection,2025-04-01,2025-07-31,3,1642143,0.16
Feb 2025,HND,10039862,first projection,2025-04-01,2025-07-31,4,92171,0.01
Feb 2025,HND,10039862,first projection,2025-04-01,2025-07-31,5,0,0
Feb 2025,HND,10039862,second projection,2025-08-01,2025-11-30,all,10039862,1.0
Feb 2025,HND,10039862,second projection,2025-08-01,2025-11-30,3+,1627047,0.17
Feb 2025,HND,10039862,second projection,2025-08-01,2025-11-30,1,4599097,0.46
Feb 2025,HND,10039862,second projection,2025-08-01,2025-11-30,2,3813719,0.38
Feb 2025,HND,10039862,second projection,2025-08-01,2025-11-30,3,1564574,0.16
Feb 2025,HND,10039862,second projection,2025-08-01,2025-11-30,4,62473,0.01
Feb 2025,HND,10039862,second projection,2025-08-01,2025-11-30,5,0,0
Feb 2024,HND,9892632,current,2023-12-01,2024-02-29,all,9892632,1.0
Feb 2024,HND,9892632,current,2023-12-01,2024-02-29,3+,1772657,0.18
Feb 2024,HND,9892632,current,2023-12-01,2024-02-29,1,4537891,0.46
Feb 2024,HND,9892632,current,2023-12-01,2024-02-29,2,3582083,0.36
Feb 2024,HND,9892632,current,2023-12-01,2024-02-29,3,1598973,0.16
Feb 2024,HND,9892632,current,2023-12-01,2024-02-29,4,173684,0.02
Feb 2024,HND,9892632,current,2023-12-01,2024-02-29,5,0,0
Feb 2024,HND,9892632,first projection,2024-03-01,2024-05-31,all,9892632,1.0
Feb 2024,HND,9892632,first projection,2024-03-01,2024-05-31,3+,1793142,0.18
Feb 2024,HND,9892632,first projection,2024-03-01,2024-05-31,1,4585409,0.46
Feb 2024,HND,9892632,first projection,2024-03-01,2024-05-31,2,3514081,0.36
Feb 2024,HND,9892632,first projection,2024-03-01,2024-05-31,3,1591113,0.16
Feb 2024,HND,9892632,first projection,2024-03-01,2024-05-31,4,202029,0.02
Feb 2024,HND,9892632,first projection,2024-03-01,2024-05-31,5,0,0
Feb 2024,HND,9892632,second projection,2024-06-01,2024-08-31,all,9892632,1.0
Feb 2024,HND,9892632,second projection,2024-06-01,2024-08-31,3+,1925726,0.19
Feb 2024,HND,9892632,second projection,2024-06-01,2024-08-31,1,4411019,0.45
Feb 2024,HND,9892632,second projection,2024-06-01,2024-08-31,2,3555888,0.36
Feb 2024,HND,9892632,second projection,2024-06-01,2024-08-31,3,1700136,0.17
Feb 2024,HND,9892632,second projection,2024-06-01,2024-08-31,4,225589,0.02
Feb 2024,HND,9892632,second projection,2024-06-01,2024-08-31,5,0,0
Feb 2023,HND,9745149,current,2022-12-01,2023-02-28,all,9745149,1.0
Feb 2023,HND,9745149,current,2022-12-01,2023-02-28,3+,2300926,0.24
Feb 2023,HND,9745149,current,2022-12-01,2023-02-28,1,4133979,0.42
Feb 2023,HND,9745149,current,2022-12-01,2023-02-28,2,3310243,0.34
Feb 2023,HND,9745149,current,2022-12-01,2023-02-28,3,1990219,0.2
Feb 2023,HND,9745149,current,2022-12-01,2023-02-28,4,310707,0.03
Feb 2023,HND,9745149,current,2022-12-01,2023-02-28,5,0,0
Feb 2023,HND,9745149,first projection,2023-03-01,2023-05-31,all,9745149,1.0
Feb 2023,HND,9745149,first projection,2023-03-01,2023-05-31,3+,2339923,0.24
Feb 2023,HND,9745149,first projection,2023-03-01,2023-05-31,1,4056864,0.42
Feb 2023,HND,9745149,first projection,2023-03-01,2023-05-31,2,3348361,0.34
Feb 2023,HND,9745149,first projection,2023-03-01,2023-05-31,3,2012945,0.21
Feb 2023,HND,9745149,first projection,2023-03-01,2023-05-31,4,326979,0.03
Feb 2023,HND,9745149,first projection,2023-03-01,2023-05-31,5,0,0
Feb 2023,HND,9745149,second projection,2023-06-01,2023-08-31,all,9745149,1.0
Feb 2023,HND,9745149,second projection,2023-06-01,2023-08-31,3+,2418192,0.25
Feb 2023,HND,9745149,second projection,2023-06-01,2023-08-31,1,3930365,0.4
Feb 2023,HND,9745149,second projection,2023-06-01,2023-08-31,2,3396592,0.35
Feb 2023,HND,9745149,second projection,2023-06-01,2023-08-31,3,2066258,0.21
Feb 2023,HND,9745149,second projection,2023-06-01,2023-08-31,4,351934,0.04
Feb 2023,HND,9745149,second projection,2023-06-01,2023-08-31,5,0,0
Jan 2022,HND,9597739,current,2021-12-01,2022-02-28,all,9597739,1.0
Jan 2022,HND,9597739,current,2021-12-01,2022-02-28,3+,2227597,0.24
Jan 2022,HND,9597739,current,2021-12-01,2022-02-28,1,3550819,0.37
Jan 2022,HND,9597739,current,2021-12-01,2022-02-28,2,3819323,0.4
Jan 2022,HND,9597739,current,2021-12-01,2022-02-28,3,1986945,0.21
Jan 2022,HND,9597739,current,2021-12-01,2022-02-28,4,240652,0.03
Jan 2022,HND,9597739,current,2021-12-01,2022-02-28,5,0,0
Jan 2022,HND,9597739,first projection,2022-03-01,2022-05-31,all,9597739,1.0
Jan 2022,HND,9597739,first projection,2022-03-01,2022-05-31,3+,2360645,0.25
Jan 2022,HND,9597739,first projection,2022-03-01,2022-05-31,1,3425923,0.36
Jan 2022,HND,9597739,first projection,2022-03-01,2022-05-31,2,3811171,0.4
Jan 2022,HND,9597739,first projection,2022-03-01,2022-05-31,3,2079008,0.22
Jan 2022,HND,9597739,first projection,2022-03-01,2022-05-31,4,281637,0.03
Jan 2022,HND,9597739,first projection,2022-03-01,2022-05-31,5,0,0
Jan 2022,HND,9597739,second projection,2022-06-01,2022-08-31,all,9597739,1.0
Jan 2022,HND,9597739,second projection,2022-06-01,2022-08-31,3+,2644239,0.28
Jan 2022,HND,9597739,second projection,2022-06-01,2022-08-31,1,3233689,0.34
Jan 2022,HND,9597739,second projection,2022-06-01,2022-08-31,2,3719811,0.39
Jan 2022,HND,9597739,second projection,2022-06-01,2022-08-31,3,2291044,0.24
Jan 2022,HND,9597739,second projection,2022-06-01,2022-08-31,4,353195,0.04
Jan 2022,HND,9597739,second projection,2022-06-01,2022-08-31,5,0,0
Jan 2021,HND,9304380,current,2020-12-01,2021-03-31,all,9304380,1.0
Jan 2021,HND,9304380,current,2020-12-01,2021-03-31,3+,2909523,0.31
Jan 2021,HND,9304380,current,2020-12-01,2021-03-31,1,2929158,0.31
Jan 2021,HND,9304380,current,2020-12-01,2021-03-31,2,3465700,0.37
Jan 2021,HND,9304380,current,2020-12-01,2021-03-31,3,2295570,0.25
Jan 2021,HND,9304380,current,2020-12-01,2021-03-31,4,613952,0.07
Jan 2021,HND,9304380,current,2020-12-01,2021-03-31,5,0,0
Jan 2021,HND,9304380,first projection,2021-04-01,2021-06-30,all,9304380,1.0
Jan 2021,HND,9304380,first projection,2021-04-01,2021-06-30,3+,3065256,0.33
Jan 2021,HND,9304380,first projection,2021-04-01,2021-06-30,1,2648865,0.28
Jan 2021,HND,9304380,first projection,2021-04-01,2021-06-30,2,3590259,0.39
Jan 2021,HND,9304380,first projection,2021-04-01,2021-06-30,3,2498483,0.27
Jan 2021,HND,9304380,first projection,2021-04-01,2021-06-30,4,566773,0.06
Jan 2021,HND,9304380,first projection,2021-04-01,2021-06-30,5,0,0
Jan 2021,HND,9304380,second projection,2021-07-01,2021-09-30,all,9304380,1.0
Jan 2021,HND,9304380,second projection,2021-07-01,2021-09-30,3+,3294065,0.35
Jan 2021,HND,9304380,second projection,2021-07-01,2021-09-30,1,2506918,0.27
Jan 2021,HND,9304380,second projection,2021-07-01,2021-09-30,2,3503397,0.38
Jan 2021,HND,9304380,second projection,2021-07-01,2021-09-30,3,2678544,0.29
Jan 2021,HND,9304380,second projection,2021-07-01,2021-09-30,4,615521,0.07
Jan 2021,HND,9304380,second projection,2021-07-01,2021-09-30,5,0,0
Mar 2026,HTI,11254209,first projection,2026-03-01,2026-06-30,all,11254209,1.0
Mar 2026,HTI,11254209,first projection,2026-03-01,2026-06-30,3+,5834131,0.52
Mar 2026,HTI,11254209,first projection,2026-03-01,2026-06-30,1,2541404,0.23
Mar 2026,HTI,11254209,first projection,2026-03-01,2026-06-30,2,2878678,0.26
Mar 2026,HTI,11254209,first projection,2026-03-01,2026-06-30,3,4006753,0.36
Mar 2026,HTI,11254209,first projection,2026-03-01,2026-06-30,4,1827378,0.16
Mar 2026,HTI,11254209,first projection,2026-03-01,2026-06-30,5,0,0
Sep 2025,HTI,11214615,current,2025-09-01,2026-02-28,all,11293795,1.0
Sep 2025,HTI,11214615,current,2025-09-01,2026-02-28,3+,5697628,0.51
Sep 2025,HTI,11214615,current,2025-09-01,2026-02-28,1,2536622,0.22
Sep 2025,HTI,11214615,current,2025-09-01,2026-02-28,2,3059549,0.27
Sep 2025,HTI,11214615,current,2025-09-01,2026-02-28,3,3802136,0.34
Sep 2025,HTI,11214615,current,2025-09-01,2026-02-28,4,1895492,0.17
Sep 2025,HTI,11214615,current,2025-09-01,2026-02-28,5,0,0
Sep 2025,HTI,11214615,first projection,2026-03-01,2026-07-31,all,11293795,1.0
Sep 2025,HTI,11214615,first projection,2026-03-01,2026-07-31,3+,5910720,0.53
Sep 2025,HTI,11214615,first projection,2026-03-01,2026-07-31,1,2536622,0.22
Sep 2025,HTI,11214615,first projection,2026-03-01,2026-07-31,2,2846458,0.25
Sep 2025,HTI,11214615,first projection,2026-03-01,2026-07-31,3,3924261,0.35
Sep 2025,HTI,11214615,first projection,2026-03-01,2026-07-31,4,1986459,0.18
Sep 2025,HTI,11214615,first projection,2026-03-01,2026-07-31,5,0,0
Mar 2025,HTI,11214615,first projection,2025-03-01,2025-06-30,all,11214605,1.0
Mar 2025,HTI,11214615,first projection,2025-03-01,2025-06-30,3+,5714300,0.51
Mar 2025,HTI,11214615,first projection,2025-03-01,2025-06-30,1,2604872,0.23
Mar 2025,HTI,11214615,first projection,2025-03-01,2025-06-30,2,2895434,0.26
Mar 2025,HTI,11214615,first projection,2025-03-01,2025-06-30,3,3604975,0.32
Mar 2025,HTI,11214615,first projection,2025-03-01,2025-06-30,4,2100893,0.19
Mar 2025,HTI,11214615,first projection,2025-03-01,2025-06-30,5,8431,0
Aug 2024,HTI,11214615,current,2024-08-01,2025-02-28,all,11214605,1.0
Aug 2024,HTI,11214615,current,2024-08-01,2025-02-28,3+,5407898,0.48
Aug 2024,HTI,11214615,current,2024-08-01,2025-02-28,1,2749682,0.25
Aug 2024,HTI,11214615,current,2024-08-01,2025-02-28,2,3057026,0.27
Aug 2024,HTI,11214615,current,2024-08-01,2025-02-28,3,3400350,0.3
Aug 2024,HTI,11214615,current,2024-08-01,2025-02-28,4,2001911,0.18
Aug 2024,HTI,11214615,current,2024-08-01,2025-02-28,5,5636,0
Aug 2024,HTI,11214615,first projection,2025-03-01,2025-06-30,all,11214605,1.0
Aug 2024,HTI,11214615,first projection,2025-03-01,2025-06-30,3+,5535334,0.5
Aug 2024,HTI,11214615,first projection,2025-03-01,2025-06-30,1,2705009,0.24
Aug 2024,HTI,11214615,first projection,2025-03-01,2025-06-30,2,2974262,0.27
Aug 2024,HTI,11214615,first projection,2025-03-01,2025-06-30,3,3534353,0.32
Aug 2024,HTI,11214615,first projection,2025-03-01,2025-06-30,4,1995345,0.18
Aug 2024,HTI,11214615,first projection,2025-03-01,2025-06-30,5,5636,0
Mar 2024,HTI,10911000,first projection,2024-03-01,2024-06-30,all,9906757,1.0
Mar 2024,HTI,10911000,first projection,2024-03-01,2024-06-30,3+,4966090,0.5
Mar 2024,HTI,10911000,first projection,2024-03-01,2024-06-30,1,2574239,0.26
Mar 2024,HTI,10911000,first projection,2024-03-01,2024-06-30,2,2366427,0.24
Mar 2024,HTI,10911000,first projection,2024-03-01,2024-06-30,3,3321110,0.33
Mar 2024,HTI,10911000,first projection,2024-03-01,2024-06-30,4,1644981,0.17
Mar 2024,HTI,10911000,first projection,2024-03-01,2024-06-30,5,0,0
Aug 2023,HTI,11724763,current,2023-08-01,2024-02-29,all,9906757,1.0
Aug 2023,HTI,11724763,current,2023-08-01,2024-02-29,3+,4346137,0.44
Aug 2023,HTI,11724763,current,2023-08-01,2024-02-29,1,2742982,0.28
Aug 2023,HTI,11724763,current,2023-08-01,2024-02-29,2,2817638,0.28
Aug 2023,HTI,11724763,current,2023-08-01,2024-02-29,3,2944664,0.3
Aug 2023,HTI,11724763,current,2023-08-01,2024-02-29,4,1401473,0.14
Aug 2023,HTI,11724763,current,2023-08-01,2024-02-29,5,0,0
Aug 2023,HTI,11724763,first projection,2024-03-01,2024-06-30,all,9906757,1.0
Aug 2023,HTI,11724763,first projection,2024-03-01,2024-06-30,3+,4434225,0.45
Aug 2023,HTI,11724763,first projection,2024-03-01,2024-06-30,1,2674593,0.27
Aug 2023,HTI,11724763,first projection,2024-03-01,2024-06-30,2,2797939,0.28
Aug 2023,HTI,11724763,first projection,2024-03-01,2024-06-30,3,3032752,0.31
Aug 2023,HTI,11724763,first projection,2024-03-01,2024-06-30,4,1401473,0.14
Aug 2023,HTI,11724763,first projection,2024-03-01,2024-06-30,5,0,0
Mar 2023,HTI,10911819,first projection,2023-03-01,2023-06-30,all,9906757,1.0
Mar 2023,HTI,10911819,first projection,2023-03-01,2023-06-30,3+,4890233,0.49
Mar 2023,HTI,10911819,first projection,2023-03-01,2023-06-30,1,2346733,0.24
Mar 2023,HTI,10911819,first projection,2023-03-01,2023-06-30,2,2669791,0.27
Mar 2023,HTI,10911819,first projection,2023-03-01,2023-06-30,3,3082278,0.31
Mar 2023,HTI,10911819,first projection,2023-03-01,2023-06-30,4,1807955,0.18
Mar 2023,HTI,10911819,first projection,2023-03-01,2023-06-30,5,0,0
Sep 2022,HTI,10911819,current,2022-09-01,2023-02-28,all,9906757,1.0
Sep 2022,HTI,10911819,current,2022-09-01,2023-02-28,3+,4724394,0.48
Sep 2022,HTI,10911819,current,2022-09-01,2023-02-28,1,2397489,0.24
Sep 2022,HTI,10911819,current,2022-09-01,2023-02-28,2,2784874,0.28
Sep 2022,HTI,10911819,current,2022-09-01,2023-02-28,3,2891240,0.29
Sep 2022,HTI,10911819,current,2022-09-01,2023-02-28,4,1813948,0.18
Sep 2022,HTI,10911819,current,2022-09-01,2023-02-28,5,19206,0
Sep 2022,HTI,10911819,first projection,2023-03-01,2023-06-30,all,9906757,1.0
Sep 2022,HTI,10911819,first projection,2023-03-01,2023-06-30,3+,4711534,0.48
Sep 2022,HTI,10911819,first projection,2023-03-01,2023-06-30,1,2378323,0.24
Sep 2022,HTI,10911819,first projection,2023-03-01,2023-06-30,2,2816900,0.28
Sep 2022,HTI,10911819,first projection,2023-03-01,2023-06-30,3,3038489,0.3
Sep 2022,HTI,10911819,first projection,2023-03-01,2023-06-30,4,1653839,0.17
Sep 2022,HTI,10911819,first projection,2023-03-01,2023-06-30,5,19206,0
Feb 2022,HTI,10911819,first projection,2022-03-01,2022-06-30,all,9906757,1.0
Feb 2022,HTI,10911819,first projection,2022-03-01,2022-06-30,3+,4495852,0.45
Feb 2022,HTI,10911819,first projection,2022-03-01,2022-06-30,1,2758414,0.28
Feb 2022,HTI,10911819,first projection,2022-03-01,2022-06-30,2,2652491,0.27
Feb 2022,HTI,10911819,first projection,2022-03-01,2022-06-30,3,3178226,0.32
Feb 2022,HTI,10911819,first projection,2022-03-01,2022-06-30,4,1317626,0.13
Feb 2022,HTI,10911819,first projection,2022-03-01,2022-06-30,5,0,0
Sep 2021,HTI,12900000,current,2021-09-01,2022-02-28,all,9906757,1.0
Sep 2021,HTI,12900000,current,2021-09-01,2022-02-28,3+,4333426,0.44
Sep 2021,HTI,12900000,current,2021-09-01,2022-02-28,1,2817961,0.28
Sep 2021,HTI,12900000,current,2021-09-01,2022-02-28,2,2747687,0.28
Sep 2021,HTI,12900000,current,2021-09-01,2022-02-28,3,2995664,0.3
Sep 2021,HTI,12900000,current,2021-09-01,2022-02-28,4,1337763,0.14
Sep 2021,HTI,12900000,current,2021-09-01,2022-02-28,5,0,0
Sep 2021,HTI,12900000,first projection,2022-03-01,2022-06-30,all,9906757,1.0
Sep 2021,HTI,12900000,first projection,2022-03-01,2022-06-30,3+,4564017,0.46
Sep 2021,HTI,12900000,first projection,2022-03-01,2022-06-30,1,2784800,0.28
Sep 2021,HTI,12900000,first projection,2022-03-01,2022-06-30,2,2557940,0.26
Sep 2021,HTI,12900000,first projection,2022-03-01,2022-06-30,3,3220665,0.33
Sep 2021,HTI,12900000,first projection,2022-03-01,2022-06-30,4,1343352,0.14
Sep 2021,HTI,12900000,first projection,2022-03-01,2022-06-30,5,0,0
Jul 2026,KEN,53331000,current,2026-07-01,2026-10-31,all,18341612,1.0
Jul 2026,KEN,53331000,current,2026-07-01,2026-10-31,3+,3086659,0.17
Jul 2026,KEN,53331000,current,2026-07-01,2026-10-31,1,8266175,0.45
Jul 2026,KEN,53331000,current,2026-07-01,2026-10-31,2,6988778,0.38
Jul 2026,KEN,53331000,current,2026-07-01,2026-10-31,3,2660922,0.15
Jul 2026,KEN,53331000,current,2026-07-01,2026-10-31,4,425737,0.02
Jul 2026,KEN,53331000,current,2026-07-01,2026-10-31,5,0,0
Jul 2026,KEN,53331000,first projection,2026-11-01,2027-01-31,all,18341612,1.0
Jul 2026,KEN,53331000,first projection,2026-11-01,2027-01-31,3+,2548552,0.14
Jul 2026,KEN,53331000,first projection,2026-11-01,2027-01-31,1,8767276,0.48
Jul 2026,KEN,53331000,first projection,2026-11-01,2027-01-31,2,7025785,0.38
Jul 2026,KEN,53331000,first projection,2026-11-01,2027-01-31,3,2154786,0.12
Jul 2026,KEN,53331000,first projection,2026-11-01,2027-01-31,4,393766,0.02
Jul 2026,KEN,53331000,first projection,2026-11-01,2027-01-31,5,0,0
Feb 2026,KEN,53331000,current,2026-01-01,2026-03-31,all,18351021,1.0
Feb 2026,KEN,53331000,current,2026-01-01,2026-03-31,3+,3702706,0.2
Feb 2026,KEN,53331000,current,2026-01-01,2026-03-31,1,8257794,0.45
Feb 2026,KEN,53331000,current,2026-01-01,2026-03-31,2,6390522,0.35
Feb 2026,KEN,53331000,current,2026-01-01,2026-03-31,3,3116400,0.17
Feb 2026,KEN,53331000,current,2026-01-01,2026-03-31,4,586306,0.03
Feb 2026,KEN,53331000,current,2026-01-01,2026-03-31,5,0,0
Feb 2026,KEN,53331000,first projection,2026-04-01,2026-06-30,all,18351021,1.0
Feb 2026,KEN,53331000,first projection,2026-04-01,2026-06-30,3+,4118271,0.22
Feb 2026,KEN,53331000,first projection,2026-04-01,2026-06-30,1,7678389,0.42
Feb 2026,KEN,53331000,first projection,2026-04-01,2026-06-30,2,6554362,0.36
Feb 2026,KEN,53331000,first projection,2026-04-01,2026-06-30,3,3386465,0.18
Feb 2026,KEN,53331000,first projection,2026-04-01,2026-06-30,4,731806,0.04
Feb 2026,KEN,53331000,first projection,2026-04-01,2026-06-30,5,0,0
Jul 2025,KEN,16617000,current,2025-07-01,2025-09-30,all,16617000,1.0
Jul 2025,KEN,16617000,current,2025-07-01,2025-09-30,3+,1760950,0.11
Jul 2025,KEN,16617000,current,2025-07-01,2025-09-30,1,8426900,0.51
Jul 2025,KEN,16617000,current,2025-07-01,2025-09-30,2,6429150,0.39
Jul 2025,KEN,16617000,current,2025-07-01,2025-09-30,3,1581650,0.1
Jul 2025,KEN,16617000,current,2025-07-01,2025-09-30,4,179300,0.01
Jul 2025,KEN,16617000,current,2025-07-01,2025-09-30,5,0,0
Jul 2025,KEN,16617000,first projection,2025-10-01,2026-01-31,all,16617000,1.0
Jul 2025,KEN,16617000,first projection,2025-10-01,2026-01-31,3+,2120900,0.13
Jul 2025,KEN,16617000,first projection,2025-10-01,2026-01-31,1,7440300,0.45
Jul 2025,KEN,16617000,first projection,2025-10-01,2026-01-31,2,7055800,0.42
Jul 2025,KEN,16617000,first projection,2025-10-01,2026-01-31,3,1960600,0.12
Jul 2025,KEN,16617000,first projection,2025-10-01,2026-01-31,4,160300,0.01
Jul 2025,KEN,16617000,first projection,2025-10-01,2026-01-31,5,0,0
Feb 2025,KEN,52428000,current,2025-02-01,2025-03-31,all,16617000,1.0
Feb 2025,KEN,52428000,current,2025-02-01,2025-03-31,3+,2150600,0.13
Feb 2025,KEN,52428000,current,2025-02-01,2025-03-31,1,8113450,0.49
Feb 2025,KEN,52428000,current,2025-02-01,2025-03-31,2,6352950,0.38
Feb 2025,KEN,52428000,current,2025-02-01,2025-03-31,3,1884700,0.11
Feb 2025,KEN,52428000,current,2025-02-01,2025-03-31,4,265900,0.02
Feb 2025,KEN,52428000,current,2025-02-01,2025-03-31,5,0,0
Feb 2025,KEN,52428000,first projection,2025-04-01,2025-06-30,all,16617000,1.0
Feb 2025,KEN,52428000,first projection,2025-04-01,2025-06-30,3+,2823350,0.17
Feb 2025,KEN,52428000,first projection,2025-04-01,2025-06-30,1,7206100,0.43
Feb 2025,KEN,52428000,first projection,2025-04-01,2025-06-30,2,6587550,0.4
Feb 2025,KEN,52428000,first projection,2025-04-01,2025-06-30,3,2531700,0.15
Feb 2025,KEN,52428000,first projection,2025-04-01,2025-06-30,4,291650,0.02
Feb 2025,KEN,52428000,first projection,2025-04-01,2025-06-30,5,0,0
Jul 2024,KEN,52428000,current,2024-07-01,2024-09-30,all,16617000,1.0
Jul 2024,KEN,52428000,current,2024-07-01,2024-09-30,3+,937222,0.05
Jul 2024,KEN,52428000,current,2024-07-01,2024-09-30,1,9881614,0.6
Jul 2024,KEN,52428000,current,2024-07-01,2024-09-30,2,5798165,0.35
Jul 2024,KEN,52428000,current,2024-07-01,2024-09-30,3,894555,0.05
Jul 2024,KEN,52428000,current,2024-07-01,2024-09-30,4,42667,0
Jul 2024,KEN,52428000,current,2024-07-01,2024-09-30,5,0,0
Jul 2024,KEN,52428000,first projection,2024-10-01,2025-01-31,all,16617000,1.0
Jul 2024,KEN,52428000,first projection,2024-10-01,2025-01-31,3+,1732866,0.11
Jul 2024,KEN,52428000,first projection,2024-10-01,2025-01-31,1,8799925,0.53
Jul 2024,KEN,52428000,first projection,2024-10-01,2025-01-31,2,6084209,0.36
Jul 2024,KEN,52428000,first projection,2024-10-01,2025-01-31,3,1634828,0.1
Jul 2024,KEN,52428000,first projection,2024-10-01,2025-01-31,4,98038,0.01
Jul 2024,KEN,52428000,first projection,2024-10-01,2025-01-31,5,0,0
Feb 2024,KEN,52428000,current,2024-02-01,2024-03-31,all,16617000,1.0
Feb 2024,KEN,52428000,current,2024-02-01,2024-03-31,3+,1931900,0.12
Feb 2024,KEN,52428000,current,2024-02-01,2024-03-31,1,9150350,0.55
Feb 2024,KEN,52428000,current,2024-02-01,2024-03-31,2,5534750,0.33
Feb 2024,KEN,52428000,current,2024-02-01,2024-03-31,3,1631950,0.1
Feb 2024,KEN,52428000,current,2024-02-01,2024-03-31,4,299950,0.02
Feb 2024,KEN,52428000,current,2024-02-01,2024-03-31,5,0,0
Feb 2024,KEN,52428000,first projection,2024-04-01,2024-06-30,all,16617000,1.0
Feb 2024,KEN,52428000,first projection,2024-04-01,2024-06-30,3+,1223500,0.07
Feb 2024,KEN,52428000,first projection,2024-04-01,2024-06-30,1,10036750,0.6
Feb 2024,KEN,52428000,first projection,2024-04-01,2024-06-30,2,5356750,0.32
Feb 2024,KEN,52428000,first projection,2024-04-01,2024-06-30,3,1197750,0.07
Feb 2024,KEN,52428000,first projection,2024-04-01,2024-06-30,4,25750,0
Feb 2024,KEN,52428000,first projection,2024-04-01,2024-06-30,5,0,0
Jul 2023,KEN,51525602,current,2023-07-01,2023-09-30,all,16617000,1.0
Jul 2023,KEN,51525602,current,2023-07-01,2023-09-30,3+,2786550,0.17
Jul 2023,KEN,51525602,current,2023-07-01,2023-09-30,1,7423500,0.44
Jul 2023,KEN,51525602,current,2023-07-01,2023-09-30,2,6406950,0.39
Jul 2023,KEN,51525602,current,2023-07-01,2023-09-30,3,2287350,0.14
Jul 2023,KEN,51525602,current,2023-07-01,2023-09-30,4,499200,0.03
Jul 2023,KEN,51525602,current,2023-07-01,2023-09-30,5,0,0
Jul 2023,KEN,51525602,first projection,2023-10-01,2024-01-31,all,16617000,1.0
Jul 2023,KEN,51525602,first projection,2023-10-01,2024-01-31,3+,1524350,0.09
Jul 2023,KEN,51525602,first projection,2023-10-01,2024-01-31,1,7574900,0.45
Jul 2023,KEN,51525602,first projection,2023-10-01,2024-01-31,2,7517750,0.45
Jul 2023,KEN,51525602,first projection,2023-10-01,2024-01-31,3,1258750,0.08
Jul 2023,KEN,51525602,first projection,2023-10-01,2024-01-31,4,265600,0.02
Jul 2023,KEN,51525602,first projection,2023-10-01,2024-01-31,5,0,0
Jan 2023,KEN,51525602,current,2023-02-01,2023-02-28,all,16618409,1.0
Jan 2023,KEN,51525602,current,2023-02-01,2023-02-28,3+,4389779,0.27
Jan 2023,KEN,51525602,current,2023-02-01,2023-02-28,1,6161857,0.37
Jan 2023,KEN,51525602,current,2023-02-01,2023-02-28,2,6066774,0.37
Jan 2023,KEN,51525602,current,2023-02-01,2023-02-28,3,3615790,0.22
Jan 2023,KEN,51525602,current,2023-02-01,2023-02-28,4,773989,0.05
Jan 2023,KEN,51525602,current,2023-02-01,2023-02-28,5,0,0
Jan 2023,KEN,51525602,first projection,2023-03-01,2023-06-30,all,16618409,1.0
Jan 2023,KEN,51525602,first projection,2023-03-01,2023-06-30,3+,5438215,0.32
Jan 2023,KEN,51525602,first projection,2023-03-01,2023-06-30,1,5275006,0.32
Jan 2023,KEN,51525602,first projection,2023-03-01,2023-06-30,2,5905188,0.36
Jan 2023,KEN,51525602,first projection,2023-03-01,2023-06-30,3,4213529,0.25
Jan 2023,KEN,51525602,first projection,2023-03-01,2023-06-30,4,1224686,0.07
Jan 2023,KEN,51525602,first projection,2023-03-01,2023-06-30,5,0,0
Jul 2022,KEN,54986000,current,2022-07-01,2022-09-30,all,14834569,1.0
Jul 2022,KEN,54986000,current,2022-07-01,2022-09-30,3+,3513305,0.24
Jul 2022,KEN,54986000,current,2022-07-01,2022-09-30,1,6271990,0.42
Jul 2022,KEN,54986000,current,2022-07-01,2022-09-30,2,5049274,0.34
Jul 2022,KEN,54986000,current,2022-07-01,2022-09-30,3,2728089,0.18
Jul 2022,KEN,54986000,current,2022-07-01,2022-09-30,4,785216,0.05
Jul 2022,KEN,54986000,current,2022-07-01,2022-09-30,5,0,0
Jul 2022,KEN,54986000,first projection,2022-10-01,2022-12-31,all,14834569,1.0
Jul 2022,KEN,54986000,first projection,2022-10-01,2022-12-31,3+,4354545,0.29
Jul 2022,KEN,54986000,first projection,2022-10-01,2022-12-31,1,5370418,0.36
Jul 2022,KEN,54986000,first projection,2022-10-01,2022-12-31,2,5109606,0.34
Jul 2022,KEN,54986000,first projection,2022-10-01,2022-12-31,3,3142733,0.21
Jul 2022,KEN,54986000,first projection,2022-10-01,2022-12-31,4,1211812,0.08
Jul 2022,KEN,54986000,first projection,2022-10-01,2022-12-31,5,0,0
Apr 2022,KEN,54986000,first projection,2022-03-01,2022-06-30,all,15152179,1.0
Apr 2022,KEN,54986000,first projection,2022-03-01,2022-06-30,3+,4102255,0.27
Apr 2022,KEN,54986000,first projection,2022-03-01,2022-06-30,1,5961984,0.39
Apr 2022,KEN,54986000,first projection,2022-03-01,2022-06-30,2,5087940,0.34
Apr 2022,KEN,54986000,first projection,2022-03-01,2022-06-30,3,3002100,0.2
Apr 2022,KEN,54986000,first projection,2022-03-01,2022-06-30,4,1100155,0.07
Apr 2022,KEN,54986000,first projection,2022-03-01,2022-06-30,5,0,0
Feb 2022,KEN,54986000,current,2022-02-01,2022-02-28,all,15152179,1.0
Feb 2022,KEN,54986000,current,2022-02-01,2022-02-28,3+,3071637,0.2
Feb 2022,KEN,54986000,current,2022-02-01,2022-02-28,1,7181659,0.47
Feb 2022,KEN,54986000,current,2022-02-01,2022-02-28,2,4898883,0.32
Feb 2022,KEN,54986000,current,2022-02-01,2022-02-28,3,2546276,0.17
Feb 2022,KEN,54986000,current,2022-02-01,2022-02-28,4,525361,0.03
Feb 2022,KEN,54986000,current,2022-02-01,2022-02-28,5,0,0
Feb 2022,KEN,54986000,first projection,2022-03-01,2022-06-30,all,15152179,1.0
Feb 2022,KEN,54986000,first projection,2022-03-01,2022-06-30,3+,3486109,0.23
Feb 2022,KEN,54986000,first projection,2022-03-01,2022-06-30,1,6423273,0.42
Feb 2022,KEN,54986000,first projection,2022-03-01,2022-06-30,2,5242796,0.35
Feb 2022,KEN,54986000,first projection,2022-03-01,2022-06-30,3,2728313,0.18
Feb 2022,KEN,54986000,first projection,2022-03-01,2022-06-30,4,757796,0.05
Feb 2022,KEN,54986000,first projection,2022-03-01,2022-06-30,5,0,0
Jul 2021,KEN,54986000,current,2021-07-01,2021-10-31,all,15152179,1.0
Jul 2021,KEN,54986000,current,2021-07-01,2021-10-31,3+,2147839,0.14
Jul 2021,KEN,54986000,current,2021-07-01,2021-10-31,1,7686749,0.51
Jul 2021,KEN,54986000,current,2021-07-01,2021-10-31,2,5317592,0.35
Jul 2021,KEN,54986000,current,2021-07-01,2021-10-31,3,1793206,0.12
Jul 2021,KEN,54986000,current,2021-07-01,2021-10-31,4,354633,0.02
Jul 2021,KEN,54986000,current,2021-07-01,2021-10-31,5,0,0
Jul 2021,KEN,54986000,first projection,2021-11-01,2022-01-31,all,15152179,1.0
Jul 2021,KEN,54986000,first projection,2021-11-01,2022-01-31,3+,2366237,0.16
Jul 2021,KEN,54986000,first projection,2021-11-01,2022-01-31,1,7544468,0.5
Jul 2021,KEN,54986000,first projection,2021-11-01,2022-01-31,2,5241474,0.35
Jul 2021,KEN,54986000,first projection,2021-11-01,2022-01-31,3,1998688,0.13
Jul 2021,KEN,54986000,first projection,2021-11-01,2022-01-31,4,367549,0.02
Jul 2021,KEN,54986000,first projection,2021-11-01,2022-01-31,5,0,0
Feb 2021,KEN,54986000,current,2021-02-01,2021-02-28,all,15414269,1.0
Feb 2021,KEN,54986000,current,2021-02-01,2021-02-28,3+,1425209,0.1
Feb 2021,KEN,54986000,current,2021-02-01,2021-02-28,1,8755331,0.57
Feb 2021,KEN,54986000,current,2021-02-01,2021-02-28,2,5233729,0.34
Feb 2021,KEN,54986000,current,2021-02-01,2021-02-28,3,1186654,0.08
Feb 2021,KEN,54986000,current,2021-02-01,2021-02-28,4,238555,0.02
Feb 2021,KEN,54986000,current,2021-02-01,2021-02-28,5,0,0
Feb 2021,KEN,54986000,first projection,2021-03-01,2021-05-31,all,15414269,1.0
Feb 2021,KEN,54986000,first projection,2021-03-01,2021-05-31,3+,2008394,0.13
Feb 2021,KEN,54986000,first projection,2021-03-01,2021-05-31,1,7848015,0.51
Feb 2021,KEN,54986000,first projection,2021-03-01,2021-05-31,2,5557860,0.36
Feb 2021,KEN,54986000,first projection,2021-03-01,2021-05-31,3,1769839,0.11
Feb 2021,KEN,54986000,first projection,2021-03-01,2021-05-31,4,238555,0.02
Feb 2021,KEN,54986000,first projection,2021-03-01,2021-05-31,5,0,0
Mar 2026,LBN,5191667,first projection,2026-04-01,2026-08-31,all,5191666,1.0
Mar 2026,LBN,5191667,first projection,2026-04-01,2026-08-31,3+,1241715,0.24
Mar 2026,LBN,5191667,first projection,2026-04-01,2026-08-31,1,2085331,0.4
Mar 2026,LBN,5191667,first projection,2026-04-01,2026-08-31,2,1864627,0.36
Mar 2026,LBN,5191667,first projection,2026-04-01,2026-08-31,3,1140570,0.22
Mar 2026,LBN,5191667,first projection,2026-04-01,2026-08-31,4,101145,0.02
Mar 2026,LBN,5191667,first projection,2026-04-01,2026-08-31,5,0,0
Oct 2025,LBN,0,current,2025-11-01,2026-03-31,all,5191667,1.0
Oct 2025,LBN,0,current,2025-11-01,2026-03-31,3+,873739,0.17
Oct 2025,LBN,0,current,2025-11-01,2026-03-31,1,2213430,0.43
Oct 2025,LBN,0,current,2025-11-01,2026-03-31,2,2104498,0.41
Oct 2025,LBN,0,current,2025-11-01,2026-03-31,3,851243,0.17
Oct 2025,LBN,0,current,2025-11-01,2026-03-31,4,22497,0
Oct 2025,LBN,0,current,2025-11-01,2026-03-31,5,0,0
Oct 2025,LBN,0,first projection,2026-04-01,2026-07-31,all,5191667,1.0
Oct 2025,LBN,0,first projection,2026-04-01,2026-07-31,3+,960705,0.18
Oct 2025,LBN,0,first projection,2026-04-01,2026-07-31,1,2214374,0.43
Oct 2025,LBN,0,first projection,2026-04-01,2026-07-31,2,2016588,0.39
Oct 2025,LBN,0,first projection,2026-04-01,2026-07-31,3,897626,0.17
Oct 2025,LBN,0,first projection,2026-04-01,2026-07-31,4,63079,0.01
Oct 2025,LBN,0,first projection,2026-04-01,2026-07-31,5,0,0
Mar 2025,LBN,5574517,current,2025-04-01,2025-06-30,all,5487280,1.0
Mar 2025,LBN,5574517,current,2025-04-01,2025-06-30,3+,1172387,0.21
Mar 2025,LBN,5574517,current,2025-04-01,2025-06-30,1,2058097,0.38
Mar 2025,LBN,5574517,current,2025-04-01,2025-06-30,2,2256796,0.41
Mar 2025,LBN,5574517,current,2025-04-01,2025-06-30,3,1117693,0.2
Mar 2025,LBN,5574517,current,2025-04-01,2025-06-30,4,54694,0.01
Mar 2025,LBN,5574517,current,2025-04-01,2025-06-30,5,0,0
Mar 2025,LBN,5574517,first projection,2025-07-01,2025-10-31,all,5487280,1.0
Mar 2025,LBN,5574517,first projection,2025-07-01,2025-10-31,3+,1241178,0.23
Mar 2025,LBN,5574517,first projection,2025-07-01,2025-10-31,1,2078030,0.38
Mar 2025,LBN,5574517,first projection,2025-07-01,2025-10-31,2,2168072,0.4
Mar 2025,LBN,5574517,first projection,2025-07-01,2025-10-31,3,1199802,0.22
Mar 2025,LBN,5574517,first projection,2025-07-01,2025-10-31,4,41375,0.01
Mar 2025,LBN,5574517,first projection,2025-07-01,2025-10-31,5,0,0
Nov 2024,LBN,5574517,current,2024-10-01,2024-11-30,all,5574519,1.0
Nov 2024,LBN,5574517,current,2024-10-01,2024-11-30,3+,1591086,0.29
Nov 2024,LBN,5574517,current,2024-10-01,2024-11-30,1,1654901,0.29
Nov 2024,LBN,5574517,current,2024-10-01,2024-11-30,2,2328533,0.42
Nov 2024,LBN,5574517,current,2024-10-01,2024-11-30,3,1386248,0.25
Nov 2024,LBN,5574517,current,2024-10-01,2024-11-30,4,204838,0.04
Nov 2024,LBN,5574517,current,2024-10-01,2024-11-30,5,0,0
Nov 2024,LBN,5574517,first projection,2024-12-01,2025-03-31,all,5587322,1.0
Nov 2024,LBN,5574517,first projection,2024-12-01,2025-03-31,3+,1653991,0.3
Nov 2024,LBN,5574517,first projection,2024-12-01,2025-03-31,1,1582134,0.28
Nov 2024,LBN,5574517,first projection,2024-12-01,2025-03-31,2,2351197,0.42
Nov 2024,LBN,5574517,first projection,2024-12-01,2025-03-31,3,1453450,0.26
Nov 2024,LBN,5574517,first projection,2024-12-01,2025-03-31,4,200542,0.04
Nov 2024,LBN,5574517,first projection,2024-12-01,2025-03-31,5,0,0
Mar 2024,LBN,5574488,first projection,2024-04-01,2024-09-30,all,5574488,1.0
Mar 2024,LBN,5574488,first projection,2024-04-01,2024-09-30,3+,1260931,0.23
Mar 2024,LBN,5574488,first projection,2024-04-01,2024-09-30,1,1849760,0.33
Mar 2024,LBN,5574488,first projection,2024-04-01,2024-09-30,2,2463797,0.44
Mar 2024,LBN,5574488,first projection,2024-04-01,2024-09-30,3,1175520,0.21
Mar 2024,LBN,5574488,first projection,2024-04-01,2024-09-30,4,85411,0.02
Mar 2024,LBN,5574488,first projection,2024-04-01,2024-09-30,5,0,0
Oct 2023,LBN,5575680,current,2023-10-01,2024-03-31,all,5574500,1.0
Oct 2023,LBN,5575680,current,2023-10-01,2024-03-31,3+,1049957,0.19
Oct 2023,LBN,5575680,current,2023-10-01,2024-03-31,1,1894920,0.34
Oct 2023,LBN,5575680,current,2023-10-01,2024-03-31,2,2629623,0.47
Oct 2023,LBN,5575680,current,2023-10-01,2024-03-31,3,976190,0.18
Oct 2023,LBN,5575680,current,2023-10-01,2024-03-31,4,73767,0.01
Oct 2023,LBN,5575680,current,2023-10-01,2024-03-31,5,0,0
Oct 2023,LBN,5575680,first projection,2024-04-01,2024-09-30,all,5574488,1.0
Oct 2023,LBN,5575680,first projection,2024-04-01,2024-09-30,3+,1143368,0.2
Oct 2023,LBN,5575680,first projection,2024-04-01,2024-09-30,1,1881822,0.34
Oct 2023,LBN,5575680,first projection,2024-04-01,2024-09-30,2,2549299,0.46
Oct 2023,LBN,5575680,first projection,2024-04-01,2024-09-30,3,1079246,0.19
Oct 2023,LBN,5575680,first projection,2024-04-01,2024-09-30,4,64122,0.01
Oct 2023,LBN,5575680,first projection,2024-04-01,2024-09-30,5,0,0
May 2023,LBN,5800000,current,2023-05-01,2023-10-31,all,5575680,1.0
May 2023,LBN,5800000,current,2023-05-01,2023-10-31,3+,1411549,0.25
May 2023,LBN,5800000,current,2023-05-01,2023-10-31,1,1629716,0.29
May 2023,LBN,5800000,current,2023-05-01,2023-10-31,2,2534415,0.46
May 2023,LBN,5800000,current,2023-05-01,2023-10-31,3,1299764,0.23
May 2023,LBN,5800000,current,2023-05-01,2023-10-31,4,111785,0.02
May 2023,LBN,5800000,current,2023-05-01,2023-10-31,5,0,0
Sep 2022,LBN,5800000,current,2022-09-01,2022-12-31,all,5364000,1.0
Sep 2022,LBN,5800000,current,2022-09-01,2022-12-31,3+,1984000,0.37
Sep 2022,LBN,5800000,current,2022-09-01,2022-12-31,1,962000,0.18
Sep 2022,LBN,5800000,current,2022-09-01,2022-12-31,2,2419000,0.45
Sep 2022,LBN,5800000,current,2022-09-01,2022-12-31,3,1678000,0.31
Sep 2022,LBN,5800000,current,2022-09-01,2022-12-31,4,306000,0.06
Sep 2022,LBN,5800000,current,2022-09-01,2022-12-31,5,0,0
Sep 2022,LBN,5800000,first projection,2023-01-01,2023-04-30,all,5364000,1.0
Sep 2022,LBN,5800000,first projection,2023-01-01,2023-04-30,3+,2260000,0.42
Sep 2022,LBN,5800000,first projection,2023-01-01,2023-04-30,1,961000,0.18
Sep 2022,LBN,5800000,first projection,2023-01-01,2023-04-30,2,2143000,0.4
Sep 2022,LBN,5800000,first projection,2023-01-01,2023-04-30,3,1906000,0.35
Sep 2022,LBN,5800000,first projection,2023-01-01,2023-04-30,4,354000,0.07
Sep 2022,LBN,5800000,first projection,2023-01-01,2023-04-30,5,0,0
Nov 2025,LBR,5625874,current,2025-10-01,2025-12-31,all,5625874,1.0
Nov 2025,LBR,5625874,current,2025-10-01,2025-12-31,3+,418213,0.07
Nov 2025,LBR,5625874,current,2025-10-01,2025-12-31,1,3950954,0.7
Nov 2025,LBR,5625874,current,2025-10-01,2025-12-31,2,1256707,0.22
Nov 2025,LBR,5625874,current,2025-10-01,2025-12-31,3,418213,0.07
Nov 2025,LBR,5625874,current,2025-10-01,2025-12-31,4,0,0
Nov 2025,LBR,5625874,current,2025-10-01,2025-12-31,5,0,0
Nov 2025,LBR,5625874,first projection,2026-06-01,2026-08-31,all,5625874,1.0
Nov 2025,LBR,5625874,first projection,2026-06-01,2026-08-31,3+,506289,0.09
Nov 2025,LBR,5625874,first projection,2026-06-01,2026-08-31,1,3702358,0.66
Nov 2025,LBR,5625874,first projection,2026-06-01,2026-08-31,2,1417227,0.25
Nov 2025,LBR,5625874,first projection,2026-06-01,2026-08-31,3,503550,0.09
Nov 2025,LBR,5625874,first projection,2026-06-01,2026-08-31,4,2738,0
Nov 2025,LBR,5625874,first projection,2026-06-01,2026-08-31,5,0,0
Mar 2023,LBR,4799779,first projection,2023-06-01,2023-08-31,all,4799779,1.0
Mar 2023,LBR,4799779,first projection,2023-06-01,2023-08-31,3+,531268,0.11
Mar 2023,LBR,4799779,first projection,2023-06-01,2023-08-31,1,2883503,0.6
Mar 2023,LBR,4799779,first projection,2023-06-01,2023-08-31,2,1385008,0.29
Mar 2023,LBR,4799779,first projection,2023-06-01,2023-08-31,3,509913,0.11
Mar 2023,LBR,4799779,first projection,2023-06-01,2023-08-31,4,21354,0
Mar 2023,LBR,4799779,first projection,2023-06-01,2023-08-31,5,0,0
Oct 2022,LBR,4799779,current,2022-10-01,2022-12-31,all,4799779,1.0
Oct 2022,LBR,4799779,current,2022-10-01,2022-12-31,3+,373230,0.08
Oct 2022,LBR,4799779,current,2022-10-01,2022-12-31,1,3406982,0.71
Oct 2022,LBR,4799779,current,2022-10-01,2022-12-31,2,1019566,0.21
Oct 2022,LBR,4799779,current,2022-10-01,2022-12-31,3,365748,0.08
Oct 2022,LBR,4799779,current,2022-10-01,2022-12-31,4,7483,0
Oct 2022,LBR,4799779,current,2022-10-01,2022-12-31,5,0,0
Oct 2022,LBR,4799779,first projection,2023-06-01,2023-08-31,all,4799779,1.0
Oct 2022,LBR,4799779,first projection,2023-06-01,2023-08-31,3+,531268,0.11
Oct 2022,LBR,4799779,first projection,2023-06-01,2023-08-31,1,2883503,0.6
Oct 2022,LBR,4799779,first projection,2023-06-01,2023-08-31,2,1385008,0.29
Oct 2022,LBR,4799779,first projection,2023-06-01,2023-08-31,3,509913,0.11
Oct 2022,LBR,4799779,first projection,2023-06-01,2023-08-31,4,21354,0
Oct 2022,LBR,4799779,first projection,2023-06-01,2023-08-31,5,0,0
Mar 2021,LBR,5170000,current,2021-03-01,2021-05-31,all,4714178,1.0
Mar 2021,LBR,5170000,current,2021-03-01,2021-05-31,3+,772873,0.16
Mar 2021,LBR,5170000,current,2021-03-01,2021-05-31,1,2541792,0.54
Mar 2021,LBR,5170000,current,2021-03-01,2021-05-31,2,1399513,0.3
Mar 2021,LBR,5170000,current,2021-03-01,2021-05-31,3,672602,0.14
Mar 2021,LBR,5170000,current,2021-03-01,2021-05-31,4,100272,0.02
Mar 2021,LBR,5170000,current,2021-03-01,2021-05-31,5,0,0
Mar 2021,LBR,5170000,first projection,2021-06-01,2021-08-31,all,4714178,1.0
Mar 2021,LBR,5170000,first projection,2021-06-01,2021-08-31,3+,939381,0.19
Mar 2021,LBR,5170000,first projection,2021-06-01,2021-08-31,1,2264674,0.48
Mar 2021,LBR,5170000,first projection,2021-06-01,2021-08-31,2,1510122,0.32
Mar 2021,LBR,5170000,first projection,2021-06-01,2021-08-31,3,776050,0.16
Mar 2021,LBR,5170000,first projection,2021-06-01,2021-08-31,4,163331,0.03
Mar 2021,LBR,5170000,first projection,2021-06-01,2021-08-31,5,0,0
Jun 2026,LSO,1525954,current,2026-05-01,2026-09-30,all,1525954,1.0
Jun 2026,LSO,1525954,current,2026-05-01,2026-09-30,3+,234468,0.15
Jun 2026,LSO,1525954,current,2026-05-01,2026-09-30,1,681234,0.45
Jun 2026,LSO,1525954,current,2026-05-01,2026-09-30,2,610254,0.4
Jun 2026,LSO,1525954,current,2026-05-01,2026-09-30,3,234468,0.15
Jun 2026,LSO,1525954,current,2026-05-01,2026-09-30,4,0,0
Jun 2026,LSO,1525954,current,2026-05-01,2026-09-30,5,0,0
Jun 2026,LSO,1525954,first projection,2026-10-01,2027-03-31,all,1525954,1.0
Jun 2026,LSO,1525954,first projection,2026-10-01,2027-03-31,3+,310766,0.2
Jun 2026,LSO,1525954,first projection,2026-10-01,2027-03-31,1,600176,0.39
Jun 2026,LSO,1525954,first projection,2026-10-01,2027-03-31,2,615010,0.4
Jun 2026,LSO,1525954,first projection,2026-10-01,2027-03-31,3,310766,0.2
Jun 2026,LSO,1525954,first projection,2026-10-01,2027-03-31,4,0,0
Jun 2026,LSO,1525954,first projection,2026-10-01,2027-03-31,5,0,0
Mar 2025,LSO,2368000,current,2025-05-01,2025-09-30,all,1516648,1.0
Mar 2025,LSO,2368000,current,2025-05-01,2025-09-30,3+,258331,0.17
Mar 2025,LSO,2368000,current,2025-05-01,2025-09-30,1,696189,0.46
Mar 2025,LSO,2368000,current,2025-05-01,2025-09-30,2,561129,0.37
Mar 2025,LSO,2368000,current,2025-05-01,2025-09-30,3,258331,0.17
Mar 2025,LSO,2368000,current,2025-05-01,2025-09-30,4,0,0
Mar 2025,LSO,2368000,current,2025-05-01,2025-09-30,5,0,0
Mar 2025,LSO,2368000,first projection,2025-10-01,2026-03-31,all,1516648,1.0
Mar 2025,LSO,2368000,first projection,2025-10-01,2026-03-31,3+,334113,0.22
Mar 2025,LSO,2368000,first projection,2025-10-01,2026-03-31,1,589911,0.39
Mar 2025,LSO,2368000,first projection,2025-10-01,2026-03-31,2,591620,0.39
Mar 2025,LSO,2368000,first projection,2025-10-01,2026-03-31,3,334113,0.22
Mar 2025,LSO,2368000,first projection,2025-10-01,2026-03-31,4,0,0
Mar 2025,LSO,2368000,first projection,2025-10-01,2026-03-31,5,0,0
Dec 2024,LSO,2208490,first projection,2025-01-01,2025-03-31,all,1505411,1.0
Dec 2024,LSO,2208490,first projection,2025-01-01,2025-03-31,3+,334692,0.22
Dec 2024,LSO,2208490,first projection,2025-01-01,2025-03-31,1,575305,0.38
Dec 2024,LSO,2208490,first projection,2025-01-01,2025-03-31,2,595414,0.4
Dec 2024,LSO,2208490,first projection,2025-01-01,2025-03-31,3,334692,0.22
Dec 2024,LSO,2208490,first projection,2025-01-01,2025-03-31,4,0,0
Dec 2024,LSO,2208490,first projection,2025-01-01,2025-03-31,5,0,0
May 2024,LSO,2208490,current,2024-05-01,2024-09-30,all,1505411,1.0
May 2024,LSO,2208490,current,2024-05-01,2024-09-30,3+,292866,0.19
May 2024,LSO,2208490,current,2024-05-01,2024-09-30,1,665045,0.44
May 2024,LSO,2208490,current,2024-05-01,2024-09-30,2,547500,0.36
May 2024,LSO,2208490,current,2024-05-01,2024-09-30,3,292866,0.19
May 2024,LSO,2208490,current,2024-05-01,2024-09-30,4,0,0
May 2024,LSO,2208490,current,2024-05-01,2024-09-30,5,0,0
May 2024,LSO,2208490,first projection,2024-10-01,2025-03-31,all,1505411,1.0
May 2024,LSO,2208490,first projection,2024-10-01,2025-03-31,3+,402757,0.27
May 2024,LSO,2208490,first projection,2024-10-01,2025-03-31,1,559568,0.37
May 2024,LSO,2208490,first projection,2024-10-01,2025-03-31,2,543086,0.36
May 2024,LSO,2208490,first projection,2024-10-01,2025-03-31,3,373940,0.25
May 2024,LSO,2208490,first projection,2024-10-01,2025-03-31,4,28818,0.02
May 2024,LSO,2208490,first projection,2024-10-01,2025-03-31,5,0,0
Jul 2023,LSO,2116424,current,2023-07-01,2023-09-30,all,1495243,1.0
Jul 2023,LSO,2116424,current,2023-07-01,2023-09-30,3+,245081,0.16
Jul 2023,LSO,2116424,current,2023-07-01,2023-09-30,1,744548,0.5
Jul 2023,LSO,2116424,current,2023-07-01,2023-09-30,2,505613,0.34
Jul 2023,LSO,2116424,current,2023-07-01,2023-09-30,3,245081,0.16
Jul 2023,LSO,2116424,current,2023-07-01,2023-09-30,4,0,0
Jul 2023,LSO,2116424,current,2023-07-01,2023-09-30,5,0,0
Jul 2023,LSO,2116424,first projection,2023-10-01,2024-03-31,all,1495243,1.0
Jul 2023,LSO,2116424,first projection,2023-10-01,2024-03-31,3+,324847,0.22
Jul 2023,LSO,2116424,first projection,2023-10-01,2024-03-31,1,627167,0.42
Jul 2023,LSO,2116424,first projection,2023-10-01,2024-03-31,2,543229,0.36
Jul 2023,LSO,2116424,first projection,2023-10-01,2024-03-31,3,324847,0.22
Jul 2023,LSO,2116424,first projection,2023-10-01,2024-03-31,4,0,0
Jul 2023,LSO,2116424,first projection,2023-10-01,2024-03-31,5,0,0
Jun 2022,LSO,2104715,current,2022-07-01,2022-09-30,all,1485145,1.0
Jun 2022,LSO,2104715,current,2022-07-01,2022-09-30,3+,228503,0.15
Jun 2022,LSO,2104715,current,2022-07-01,2022-09-30,1,761171,0.51
Jun 2022,LSO,2104715,current,2022-07-01,2022-09-30,2,495471,0.33
Jun 2022,LSO,2104715,current,2022-07-01,2022-09-30,3,228503,0.15
Jun 2022,LSO,2104715,current,2022-07-01,2022-09-30,4,0,0
Jun 2022,LSO,2104715,current,2022-07-01,2022-09-30,5,0,0
Jun 2022,LSO,2104715,first projection,2022-10-01,2023-03-31,all,1485145,1.0
Jun 2022,LSO,2104715,first projection,2022-10-01,2023-03-31,3+,319429,0.22
Jun 2022,LSO,2104715,first projection,2022-10-01,2023-03-31,1,654668,0.44
Jun 2022,LSO,2104715,first projection,2022-10-01,2023-03-31,2,511048,0.34
Jun 2022,LSO,2104715,first projection,2022-10-01,2023-03-31,3,319429,0.22
Jun 2022,LSO,2104715,first projection,2022-10-01,2023-03-31,4,0,0
Jun 2022,LSO,2104715,first projection,2022-10-01,2023-03-31,5,0,0
Nov 2021,LSO,2100000,current,2021-11-01,2021-12-31,all,1475113,1.0
Nov 2021,LSO,2100000,current,2021-11-01,2021-12-31,3+,328424,0.22
Nov 2021,LSO,2100000,current,2021-11-01,2021-12-31,1,609763,0.41
Nov 2021,LSO,2100000,current,2021-11-01,2021-12-31,2,536926,0.36
Nov 2021,LSO,2100000,current,2021-11-01,2021-12-31,3,311868,0.21
Nov 2021,LSO,2100000,current,2021-11-01,2021-12-31,4,16556,0.01
Nov 2021,LSO,2100000,current,2021-11-01,2021-12-31,5,0,0
Nov 2021,LSO,2100000,first projection,2022-01-01,2022-03-31,all,1475113,1.0
Nov 2021,LSO,2100000,first projection,2022-01-01,2022-03-31,3+,337511,0.23
Nov 2021,LSO,2100000,first projection,2022-01-01,2022-03-31,1,609763,0.41
Nov 2021,LSO,2100000,first projection,2022-01-01,2022-03-31,2,527840,0.36
Nov 2021,LSO,2100000,first projection,2022-01-01,2022-03-31,3,311868,0.21
Nov 2021,LSO,2100000,first projection,2022-01-01,2022-03-31,4,25643,0.02
Nov 2021,LSO,2100000,first projection,2022-01-01,2022-03-31,5,0,0
Jun 2021,LSO,2100000,current,2021-07-01,2021-09-30,all,1475113,1.0
Jun 2021,LSO,2100000,current,2021-07-01,2021-09-30,3+,178694,0.12
Jun 2021,LSO,2100000,current,2021-07-01,2021-09-30,1,719106,0.49
Jun 2021,LSO,2100000,current,2021-07-01,2021-09-30,2,577313,0.39
Jun 2021,LSO,2100000,current,2021-07-01,2021-09-30,3,178694,0.12
Jun 2021,LSO,2100000,current,2021-07-01,2021-09-30,4,0,0
Jun 2021,LSO,2100000,current,2021-07-01,2021-09-30,5,0,0
Jun 2021,LSO,2100000,first projection,2021-10-01,2022-03-31,all,1475113,1.0
Jun 2021,LSO,2100000,first projection,2021-10-01,2022-03-31,3+,311868,0.21
Jun 2021,LSO,2100000,first projection,2021-10-01,2022-03-31,1,601962,0.41
Jun 2021,LSO,2100000,first projection,2021-10-01,2022-03-31,2,561283,0.38
Jun 2021,LSO,2100000,first projection,2021-10-01,2022-03-31,3,311868,0.21
Jun 2021,LSO,2100000,first projection,2021-10-01,2022-03-31,4,0,0
Jun 2021,LSO,2100000,first projection,2021-10-01,2022-03-31,5,0,0
May 2026,MDG,32658977,current,2026-03-01,2026-05-31,all,32683605,1.0
May 2026,MDG,32658977,current,2026-03-01,2026-05-31,3+,2572569,0.08
May 2026,MDG,32658977,current,2026-03-01,2026-05-31,1,19002476,0.58
May 2026,MDG,32658977,current,2026-03-01,2026-05-31,2,11108577,0.34
May 2026,MDG,32658977,current,2026-03-01,2026-05-31,3,2547878,0.08
May 2026,MDG,32658977,current,2026-03-01,2026-05-31,4,24691,0
May 2026,MDG,32658977,current,2026-03-01,2026-05-31,5,0,0
May 2026,MDG,32658977,first projection,2026-06-01,2026-09-30,all,32683875,1.0
May 2026,MDG,32658977,first projection,2026-06-01,2026-09-30,3+,2124101,0.07
May 2026,MDG,32658977,first projection,2026-06-01,2026-09-30,1,20451926,0.63
May 2026,MDG,32658977,first projection,2026-06-01,2026-09-30,2,10107861,0.31
May 2026,MDG,32658977,first projection,2026-06-01,2026-09-30,3,1941084,0.06
May 2026,MDG,32658977,first projection,2026-06-01,2026-09-30,4,183017,0.01
May 2026,MDG,32658977,first projection,2026-06-01,2026-09-30,5,0,0
May 2026,MDG,32658977,second projection,2026-10-01,2027-02-28,all,32683875,1.0
May 2026,MDG,32658977,second projection,2026-10-01,2027-02-28,3+,3722457,0.11
May 2026,MDG,32658977,second projection,2026-10-01,2027-02-28,1,17084816,0.52
May 2026,MDG,32658977,second projection,2026-10-01,2027-02-28,2,11876616,0.36
May 2026,MDG,32658977,second projection,2026-10-01,2027-02-28,3,3296639,0.1
May 2026,MDG,32658977,second projection,2026-10-01,2027-02-28,4,425818,0.01
May 2026,MDG,32658977,second projection,2026-10-01,2027-02-28,5,0,0
Dec 2025,MDG,31725042,current,2025-12-01,2026-01-31,all,9524201,1.0
Dec 2025,MDG,31725042,current,2025-12-01,2026-01-31,3+,1573101,0.17
Dec 2025,MDG,31725042,current,2025-12-01,2026-01-31,1,3573285,0.38
Dec 2025,MDG,31725042,current,2025-12-01,2026-01-31,2,4377814,0.46
Dec 2025,MDG,31725042,current,2025-12-01,2026-01-31,3,1488684,0.16
Dec 2025,MDG,31725042,current,2025-12-01,2026-01-31,4,84417,0.01
Dec 2025,MDG,31725042,current,2025-12-01,2026-01-31,5,0,0
Dec 2025,MDG,31725042,first projection,2026-02-01,2026-04-30,all,9524201,1.0
Dec 2025,MDG,31725042,first projection,2026-02-01,2026-04-30,3+,1796493,0.19
Dec 2025,MDG,31725042,first projection,2026-02-01,2026-04-30,1,3284028,0.34
Dec 2025,MDG,31725042,first projection,2026-02-01,2026-04-30,2,4443680,0.47
Dec 2025,MDG,31725042,first projection,2026-02-01,2026-04-30,3,1725878,0.18
Dec 2025,MDG,31725042,first projection,2026-02-01,2026-04-30,4,70615,0.01
Dec 2025,MDG,31725042,first projection,2026-02-01,2026-04-30,5,0,0
Jul 2025,MDG,31725042,current,2025-05-01,2025-09-30,all,8821288,1.0
Jul 2025,MDG,31725042,current,2025-05-01,2025-09-30,3+,1198389,0.13
Jul 2025,MDG,31725042,current,2025-05-01,2025-09-30,1,3712534,0.42
Jul 2025,MDG,31725042,current,2025-05-01,2025-09-30,2,3910365,0.44
Jul 2025,MDG,31725042,current,2025-05-01,2025-09-30,3,1169531,0.13
Jul 2025,MDG,31725042,current,2025-05-01,2025-09-30,4,28858,0
Jul 2025,MDG,31725042,current,2025-05-01,2025-09-30,5,0,0
Jul 2025,MDG,31725042,first projection,2025-10-01,2026-01-31,all,8821288,1.0
Jul 2025,MDG,31725042,first projection,2025-10-01,2026-01-31,3+,1513974,0.17
Jul 2025,MDG,31725042,first projection,2025-10-01,2026-01-31,1,3390139,0.38
Jul 2025,MDG,31725042,first projection,2025-10-01,2026-01-31,2,3917174,0.44
Jul 2025,MDG,31725042,first projection,2025-10-01,2026-01-31,3,1429557,0.16
Jul 2025,MDG,31725042,first projection,2025-10-01,2026-01-31,4,84417,0.01
Jul 2025,MDG,31725042,first projection,2025-10-01,2026-01-31,5,0,0
Jul 2025,MDG,31725042,second projection,2026-02-01,2026-04-30,all,8821288,1.0
Jul 2025,MDG,31725042,second projection,2026-02-01,2026-04-30,3+,1639225,0.18
Jul 2025,MDG,31725042,second projection,2026-02-01,2026-04-30,1,3156020,0.36
Jul 2025,MDG,31725042,second projection,2026-02-01,2026-04-30,2,4026043,0.46
Jul 2025,MDG,31725042,second projection,2026-02-01,2026-04-30,3,1529544,0.17
Jul 2025,MDG,31725042,second projection,2026-02-01,2026-04-30,4,109681,0.01
Jul 2025,MDG,31725042,second projection,2026-02-01,2026-04-30,5,0,0
Dec 2024,MDG,31725042,current,2024-09-01,2024-12-31,all,10607145,1.0
Dec 2024,MDG,31725042,current,2024-09-01,2024-12-31,3+,1628408,0.15
Dec 2024,MDG,31725042,current,2024-09-01,2024-12-31,1,4203194,0.4
Dec 2024,MDG,31725042,current,2024-09-01,2024-12-31,2,4775543,0.45
Dec 2024,MDG,31725042,current,2024-09-01,2024-12-31,3,1580142,0.15
Dec 2024,MDG,31725042,current,2024-09-01,2024-12-31,4,48266,0
Dec 2024,MDG,31725042,current,2024-09-01,2024-12-31,5,0,0
Dec 2024,MDG,31725042,first projection,2025-01-01,2025-04-30,all,10607145,1.0
Dec 2024,MDG,31725042,first projection,2025-01-01,2025-04-30,3+,1944786,0.18
Dec 2024,MDG,31725042,first projection,2025-01-01,2025-04-30,1,3672223,0.35
Dec 2024,MDG,31725042,first projection,2025-01-01,2025-04-30,2,4990135,0.47
Dec 2024,MDG,31725042,first projection,2025-01-01,2025-04-30,3,1944786,0.18
Dec 2024,MDG,31725042,first projection,2025-01-01,2025-04-30,4,0,0
Dec 2024,MDG,31725042,first projection,2025-01-01,2025-04-30,5,0,0
Dec 2024,MDG,31725042,second projection,2025-05-01,2025-08-31,all,10607145,1.0
Dec 2024,MDG,31725042,second projection,2025-05-01,2025-08-31,3+,1121142,0.11
Dec 2024,MDG,31725042,second projection,2025-05-01,2025-08-31,1,4563307,0.43
Dec 2024,MDG,31725042,second projection,2025-05-01,2025-08-31,2,4922696,0.46
Dec 2024,MDG,31725042,second projection,2025-05-01,2025-08-31,3,1121142,0.11
Dec 2024,MDG,31725042,second projection,2025-05-01,2025-08-31,4,0,0
Dec 2024,MDG,31725042,second projection,2025-05-01,2025-08-31,5,0,0
Jun 2024,MDG,30759605,current,2024-05-01,2024-09-30,all,10269652,1.0
Jun 2024,MDG,30759605,current,2024-05-01,2024-09-30,3+,1219583,0.12
Jun 2024,MDG,30759605,current,2024-05-01,2024-09-30,1,4134155,0.4
Jun 2024,MDG,30759605,current,2024-05-01,2024-09-30,2,4915914,0.48
Jun 2024,MDG,30759605,current,2024-05-01,2024-09-30,3,1219583,0.12
Jun 2024,MDG,30759605,current,2024-05-01,2024-09-30,4,0,0
Jun 2024,MDG,30759605,current,2024-05-01,2024-09-30,5,0,0
Jun 2024,MDG,30759605,first projection,2024-10-01,2024-12-31,all,10269652,1.0
Jun 2024,MDG,30759605,first projection,2024-10-01,2024-12-31,3+,1323602,0.13
Jun 2024,MDG,30759605,first projection,2024-10-01,2024-12-31,1,3909988,0.38
Jun 2024,MDG,30759605,first projection,2024-10-01,2024-12-31,2,5036062,0.49
Jun 2024,MDG,30759605,first projection,2024-10-01,2024-12-31,3,1323602,0.13
Jun 2024,MDG,30759605,first projection,2024-10-01,2024-12-31,4,0,0
Jun 2024,MDG,30759605,first projection,2024-10-01,2024-12-31,5,0,0
Jun 2024,MDG,30759605,second projection,2025-01-01,2025-04-30,all,10269652,1.0
Jun 2024,MDG,30759605,second projection,2025-01-01,2025-04-30,3+,1775367,0.17
Jun 2024,MDG,30759605,second projection,2025-01-01,2025-04-30,1,3479690,0.34
Jun 2024,MDG,30759605,second projection,2025-01-01,2025-04-30,2,5014595,0.49
Jun 2024,MDG,30759605,second projection,2025-01-01,2025-04-30,3,1775367,0.17
Jun 2024,MDG,30759605,second projection,2025-01-01,2025-04-30,4,0,0
Jun 2024,MDG,30759605,second projection,2025-01-01,2025-04-30,5,0,0
Dec 2023,MDG,30759605,current,2023-10-01,2024-01-31,all,7732732,1.0
Dec 2023,MDG,30759605,current,2023-10-01,2024-01-31,3+,1307378,0.17
Dec 2023,MDG,30759605,current,2023-10-01,2024-01-31,1,2909446,0.38
Dec 2023,MDG,30759605,current,2023-10-01,2024-01-31,2,3515908,0.45
Dec 2023,MDG,30759605,current,2023-10-01,2024-01-31,3,1264307,0.16
Dec 2023,MDG,30759605,current,2023-10-01,2024-01-31,4,43071,0.01
Dec 2023,MDG,30759605,current,2023-10-01,2024-01-31,5,0,0
Dec 2023,MDG,30759605,first projection,2024-02-01,2024-04-30,all,7732732,1.0
Dec 2023,MDG,30759605,first projection,2024-02-01,2024-04-30,3+,1706929,0.22
Dec 2023,MDG,30759605,first projection,2024-02-01,2024-04-30,1,2598703,0.34
Dec 2023,MDG,30759605,first projection,2024-02-01,2024-04-30,2,3427100,0.44
Dec 2023,MDG,30759605,first projection,2024-02-01,2024-04-30,3,1587734,0.2
Dec 2023,MDG,30759605,first projection,2024-02-01,2024-04-30,4,119195,0.02
Dec 2023,MDG,30759605,first projection,2024-02-01,2024-04-30,5,0,0
Dec 2023,MDG,30759605,second projection,2024-05-01,2024-09-30,all,7732732,1.0
Dec 2023,MDG,30759605,second projection,2024-05-01,2024-09-30,3+,1075581,0.14
Dec 2023,MDG,30759605,second projection,2024-05-01,2024-09-30,1,3170935,0.41
Dec 2023,MDG,30759605,second projection,2024-05-01,2024-09-30,2,3486217,0.45
Dec 2023,MDG,30759605,second projection,2024-05-01,2024-09-30,3,1049022,0.14
Dec 2023,MDG,30759605,second projection,2024-05-01,2024-09-30,4,26559,0
Dec 2023,MDG,30759605,second projection,2024-05-01,2024-09-30,5,0,0
Jul 2023,MDG,29482640,current,2023-07-01,2023-09-30,all,6634126,1.0
Jul 2023,MDG,29482640,current,2023-07-01,2023-09-30,3+,1078433,0.16
Jul 2023,MDG,29482640,current,2023-07-01,2023-09-30,1,2491043,0.38
Jul 2023,MDG,29482640,current,2023-07-01,2023-09-30,2,3064650,0.46
Jul 2023,MDG,29482640,current,2023-07-01,2023-09-30,3,1027843,0.15
Jul 2023,MDG,29482640,current,2023-07-01,2023-09-30,4,50590,0.01
Jul 2023,MDG,29482640,current,2023-07-01,2023-09-30,5,0,0
Jul 2023,MDG,29482640,first projection,2023-10-01,2023-12-31,all,6634126,1.0
Jul 2023,MDG,29482640,first projection,2023-10-01,2023-12-31,3+,1323121,0.2
Jul 2023,MDG,29482640,first projection,2023-10-01,2023-12-31,1,2285229,0.34
Jul 2023,MDG,29482640,first projection,2023-10-01,2023-12-31,2,3025776,0.46
Jul 2023,MDG,29482640,first projection,2023-10-01,2023-12-31,3,1244099,0.19
Jul 2023,MDG,29482640,first projection,2023-10-01,2023-12-31,4,79022,0.01
Jul 2023,MDG,29482640,first projection,2023-10-01,2023-12-31,5,0,0
Jul 2023,MDG,29482640,second projection,2024-01-01,2024-04-30,all,6634126,1.0
Jul 2023,MDG,29482640,second projection,2024-01-01,2024-04-30,3+,1720621,0.26
Jul 2023,MDG,29482640,second projection,2024-01-01,2024-04-30,1,1962340,0.3
Jul 2023,MDG,29482640,second projection,2024-01-01,2024-04-30,2,2951165,0.44
Jul 2023,MDG,29482640,second projection,2024-01-01,2024-04-30,3,1532482,0.23
Jul 2023,MDG,29482640,second projection,2024-01-01,2024-04-30,4,188140,0.03
Jul 2023,MDG,29482640,second projection,2024-01-01,2024-04-30,5,0,0
Nov 2022,MDG,29042000,current,2022-11-01,2023-03-31,all,6230078,1.0
Nov 2022,MDG,29042000,current,2022-11-01,2023-03-31,3+,2225076,0.36
Nov 2022,MDG,29042000,current,2022-11-01,2023-03-31,1,1534550,0.25
Nov 2022,MDG,29042000,current,2022-11-01,2023-03-31,2,2470452,0.4
Nov 2022,MDG,29042000,current,2022-11-01,2023-03-31,3,1972981,0.32
Nov 2022,MDG,29042000,current,2022-11-01,2023-03-31,4,252094,0.04
Nov 2022,MDG,29042000,current,2022-11-01,2023-03-31,5,0,0
Nov 2022,MDG,29042000,first projection,2023-04-01,2023-07-31,all,6230078,1.0
Nov 2022,MDG,29042000,first projection,2023-04-01,2023-07-31,3+,1535214,0.25
Nov 2022,MDG,29042000,first projection,2023-04-01,2023-07-31,1,1922539,0.31
Nov 2022,MDG,29042000,first projection,2023-04-01,2023-07-31,2,2772325,0.44
Nov 2022,MDG,29042000,first projection,2023-04-01,2023-07-31,3,1485083,0.24
Nov 2022,MDG,29042000,first projection,2023-04-01,2023-07-31,4,50131,0.01
Nov 2022,MDG,29042000,first projection,2023-04-01,2023-07-31,5,0,0
Nov 2022,MDG,29042000,second projection,2023-08-01,2023-10-31,all,3319558,1.0
Nov 2022,MDG,29042000,second projection,2023-08-01,2023-10-31,3+,1006590,0.31
Nov 2022,MDG,29042000,second projection,2023-08-01,2023-10-31,1,938399,0.28
Nov 2022,MDG,29042000,second projection,2023-08-01,2023-10-31,2,1374569,0.41
Nov 2022,MDG,29042000,second projection,2023-08-01,2023-10-31,3,947191,0.29
Nov 2022,MDG,29042000,second projection,2023-08-01,2023-10-31,4,59399,0.02
Nov 2022,MDG,29042000,second projection,2023-08-01,2023-10-31,5,0,0
Jul 2022,MDG,29611714,current,2022-08-01,2022-10-31,all,729752,1.0
Jul 2022,MDG,29611714,current,2022-08-01,2022-10-31,3+,190862,0.26
Jul 2022,MDG,29611714,current,2022-08-01,2022-10-31,1,188735,0.26
Jul 2022,MDG,29611714,current,2022-08-01,2022-10-31,2,350155,0.48
Jul 2022,MDG,29611714,current,2022-08-01,2022-10-31,3,176500,0.24
Jul 2022,MDG,29611714,current,2022-08-01,2022-10-31,4,14362,0.02
Jul 2022,MDG,29611714,current,2022-08-01,2022-10-31,5,0,0
Jul 2022,MDG,29611714,first projection,2022-11-01,2023-01-31,all,729752,1.0
Jul 2022,MDG,29611714,first projection,2022-11-01,2023-01-31,3+,137625,0.18
Jul 2022,MDG,29611714,first projection,2022-11-01,2023-01-31,1,211422,0.29
Jul 2022,MDG,29611714,first projection,2022-11-01,2023-01-31,2,380705,0.52
Jul 2022,MDG,29611714,first projection,2022-11-01,2023-01-31,3,134514,0.18
Jul 2022,MDG,29611714,first projection,2022-11-01,2023-01-31,4,3111,0
Jul 2022,MDG,29611714,first projection,2022-11-01,2023-01-31,5,0,0
Jul 2022,MDG,29611714,second projection,2023-02-01,2023-03-31,all,729752,1.0
Jul 2022,MDG,29611714,second projection,2023-02-01,2023-03-31,3+,173207,0.24
Jul 2022,MDG,29611714,second projection,2023-02-01,2023-03-31,1,189296,0.26
Jul 2022,MDG,29611714,second projection,2023-02-01,2023-03-31,2,367249,0.5
Jul 2022,MDG,29611714,second projection,2023-02-01,2023-03-31,3,158845,0.22
Jul 2022,MDG,29611714,second projection,2023-02-01,2023-03-31,4,14362,0.02
Jul 2022,MDG,29611714,second projection,2023-02-01,2023-03-31,5,0,0
Apr 2022,MDG,29000000,current,2022-04-01,2022-08-31,all,5250604,1.0
Apr 2022,MDG,29000000,current,2022-04-01,2022-08-31,3+,1684129,0.32
Apr 2022,MDG,29000000,current,2022-04-01,2022-08-31,1,1423977,0.27
Apr 2022,MDG,29000000,current,2022-04-01,2022-08-31,2,2142498,0.41
Apr 2022,MDG,29000000,current,2022-04-01,2022-08-31,3,1495073,0.28
Apr 2022,MDG,29000000,current,2022-04-01,2022-08-31,4,189056,0.04
Apr 2022,MDG,29000000,current,2022-04-01,2022-08-31,5,0,0
Apr 2022,MDG,29000000,first projection,2022-09-01,2022-11-30,all,5250604,1.0
Apr 2022,MDG,29000000,first projection,2022-09-01,2022-11-30,3+,1944850,0.37
Apr 2022,MDG,29000000,first projection,2022-09-01,2022-11-30,1,1199454,0.23
Apr 2022,MDG,29000000,first projection,2022-09-01,2022-11-30,2,2106300,0.4
Apr 2022,MDG,29000000,first projection,2022-09-01,2022-11-30,3,1723006,0.33
Apr 2022,MDG,29000000,first projection,2022-09-01,2022-11-30,4,221844,0.04
Apr 2022,MDG,29000000,first projection,2022-09-01,2022-11-30,5,0,0
Apr 2022,MDG,29000000,second projection,2022-12-01,2023-03-31,all,5250604,1.0
Apr 2022,MDG,29000000,second projection,2022-12-01,2023-03-31,3+,2064305,0.39
Apr 2022,MDG,29000000,second projection,2022-12-01,2023-03-31,1,1096493,0.21
Apr 2022,MDG,29000000,second projection,2022-12-01,2023-03-31,2,2089806,0.4
Apr 2022,MDG,29000000,second projection,2022-12-01,2023-03-31,3,1779639,0.34
Apr 2022,MDG,29000000,second projection,2022-12-01,2023-03-31,4,284666,0.05
Apr 2022,MDG,29000000,second projection,2022-12-01,2023-03-31,5,0,0
Nov 2021,MDG,27891778,current,2021-11-01,2021-12-31,all,4414391,1.0
Nov 2021,MDG,27891778,current,2021-11-01,2021-12-31,3+,1642643,0.37
Nov 2021,MDG,27891778,current,2021-11-01,2021-12-31,1,951649,0.22
Nov 2021,MDG,27891778,current,2021-11-01,2021-12-31,2,1820100,0.41
Nov 2021,MDG,27891778,current,2021-11-01,2021-12-31,3,1237868,0.28
Nov 2021,MDG,27891778,current,2021-11-01,2021-12-31,4,404775,0.09
Nov 2021,MDG,27891778,current,2021-11-01,2021-12-31,5,0,0
Nov 2021,MDG,27891778,first projection,2022-01-01,2022-04-30,all,4414391,1.0
Nov 2021,MDG,27891778,first projection,2022-01-01,2022-04-30,3+,1637426,0.37
Nov 2021,MDG,27891778,first projection,2022-01-01,2022-04-30,1,864725,0.2
Nov 2021,MDG,27891778,first projection,2022-01-01,2022-04-30,2,1912240,0.43
Nov 2021,MDG,27891778,first projection,2022-01-01,2022-04-30,3,1303604,0.3
Nov 2021,MDG,27891778,first projection,2022-01-01,2022-04-30,4,333822,0.08
Nov 2021,MDG,27891778,first projection,2022-01-01,2022-04-30,5,0,0
Nov 2021,MDG,27891778,second projection,2022-05-01,2022-08-31,all,4441152,1.0
Nov 2021,MDG,27891778,second projection,2022-05-01,2022-08-31,3+,1093162,0.25
Nov 2021,MDG,27891778,second projection,2022-05-01,2022-08-31,1,1287045,0.29
Nov 2021,MDG,27891778,second projection,2022-05-01,2022-08-31,2,2039369,0.46
Nov 2021,MDG,27891778,second projection,2022-05-01,2022-08-31,3,911630,0.21
Nov 2021,MDG,27891778,second projection,2022-05-01,2022-08-31,4,181533,0.04
Nov 2021,MDG,27891778,second projection,2022-05-01,2022-08-31,5,0,0
Apr 2021,MDG,25680342,current,2021-04-01,2021-09-30,all,2683420,1.0
Apr 2021,MDG,25680342,current,2021-04-01,2021-09-30,3+,1137633,0.43
Apr 2021,MDG,25680342,current,2021-04-01,2021-09-30,1,549912,0.2
Apr 2021,MDG,25680342,current,2021-04-01,2021-09-30,2,995875,0.37
Apr 2021,MDG,25680342,current,2021-04-01,2021-09-30,3,731502,0.27
Apr 2021,MDG,25680342,current,2021-04-01,2021-09-30,4,392213,0.15
Apr 2021,MDG,25680342,current,2021-04-01,2021-09-30,5,13918,0.01
Apr 2021,MDG,25680342,first projection,2021-10-01,2021-12-31,all,2692213,1.0
Apr 2021,MDG,25680342,first projection,2021-10-01,2021-12-31,3+,1313336,0.49
Apr 2021,MDG,25680342,first projection,2021-10-01,2021-12-31,1,463645,0.17
Apr 2021,MDG,25680342,first projection,2021-10-01,2021-12-31,2,915231,0.34
Apr 2021,MDG,25680342,first projection,2021-10-01,2021-12-31,3,801480,0.3
Apr 2021,MDG,25680342,first projection,2021-10-01,2021-12-31,4,484020,0.18
Apr 2021,MDG,25680342,first projection,2021-10-01,2021-12-31,5,27836,0.01
Nov 2025,MLI,25568962,current,2025-10-01,2025-12-31,all,25568962,1.0
Nov 2025,MLI,25568962,current,2025-10-01,2025-12-31,3+,855640,0.03
Nov 2025,MLI,25568962,current,2025-10-01,2025-12-31,1,22075035,0.86
Nov 2025,MLI,25568962,current,2025-10-01,2025-12-31,2,2638287,0.1
Nov 2025,MLI,25568962,current,2025-10-01,2025-12-31,3,824823,0.03
Nov 2025,MLI,25568962,current,2025-10-01,2025-12-31,4,30817,0
Nov 2025,MLI,25568962,current,2025-10-01,2025-12-31,5,0,0
Nov 2025,MLI,25568962,first projection,2026-06-01,2026-08-31,all,25568962,1.0
Nov 2025,MLI,25568962,first projection,2026-06-01,2026-08-31,3+,1560189,0.06
Nov 2025,MLI,25568962,first projection,2026-06-01,2026-08-31,1,19878962,0.78
Nov 2025,MLI,25568962,first projection,2026-06-01,2026-08-31,2,4129811,0.16
Nov 2025,MLI,25568962,first projection,2026-06-01,2026-08-31,3,1503535,0.06
Nov 2025,MLI,25568962,first projection,2026-06-01,2026-08-31,4,56654,0
Nov 2025,MLI,25568962,first projection,2026-06-01,2026-08-31,5,0,0
Mar 2025,MLI,23519325,current,2025-03-01,2025-05-31,all,0,1.0
Mar 2025,MLI,23519325,current,2025-03-01,2025-05-31,3+,0,0
Mar 2025,MLI,23519325,current,2025-03-01,2025-05-31,1,0,0
Mar 2025,MLI,23519325,current,2025-03-01,2025-05-31,2,0,0
Mar 2025,MLI,23519325,current,2025-03-01,2025-05-31,3,0,0
Mar 2025,MLI,23519325,current,2025-03-01,2025-05-31,4,0,0
Mar 2025,MLI,23519325,current,2025-03-01,2025-05-31,5,0,0
Mar 2025,MLI,23519325,first projection,2025-06-01,2025-08-31,all,23519325,1.0
Mar 2025,MLI,23519325,first projection,2025-06-01,2025-08-31,3+,1473095,0.06
Mar 2025,MLI,23519325,first projection,2025-06-01,2025-08-31,1,17962864,0.76
Mar 2025,MLI,23519325,first projection,2025-06-01,2025-08-31,2,4038426,0.17
Mar 2025,MLI,23519325,first projection,2025-06-01,2025-08-31,3,1451211,0.06
Mar 2025,MLI,23519325,first projection,2025-06-01,2025-08-31,4,19239,0
Mar 2025,MLI,23519325,first projection,2025-06-01,2025-08-31,5,2645,0
Nov 2024,MLI,23519325,current,2024-10-01,2024-12-31,all,23519299,1.0
Nov 2024,MLI,23519325,current,2024-10-01,2024-12-31,3+,901909,0.04
Nov 2024,MLI,23519325,current,2024-10-01,2024-12-31,1,19690848,0.84
Nov 2024,MLI,23519325,current,2024-10-01,2024-12-31,2,2926542,0.12
Nov 2024,MLI,23519325,current,2024-10-01,2024-12-31,3,882670,0.04
Nov 2024,MLI,23519325,current,2024-10-01,2024-12-31,4,19239,0
Nov 2024,MLI,23519325,current,2024-10-01,2024-12-31,5,0,0
Nov 2024,MLI,23519325,first projection,2025-06-01,2025-08-31,all,23519299,1.0
Nov 2024,MLI,23519325,first projection,2025-06-01,2025-08-31,3+,1518034,0.06
Nov 2024,MLI,23519325,first projection,2025-06-01,2025-08-31,1,17962846,0.76
Nov 2024,MLI,23519325,first projection,2025-06-01,2025-08-31,2,4038421,0.17
Nov 2024,MLI,23519325,first projection,2025-06-01,2025-08-31,3,1451211,0.06
Nov 2024,MLI,23519325,first projection,2025-06-01,2025-08-31,4,64179,0
Nov 2024,MLI,23519325,first projection,2025-06-01,2025-08-31,5,2645,0
Mar 2024,MLI,22900622,current,2024-03-01,2024-05-31,all,22900621,1.0
Mar 2024,MLI,22900622,current,2024-03-01,2024-05-31,3+,795583,0.03
Mar 2024,MLI,22900622,current,2024-03-01,2024-05-31,1,19246260,0.84
Mar 2024,MLI,22900622,current,2024-03-01,2024-05-31,2,2858779,0.12
Mar 2024,MLI,22900622,current,2024-03-01,2024-05-31,3,734410,0.03
Mar 2024,MLI,22900622,current,2024-03-01,2024-05-31,4,60315,0
Mar 2024,MLI,22900622,current,2024-03-01,2024-05-31,5,858,0
Mar 2024,MLI,22900622,first projection,2024-06-01,2024-08-31,all,22900621,1.0
Mar 2024,MLI,22900622,first projection,2024-06-01,2024-08-31,3+,1370249,0.06
Mar 2024,MLI,22900622,first projection,2024-06-01,2024-08-31,1,17478672,0.76
Mar 2024,MLI,22900622,first projection,2024-06-01,2024-08-31,2,4051700,0.18
Mar 2024,MLI,22900622,first projection,2024-06-01,2024-08-31,3,1246750,0.05
Mar 2024,MLI,22900622,first projection,2024-06-01,2024-08-31,4,120924,0.01
Mar 2024,MLI,22900622,first projection,2024-06-01,2024-08-31,5,2575,0
Nov 2023,MLI,22293390,current,2023-10-01,2023-12-31,all,22900621,1.0
Nov 2023,MLI,22293390,current,2023-10-01,2023-12-31,3+,715410,0.03
Nov 2023,MLI,22293390,current,2023-10-01,2023-12-31,1,19354739,0.85
Nov 2023,MLI,22293390,current,2023-10-01,2023-12-31,2,2830472,0.12
Nov 2023,MLI,22293390,current,2023-10-01,2023-12-31,3,699448,0.03
Nov 2023,MLI,22293390,current,2023-10-01,2023-12-31,4,15962,0
Nov 2023,MLI,22293390,current,2023-10-01,2023-12-31,5,0,0
Nov 2023,MLI,22293390,first projection,2024-06-01,2024-08-31,all,22900621,1.0
Nov 2023,MLI,22293390,first projection,2024-06-01,2024-08-31,3+,1369619,0.06
Nov 2023,MLI,22293390,first projection,2024-06-01,2024-08-31,1,17510381,0.76
Nov 2023,MLI,22293390,first projection,2024-06-01,2024-08-31,2,4020622,0.18
Nov 2023,MLI,22293390,first projection,2024-06-01,2024-08-31,3,1314698,0.06
Nov 2023,MLI,22293390,first projection,2024-06-01,2024-08-31,4,54921,0
Nov 2023,MLI,22293390,first projection,2024-06-01,2024-08-31,5,0,0
Mar 2023,MLI,22293390,current,2023-03-01,2023-05-31,all,22293392,1.0
Mar 2023,MLI,22293390,current,2023-03-01,2023-05-31,3+,760887,0.03
Mar 2023,MLI,22293390,current,2023-03-01,2023-05-31,1,18616633,0.84
Mar 2023,MLI,22293390,current,2023-03-01,2023-05-31,2,2915872,0.13
Mar 2023,MLI,22293390,current,2023-03-01,2023-05-31,3,721833,0.03
Mar 2023,MLI,22293390,current,2023-03-01,2023-05-31,4,39054,0
Mar 2023,MLI,22293390,current,2023-03-01,2023-05-31,5,0,0
Mar 2023,MLI,22293390,first projection,2023-06-01,2023-08-31,all,22293392,1.0
Mar 2023,MLI,22293390,first projection,2023-06-01,2023-08-31,3+,1262078,0.05
Mar 2023,MLI,22293390,first projection,2023-06-01,2023-08-31,1,16940746,0.76
Mar 2023,MLI,22293390,first projection,2023-06-01,2023-08-31,2,4090568,0.18
Mar 2023,MLI,22293390,first projection,2023-06-01,2023-08-31,3,1183337,0.05
Mar 2023,MLI,22293390,first projection,2023-06-01,2023-08-31,4,76234,0
Mar 2023,MLI,22293390,first projection,2023-06-01,2023-08-31,5,2507,0
Nov 2022,MLI,22293390,current,2022-10-01,2022-12-31,all,22293391,1.0
Nov 2022,MLI,22293390,current,2022-10-01,2022-12-31,3+,631684,0.03
Nov 2022,MLI,22293390,current,2022-10-01,2022-12-31,1,18926982,0.85
Nov 2022,MLI,22293390,current,2022-10-01,2022-12-31,2,2734725,0.12
Nov 2022,MLI,22293390,current,2022-10-01,2022-12-31,3,616820,0.03
Nov 2022,MLI,22293390,current,2022-10-01,2022-12-31,4,14864,0
Nov 2022,MLI,22293390,current,2022-10-01,2022-12-31,5,0,0
Nov 2022,MLI,22293390,first projection,2023-06-01,2023-08-31,all,22293391,1.0
Nov 2022,MLI,22293390,first projection,2023-06-01,2023-08-31,3+,1246407,0.05
Nov 2022,MLI,22293390,first projection,2023-06-01,2023-08-31,1,17011094,0.76
Nov 2022,MLI,22293390,first projection,2023-06-01,2023-08-31,2,4035890,0.18
Nov 2022,MLI,22293390,first projection,2023-06-01,2023-08-31,3,1137920,0.05
Nov 2022,MLI,22293390,first projection,2023-06-01,2023-08-31,4,106816,0
Nov 2022,MLI,22293390,first projection,2023-06-01,2023-08-31,5,1671,0
Mar 2022,MLI,21696914,first projection,2022-06-01,2022-08-31,all,21696915,1.0
Mar 2022,MLI,21696914,first projection,2022-06-01,2022-08-31,3+,1837244,0.09
Mar 2022,MLI,21696914,first projection,2022-06-01,2022-08-31,1,15442554,0.71
Mar 2022,MLI,21696914,first projection,2022-06-01,2022-08-31,2,4417117,0.2
Mar 2022,MLI,21696914,first projection,2022-06-01,2022-08-31,3,1680684,0.08
Mar 2022,MLI,21696914,first projection,2022-06-01,2022-08-31,4,156560,0.01
Mar 2022,MLI,21696914,first projection,2022-06-01,2022-08-31,5,0,0
Nov 2021,MLI,21696914,current,2021-10-01,2021-12-31,all,21696915,1.0
Nov 2021,MLI,21696914,current,2021-10-01,2021-12-31,3+,1163876,0.05
Nov 2021,MLI,21696914,current,2021-10-01,2021-12-31,1,17039012,0.79
Nov 2021,MLI,21696914,current,2021-10-01,2021-12-31,2,3494027,0.16
Nov 2021,MLI,21696914,current,2021-10-01,2021-12-31,3,1116716,0.05
Nov 2021,MLI,21696914,current,2021-10-01,2021-12-31,4,47160,0
Nov 2021,MLI,21696914,current,2021-10-01,2021-12-31,5,0,0
Nov 2021,MLI,21696914,first projection,2022-06-01,2022-08-31,all,21696915,1.0
Nov 2021,MLI,21696914,first projection,2022-06-01,2022-08-31,3+,1837244,0.09
Nov 2021,MLI,21696914,first projection,2022-06-01,2022-08-31,1,15442554,0.71
Nov 2021,MLI,21696914,first projection,2022-06-01,2022-08-31,2,4417117,0.2
Nov 2021,MLI,21696914,first projection,2022-06-01,2022-08-31,3,1680684,0.08
Nov 2021,MLI,21696914,first projection,2022-06-01,2022-08-31,4,156560,0.01
Nov 2021,MLI,21696914,first projection,2022-06-01,2022-08-31,5,0,0
Mar 2021,MLI,21112001,current,2021-03-01,2021-05-31,all,21112001,1.0
Mar 2021,MLI,21112001,current,2021-03-01,2021-05-31,3+,858839,0.04
Mar 2021,MLI,21112001,current,2021-03-01,2021-05-31,1,16979679,0.8
Mar 2021,MLI,21112001,current,2021-03-01,2021-05-31,2,3247176,0.15
Mar 2021,MLI,21112001,current,2021-03-01,2021-05-31,3,828866,0.04
Mar 2021,MLI,21112001,current,2021-03-01,2021-05-31,4,29973,0
Mar 2021,MLI,21112001,current,2021-03-01,2021-05-31,5,0,0
Mar 2021,MLI,21112001,first projection,2021-06-01,2021-08-31,all,21112001,1.0
Mar 2021,MLI,21112001,first projection,2021-06-01,2021-08-31,3+,1310736,0.06
Mar 2021,MLI,21112001,first projection,2021-06-01,2021-08-31,1,15727131,0.74
Mar 2021,MLI,21112001,first projection,2021-06-01,2021-08-31,2,4074134,0.19
Mar 2021,MLI,21112001,first projection,2021-06-01,2021-08-31,3,1249105,0.06
Mar 2021,MLI,21112001,first projection,2021-06-01,2021-08-31,4,61631,0
Mar 2021,MLI,21112001,first projection,2021-06-01,2021-08-31,5,0,0
Jul 2026,MOZ,34958973,current,2026-07-01,2026-09-30,all,8304542,1.0
Jul 2026,MOZ,34958973,current,2026-07-01,2026-09-30,3+,1185926,0.14
Jul 2026,MOZ,34958973,current,2026-07-01,2026-09-30,1,3999893,0.48
Jul 2026,MOZ,34958973,current,2026-07-01,2026-09-30,2,3118720,0.38
Jul 2026,MOZ,34958973,current,2026-07-01,2026-09-30,3,1104785,0.13
Jul 2026,MOZ,34958973,current,2026-07-01,2026-09-30,4,81141,0.01
Jul 2026,MOZ,34958973,current,2026-07-01,2026-09-30,5,0,0
Jul 2026,MOZ,34958973,first projection,2026-10-01,2027-03-31,all,8304542,1.0
Jul 2026,MOZ,34958973,first projection,2026-10-01,2027-03-31,3+,1837005,0.22
Jul 2026,MOZ,34958973,first projection,2026-10-01,2027-03-31,1,3210360,0.39
Jul 2026,MOZ,34958973,first projection,2026-10-01,2027-03-31,2,3257175,0.39
Jul 2026,MOZ,34958973,first projection,2026-10-01,2027-03-31,3,1583147,0.19
Jul 2026,MOZ,34958973,first projection,2026-10-01,2027-03-31,4,253858,0.03
Jul 2026,MOZ,34958973,first projection,2026-10-01,2027-03-31,5,0,0
Nov 2025,MOZ,0,current,2025-10-01,2026-03-31,all,9623782,1.0
Nov 2025,MOZ,0,current,2025-10-01,2026-03-31,3+,1204836,0.12
Nov 2025,MOZ,0,current,2025-10-01,2026-03-31,1,5838601,0.61
Nov 2025,MOZ,0,current,2025-10-01,2026-03-31,2,2580351,0.27
Nov 2025,MOZ,0,current,2025-10-01,2026-03-31,3,1079135,0.11
Nov 2025,MOZ,0,current,2025-10-01,2026-03-31,4,125701,0.01
Nov 2025,MOZ,0,current,2025-10-01,2026-03-31,5,0,0
Nov 2025,MOZ,0,first projection,2026-04-01,2026-09-30,all,9623782,1.0
Nov 2025,MOZ,0,first projection,2026-04-01,2026-09-30,3+,528881,0.05
Nov 2025,MOZ,0,first projection,2026-04-01,2026-09-30,1,6845552,0.71
Nov 2025,MOZ,0,first projection,2026-04-01,2026-09-30,2,2249356,0.23
Nov 2025,MOZ,0,first projection,2026-04-01,2026-09-30,3,528881,0.05
Nov 2025,MOZ,0,first projection,2026-04-01,2026-09-30,4,0,0
Nov 2025,MOZ,0,first projection,2026-04-01,2026-09-30,5,0,0
Jun 2025,MOZ,33244414,current,2025-04-01,2025-09-30,all,11475922,1.0
Jun 2025,MOZ,33244414,current,2025-04-01,2025-09-30,3+,2089610,0.18
Jun 2025,MOZ,33244414,current,2025-04-01,2025-09-30,1,5219236,0.45
Jun 2025,MOZ,33244414,current,2025-04-01,2025-09-30,2,4166282,0.36
Jun 2025,MOZ,33244414,current,2025-04-01,2025-09-30,3,1946717,0.17
Jun 2025,MOZ,33244414,current,2025-04-01,2025-09-30,4,142893,0.01
Jun 2025,MOZ,33244414,current,2025-04-01,2025-09-30,5,0,0
Jun 2025,MOZ,33244414,first projection,2025-10-01,2026-03-31,all,11475922,1.0
Jun 2025,MOZ,33244414,first projection,2025-10-01,2026-03-31,3+,2672920,0.23
Jun 2025,MOZ,33244414,first projection,2025-10-01,2026-03-31,1,4670314,0.41
Jun 2025,MOZ,33244414,first projection,2025-10-01,2026-03-31,2,4132689,0.36
Jun 2025,MOZ,33244414,first projection,2025-10-01,2026-03-31,3,2502737,0.22
Jun 2025,MOZ,33244414,first projection,2025-10-01,2026-03-31,4,170183,0.01
Jun 2025,MOZ,33244414,first projection,2025-10-01,2026-03-31,5,0,0
Oct 2024,MOZ,33244414,first projection,2024-10-01,2025-03-31,all,20273959,1.0
Oct 2024,MOZ,33244414,first projection,2024-10-01,2025-03-31,3+,4890227,0.24
Oct 2024,MOZ,33244414,first projection,2024-10-01,2025-03-31,1,8848595,0.44
Oct 2024,MOZ,33244414,first projection,2024-10-01,2025-03-31,2,6529629,0.32
Oct 2024,MOZ,33244414,first projection,2024-10-01,2025-03-31,3,3978311,0.2
Oct 2024,MOZ,33244414,first projection,2024-10-01,2025-03-31,4,911915,0.04
Oct 2024,MOZ,33244414,first projection,2024-10-01,2025-03-31,5,0,0
Jun 2024,MOZ,33244414,current,2024-04-01,2024-09-30,all,10025724,1.0
Jun 2024,MOZ,33244414,current,2024-04-01,2024-09-30,3+,2785751,0.28
Jun 2024,MOZ,33244414,current,2024-04-01,2024-09-30,1,3639958,0.36
Jun 2024,MOZ,33244414,current,2024-04-01,2024-09-30,2,3600015,0.36
Jun 2024,MOZ,33244414,current,2024-04-01,2024-09-30,3,2275600,0.23
Jun 2024,MOZ,33244414,current,2024-04-01,2024-09-30,4,510151,0.05
Jun 2024,MOZ,33244414,current,2024-04-01,2024-09-30,5,0,0
Jun 2024,MOZ,33244414,first projection,2024-10-01,2025-03-31,all,10025724,1.0
Jun 2024,MOZ,33244414,first projection,2024-10-01,2025-03-31,3+,3275559,0.33
Jun 2024,MOZ,33244414,first projection,2024-10-01,2025-03-31,1,3205784,0.32
Jun 2024,MOZ,33244414,first projection,2024-10-01,2025-03-31,2,3544381,0.35
Jun 2024,MOZ,33244414,first projection,2024-10-01,2025-03-31,3,2502278,0.25
Jun 2024,MOZ,33244414,first projection,2024-10-01,2025-03-31,4,773281,0.08
Jun 2024,MOZ,33244414,first projection,2024-10-01,2025-03-31,5,0,0
Jul 2023,MOZ,32419747,current,2023-05-01,2023-09-30,all,15829933,1.0
Jul 2023,MOZ,32419747,current,2023-05-01,2023-09-30,3+,2603111,0.17
Jul 2023,MOZ,32419747,current,2023-05-01,2023-09-30,1,7541238,0.48
Jul 2023,MOZ,32419747,current,2023-05-01,2023-09-30,2,5685585,0.36
Jul 2023,MOZ,32419747,current,2023-05-01,2023-09-30,3,2477381,0.16
Jul 2023,MOZ,32419747,current,2023-05-01,2023-09-30,4,125730,0.01
Jul 2023,MOZ,32419747,current,2023-05-01,2023-09-30,5,0,0
Jul 2023,MOZ,32419747,first projection,2023-10-01,2024-03-31,all,15829933,1.0
Jul 2023,MOZ,32419747,first projection,2023-10-01,2024-03-31,3+,3289565,0.2
Jul 2023,MOZ,32419747,first projection,2023-10-01,2024-03-31,1,6656450,0.42
Jul 2023,MOZ,32419747,first projection,2023-10-01,2024-03-31,2,5883919,0.37
Jul 2023,MOZ,32419747,first projection,2023-10-01,2024-03-31,3,3069599,0.19
Jul 2023,MOZ,32419747,first projection,2023-10-01,2024-03-31,4,219965,0.01
Jul 2023,MOZ,32419747,first projection,2023-10-01,2024-03-31,5,0,0
Nov 2022,MOZ,31966572,current,2022-10-01,2023-03-31,all,31966572,1.0
Nov 2022,MOZ,31966572,current,2022-10-01,2023-03-31,3+,3146423,0.1
Nov 2022,MOZ,31966572,current,2022-10-01,2023-03-31,1,16026000,0.5
Nov 2022,MOZ,31966572,current,2022-10-01,2023-03-31,2,12974000,0.4
Nov 2022,MOZ,31966572,current,2022-10-01,2023-03-31,3,2748872,0.09
Nov 2022,MOZ,31966572,current,2022-10-01,2023-03-31,4,397551,0.01
Nov 2022,MOZ,31966572,current,2022-10-01,2023-03-31,5,0,0
Nov 2021,MOZ,30832244,current,2021-11-01,2022-03-31,all,14519709,1.0
Nov 2021,MOZ,30832244,current,2021-11-01,2022-03-31,3+,1857640,0.13
Nov 2021,MOZ,30832244,current,2021-11-01,2022-03-31,1,6516368,0.45
Nov 2021,MOZ,30832244,current,2021-11-01,2022-03-31,2,6145701,0.42
Nov 2021,MOZ,30832244,current,2021-11-01,2022-03-31,3,1818432,0.13
Nov 2021,MOZ,30832244,current,2021-11-01,2022-03-31,4,39208,0
Nov 2021,MOZ,30832244,current,2021-11-01,2022-03-31,5,0,0
Nov 2021,MOZ,30832244,first projection,2022-04-01,2022-09-30,all,14519709,1.0
Nov 2021,MOZ,30832244,first projection,2022-04-01,2022-09-30,3+,1443383,0.1
Nov 2021,MOZ,30832244,first projection,2022-04-01,2022-09-30,1,7128616,0.49
Nov 2021,MOZ,30832244,first projection,2022-04-01,2022-09-30,2,5947710,0.41
Nov 2021,MOZ,30832244,first projection,2022-04-01,2022-09-30,3,1419830,0.1
Nov 2021,MOZ,30832244,first projection,2022-04-01,2022-09-30,4,23553,0
Nov 2021,MOZ,30832244,first projection,2022-04-01,2022-09-30,5,0,0
Apr 2021,MOZ,30832244,current,2020-10-01,2021-03-31,all,531598,1.0
Apr 2021,MOZ,30832244,current,2020-10-01,2021-03-31,3+,188964,0.36
Apr 2021,MOZ,30832244,current,2020-10-01,2021-03-31,1,151915,0.29
Apr 2021,MOZ,30832244,current,2020-10-01,2021-03-31,2,189739,0.36
Apr 2021,MOZ,30832244,current,2020-10-01,2021-03-31,3,132717,0.25
Apr 2021,MOZ,30832244,current,2020-10-01,2021-03-31,4,56247,0.11
Apr 2021,MOZ,30832244,current,2020-10-01,2021-03-31,5,0,0
Apr 2021,MOZ,30832244,first projection,2021-04-01,2021-09-30,all,777398,1.0
Apr 2021,MOZ,30832244,first projection,2021-04-01,2021-09-30,3+,228264,0.3
Apr 2021,MOZ,30832244,first projection,2021-04-01,2021-09-30,1,270308,0.35
Apr 2021,MOZ,30832244,first projection,2021-04-01,2021-09-30,2,278827,0.36
Apr 2021,MOZ,30832244,first projection,2021-04-01,2021-09-30,3,193023,0.25
Apr 2021,MOZ,30832244,first projection,2021-04-01,2021-09-30,4,35241,0.05
Apr 2021,MOZ,30832244,first projection,2021-04-01,2021-09-30,5,0,0
Apr 2021,MOZ,30832244,second projection,2021-10-01,2022-02-28,all,777398,1.0
Apr 2021,MOZ,30832244,second projection,2021-10-01,2022-02-28,3+,362727,0.47
Apr 2021,MOZ,30832244,second projection,2021-10-01,2022-02-28,1,153385,0.2
Apr 2021,MOZ,30832244,second projection,2021-10-01,2022-02-28,2,261286,0.34
Apr 2021,MOZ,30832244,second projection,2021-10-01,2022-02-28,3,262899,0.34
Apr 2021,MOZ,30832244,second projection,2021-10-01,2022-02-28,4,99829,0.13
Apr 2021,MOZ,30832244,second projection,2021-10-01,2022-02-28,5,0,0
Nov 2025,MRT,5323969,current,2025-10-01,2025-12-31,all,5323969,1.0
Nov 2025,MRT,5323969,current,2025-10-01,2025-12-31,3+,295561,0.06
Nov 2025,MRT,5323969,current,2025-10-01,2025-12-31,1,4085189,0.77
Nov 2025,MRT,5323969,current,2025-10-01,2025-12-31,2,943219,0.18
Nov 2025,MRT,5323969,current,2025-10-01,2025-12-31,3,295561,0.06
Nov 2025,MRT,5323969,current,2025-10-01,2025-12-31,4,0,0
Nov 2025,MRT,5323969,current,2025-10-01,2025-12-31,5,0,0
Nov 2025,MRT,5323969,first projection,2026-06-01,2026-08-31,all,5323969,1.0
Nov 2025,MRT,5323969,first projection,2026-06-01,2026-08-31,3+,500089,0.09
Nov 2025,MRT,5323969,first projection,2026-06-01,2026-08-31,1,3487372,0.66
Nov 2025,MRT,5323969,first projection,2026-06-01,2026-08-31,2,1336508,0.25
Nov 2025,MRT,5323969,first projection,2026-06-01,2026-08-31,3,486196,0.09
Nov 2025,MRT,5323969,first projection,2026-06-01,2026-08-31,4,13893,0
Nov 2025,MRT,5323969,first projection,2026-06-01,2026-08-31,5,0,0
Mar 2025,MRT,4927530,current,2025-03-01,2025-05-31,all,4927530,1.0
Mar 2025,MRT,4927530,current,2025-03-01,2025-05-31,3+,365706,0.07
Mar 2025,MRT,4927530,current,2025-03-01,2025-05-31,1,3690990,0.75
Mar 2025,MRT,4927530,current,2025-03-01,2025-05-31,2,870833,0.18
Mar 2025,MRT,4927530,current,2025-03-01,2025-05-31,3,365706,0.07
Mar 2025,MRT,4927530,current,2025-03-01,2025-05-31,4,0,0
Mar 2025,MRT,4927530,current,2025-03-01,2025-05-31,5,0,0
Mar 2025,MRT,4927530,first projection,2025-06-01,2025-08-31,all,4927530,1.0
Mar 2025,MRT,4927530,first projection,2025-06-01,2025-08-31,3+,590452,0.12
Mar 2025,MRT,4927530,first projection,2025-06-01,2025-08-31,1,3112878,0.63
Mar 2025,MRT,4927530,first projection,2025-06-01,2025-08-31,2,1224200,0.25
Mar 2025,MRT,4927530,first projection,2025-06-01,2025-08-31,3,578579,0.12
Mar 2025,MRT,4927530,first projection,2025-06-01,2025-08-31,4,11873,0
Mar 2025,MRT,4927530,first projection,2025-06-01,2025-08-31,5,0,0
Nov 2024,MRT,4927532,current,2024-10-01,2024-12-31,all,4927532,1.0
Nov 2024,MRT,4927532,current,2024-10-01,2024-12-31,3+,185897,0.04
Nov 2024,MRT,4927532,current,2024-10-01,2024-12-31,1,4017926,0.82
Nov 2024,MRT,4927532,current,2024-10-01,2024-12-31,2,723709,0.15
Nov 2024,MRT,4927532,current,2024-10-01,2024-12-31,3,185897,0.04
Nov 2024,MRT,4927532,current,2024-10-01,2024-12-31,4,0,0
Nov 2024,MRT,4927532,current,2024-10-01,2024-12-31,5,0,0
Nov 2024,MRT,4927532,first projection,2025-06-01,2025-08-31,all,4927532,1.0
Nov 2024,MRT,4927532,first projection,2025-06-01,2025-08-31,3+,374750,0.08
Nov 2024,MRT,4927532,first projection,2025-06-01,2025-08-31,1,3490588,0.71
Nov 2024,MRT,4927532,first projection,2025-06-01,2025-08-31,2,1062194,0.22
Nov 2024,MRT,4927532,first projection,2025-06-01,2025-08-31,3,342757,0.07
Nov 2024,MRT,4927532,first projection,2025-06-01,2025-08-31,4,31993,0.01
Nov 2024,MRT,4927532,first projection,2025-06-01,2025-08-31,5,0,0
Mar 2024,MRT,4581886,current,2024-03-01,2024-05-31,all,2740558,1.0
Mar 2024,MRT,4581886,current,2024-03-01,2024-05-31,3+,320309,0.12
Mar 2024,MRT,4581886,current,2024-03-01,2024-05-31,1,1796280,0.66
Mar 2024,MRT,4581886,current,2024-03-01,2024-05-31,2,623969,0.23
Mar 2024,MRT,4581886,current,2024-03-01,2024-05-31,3,319528,0.12
Mar 2024,MRT,4581886,current,2024-03-01,2024-05-31,4,781,0
Mar 2024,MRT,4581886,current,2024-03-01,2024-05-31,5,0,0
Mar 2024,MRT,4581886,first projection,2024-06-01,2024-08-31,all,4581886,1.0
Mar 2024,MRT,4581886,first projection,2024-06-01,2024-08-31,3+,656652,0.15
Mar 2024,MRT,4581886,first projection,2024-06-01,2024-08-31,1,2755937,0.6
Mar 2024,MRT,4581886,first projection,2024-06-01,2024-08-31,2,1169297,0.26
Mar 2024,MRT,4581886,first projection,2024-06-01,2024-08-31,3,627709,0.14
Mar 2024,MRT,4581886,first projection,2024-06-01,2024-08-31,4,28943,0.01
Mar 2024,MRT,4581886,first projection,2024-06-01,2024-08-31,5,0,0
Nov 2023,MRT,4372039,current,2023-11-01,2023-12-31,all,4581886,1.0
Nov 2023,MRT,4372039,current,2023-11-01,2023-12-31,3+,232688,0.05
Nov 2023,MRT,4372039,current,2023-11-01,2023-12-31,1,3623709,0.79
Nov 2023,MRT,4372039,current,2023-11-01,2023-12-31,2,725489,0.16
Nov 2023,MRT,4372039,current,2023-11-01,2023-12-31,3,232688,0.05
Nov 2023,MRT,4372039,current,2023-11-01,2023-12-31,4,0,0
Nov 2023,MRT,4372039,current,2023-11-01,2023-12-31,5,0,0
Nov 2023,MRT,4372039,first projection,2024-06-01,2024-08-31,all,4581886,1.0
Nov 2023,MRT,4372039,first projection,2024-06-01,2024-08-31,3+,364799,0.08
Nov 2023,MRT,4372039,first projection,2024-06-01,2024-08-31,1,3193807,0.7
Nov 2023,MRT,4372039,first projection,2024-06-01,2024-08-31,2,1023280,0.22
Nov 2023,MRT,4372039,first projection,2024-06-01,2024-08-31,3,357693,0.08
Nov 2023,MRT,4372039,first projection,2024-06-01,2024-08-31,4,7106,0
Nov 2023,MRT,4372039,first projection,2024-06-01,2024-08-31,5,0,0
Mar 2023,MRT,4372039,current,2023-03-01,2023-05-31,all,3543688,1.0
Mar 2023,MRT,4372039,current,2023-03-01,2023-05-31,3+,271969,0.08
Mar 2023,MRT,4372039,current,2023-03-01,2023-05-31,1,2622893,0.74
Mar 2023,MRT,4372039,current,2023-03-01,2023-05-31,2,648826,0.18
Mar 2023,MRT,4372039,current,2023-03-01,2023-05-31,3,270830,0.08
Mar 2023,MRT,4372039,current,2023-03-01,2023-05-31,4,1139,0
Mar 2023,MRT,4372039,current,2023-03-01,2023-05-31,5,0,0
Mar 2023,MRT,4372039,first projection,2023-06-01,2023-08-31,all,3543688,1.0
Mar 2023,MRT,4372039,first projection,2023-06-01,2023-08-31,3+,472275,0.14
Mar 2023,MRT,4372039,first projection,2023-06-01,2023-08-31,1,2248139,0.63
Mar 2023,MRT,4372039,first projection,2023-06-01,2023-08-31,2,823274,0.23
Mar 2023,MRT,4372039,first projection,2023-06-01,2023-08-31,3,444298,0.13
Mar 2023,MRT,4372039,first projection,2023-06-01,2023-08-31,4,27977,0.01
Mar 2023,MRT,4372039,first projection,2023-06-01,2023-08-31,5,0,0
Nov 2022,MRT,4372039,current,2022-10-01,2022-12-31,all,4372038,1.0
Nov 2022,MRT,4372039,current,2022-10-01,2022-12-31,3+,440765,0.1
Nov 2022,MRT,4372039,current,2022-10-01,2022-12-31,1,3034712,0.69
Nov 2022,MRT,4372039,current,2022-10-01,2022-12-31,2,896560,0.21
Nov 2022,MRT,4372039,current,2022-10-01,2022-12-31,3,384644,0.09
Nov 2022,MRT,4372039,current,2022-10-01,2022-12-31,4,56121,0.01
Nov 2022,MRT,4372039,current,2022-10-01,2022-12-31,5,0,0
Nov 2022,MRT,4372039,first projection,2023-06-01,2023-08-31,all,4372038,1.0
Nov 2022,MRT,4372039,first projection,2023-06-01,2023-08-31,3+,694612,0.15
Nov 2022,MRT,4372039,first projection,2023-06-01,2023-08-31,1,2578175,0.59
Nov 2022,MRT,4372039,first projection,2023-06-01,2023-08-31,2,1099251,0.25
Nov 2022,MRT,4372039,first projection,2023-06-01,2023-08-31,3,588479,0.13
Nov 2022,MRT,4372039,first projection,2023-06-01,2023-08-31,4,106133,0.02
Nov 2022,MRT,4372039,first projection,2023-06-01,2023-08-31,5,0,0
Mar 2022,MRT,4372039,current,2022-03-01,2022-05-31,all,4359274,1.0
Mar 2022,MRT,4372039,current,2022-03-01,2022-05-31,3+,678543,0.16
Mar 2022,MRT,4372039,current,2022-03-01,2022-05-31,1,2360420,0.54
Mar 2022,MRT,4372039,current,2022-03-01,2022-05-31,2,1320311,0.3
Mar 2022,MRT,4372039,current,2022-03-01,2022-05-31,3,636099,0.15
Mar 2022,MRT,4372039,current,2022-03-01,2022-05-31,4,42444,0.01
Mar 2022,MRT,4372039,current,2022-03-01,2022-05-31,5,0,0
Mar 2022,MRT,4372039,first projection,2022-06-01,2022-08-31,all,4359274,1.0
Mar 2022,MRT,4372039,first projection,2022-06-01,2022-08-31,3+,879366,0.2
Mar 2022,MRT,4372039,first projection,2022-06-01,2022-08-31,1,2044956,0.47
Mar 2022,MRT,4372039,first projection,2022-06-01,2022-08-31,2,1434953,0.33
Mar 2022,MRT,4372039,first projection,2022-06-01,2022-08-31,3,795937,0.18
Mar 2022,MRT,4372039,first projection,2022-06-01,2022-08-31,4,83429,0.02
Mar 2022,MRT,4372039,first projection,2022-06-01,2022-08-31,5,0,0
Nov 2021,MRT,4372039,current,2021-10-01,2021-12-31,all,4372039,1.0
Nov 2021,MRT,4372039,current,2021-10-01,2021-12-31,3+,348760,0.08
Nov 2021,MRT,4372039,current,2021-10-01,2021-12-31,1,3130804,0.72
Nov 2021,MRT,4372039,current,2021-10-01,2021-12-31,2,892475,0.2
Nov 2021,MRT,4372039,current,2021-10-01,2021-12-31,3,340841,0.08
Nov 2021,MRT,4372039,current,2021-10-01,2021-12-31,4,7920,0
Nov 2021,MRT,4372039,current,2021-10-01,2021-12-31,5,0,0
Nov 2021,MRT,4372039,first projection,2022-06-01,2022-08-31,all,4372039,1.0
Nov 2021,MRT,4372039,first projection,2022-06-01,2022-08-31,3+,661074,0.15
Nov 2021,MRT,4372039,first projection,2022-06-01,2022-08-31,1,2513113,0.57
Nov 2021,MRT,4372039,first projection,2022-06-01,2022-08-31,2,1197852,0.27
Nov 2021,MRT,4372039,first projection,2022-06-01,2022-08-31,3,627317,0.14
Nov 2021,MRT,4372039,first projection,2022-06-01,2022-08-31,4,33757,0.01
Nov 2021,MRT,4372039,first projection,2022-06-01,2022-08-31,5,0,0
Mar 2021,MRT,4271197,current,2021-03-01,2021-05-31,all,4260333,1.0
Mar 2021,MRT,4271197,current,2021-03-01,2021-05-31,3+,250272,0.06
Mar 2021,MRT,4271197,current,2021-03-01,2021-05-31,1,3329566,0.78
Mar 2021,MRT,4271197,current,2021-03-01,2021-05-31,2,680495,0.16
Mar 2021,MRT,4271197,current,2021-03-01,2021-05-31,3,249106,0.06
Mar 2021,MRT,4271197,current,2021-03-01,2021-05-31,4,1166,0
Mar 2021,MRT,4271197,current,2021-03-01,2021-05-31,5,0,0
Mar 2021,MRT,4271197,first projection,2021-06-01,2021-08-31,all,4260333,1.0
Mar 2021,MRT,4271197,first projection,2021-06-01,2021-08-31,3+,482738,0.12
Mar 2021,MRT,4271197,first projection,2021-06-01,2021-08-31,1,2878314,0.68
Mar 2021,MRT,4271197,first projection,2021-06-01,2021-08-31,2,899280,0.21
Mar 2021,MRT,4271197,first projection,2021-06-01,2021-08-31,3,460930,0.11
Mar 2021,MRT,4271197,first projection,2021-06-01,2021-08-31,4,21808,0.01
Mar 2021,MRT,4271197,first projection,2021-06-01,2021-08-31,5,0,0
Jun 2026,MWI,19116807,current,2026-04-01,2026-09-30,all,19085563,1.0
Jun 2026,MWI,19116807,current,2026-04-01,2026-09-30,3+,1935075,0.1
Jun 2026,MWI,19116807,current,2026-04-01,2026-09-30,1,12715282,0.67
Jun 2026,MWI,19116807,current,2026-04-01,2026-09-30,2,4435213,0.23
Jun 2026,MWI,19116807,current,2026-04-01,2026-09-30,3,1935075,0.1
Jun 2026,MWI,19116807,current,2026-04-01,2026-09-30,4,0,0
Jun 2026,MWI,19116807,current,2026-04-01,2026-09-30,5,0,0
Jun 2026,MWI,19116807,first projection,2026-10-01,2027-03-31,all,19085563,1.0
Jun 2026,MWI,19116807,first projection,2026-10-01,2027-03-31,3+,2612671,0.14
Jun 2026,MWI,19116807,first projection,2026-10-01,2027-03-31,1,11283465,0.59
Jun 2026,MWI,19116807,first projection,2026-10-01,2027-03-31,2,5189435,0.27
Jun 2026,MWI,19116807,first projection,2026-10-01,2027-03-31,3,2612671,0.14
Jun 2026,MWI,19116807,first projection,2026-10-01,2027-03-31,4,0,0
Jun 2026,MWI,19116807,first projection,2026-10-01,2027-03-31,5,0,0
Jun 2025,MWI,22281817,current,2025-05-01,2025-09-30,all,18526746,1.0
Jun 2025,MWI,22281817,current,2025-05-01,2025-09-30,3+,2970149,0.16
Jun 2025,MWI,22281817,current,2025-05-01,2025-09-30,1,9724789,0.52
Jun 2025,MWI,22281817,current,2025-05-01,2025-09-30,2,5831806,0.31
Jun 2025,MWI,22281817,current,2025-05-01,2025-09-30,3,2970149,0.16
Jun 2025,MWI,22281817,current,2025-05-01,2025-09-30,4,0,0
Jun 2025,MWI,22281817,current,2025-05-01,2025-09-30,5,0,0
Jun 2025,MWI,22281817,first projection,2025-10-01,2026-03-31,all,18526746,1.0
Jun 2025,MWI,22281817,first projection,2025-10-01,2026-03-31,3+,4009537,0.22
Jun 2025,MWI,22281817,first projection,2025-10-01,2026-03-31,1,8481766,0.46
Jun 2025,MWI,22281817,first projection,2025-10-01,2026-03-31,2,6035446,0.33
Jun 2025,MWI,22281817,first projection,2025-10-01,2026-03-31,3,4001592,0.22
Jun 2025,MWI,22281817,first projection,2025-10-01,2026-03-31,4,7945,0
Jun 2025,MWI,22281817,first projection,2025-10-01,2026-03-31,5,0,0
Nov 2024,MWI,20270568,first projection,2024-10-01,2025-03-31,all,20270568,1.0
Nov 2024,MWI,20270568,first projection,2024-10-01,2025-03-31,3+,6188380,0.3
Nov 2024,MWI,20270568,first projection,2024-10-01,2025-03-31,1,7230085,0.36
Nov 2024,MWI,20270568,first projection,2024-10-01,2025-03-31,2,6852104,0.34
Nov 2024,MWI,20270568,first projection,2024-10-01,2025-03-31,3,5772253,0.28
Nov 2024,MWI,20270568,first projection,2024-10-01,2025-03-31,4,416127,0.02
Nov 2024,MWI,20270568,first projection,2024-10-01,2025-03-31,5,0,0
May 2024,MWI,20270568,current,2024-05-01,2024-09-30,all,20270568,1.0
May 2024,MWI,20270568,current,2024-05-01,2024-09-30,3+,4165142,0.2
May 2024,MWI,20270568,current,2024-05-01,2024-09-30,1,9385389,0.46
May 2024,MWI,20270568,current,2024-05-01,2024-09-30,2,6720037,0.33
May 2024,MWI,20270568,current,2024-05-01,2024-09-30,3,4108694,0.2
May 2024,MWI,20270568,current,2024-05-01,2024-09-30,4,56448,0
May 2024,MWI,20270568,current,2024-05-01,2024-09-30,5,0,0
May 2024,MWI,20270568,first projection,2024-10-01,2025-03-31,all,20270568,1.0
May 2024,MWI,20270568,first projection,2024-10-01,2025-03-31,3+,5692123,0.28
May 2024,MWI,20270568,first projection,2024-10-01,2025-03-31,1,7826964,0.39
May 2024,MWI,20270568,first projection,2024-10-01,2025-03-31,2,6751481,0.33
May 2024,MWI,20270568,first projection,2024-10-01,2025-03-31,3,5275996,0.26
May 2024,MWI,20270568,first projection,2024-10-01,2025-03-31,4,416127,0.02
May 2024,MWI,20270568,first projection,2024-10-01,2025-03-31,5,0,0
Jul 2023,MWI,19692000,current,2023-07-01,2023-09-30,all,19692000,1.0
Jul 2023,MWI,19692000,current,2023-07-01,2023-09-30,3+,3021000,0.15
Jul 2023,MWI,19692000,current,2023-07-01,2023-09-30,1,10747000,0.55
Jul 2023,MWI,19692000,current,2023-07-01,2023-09-30,2,5924000,0.3
Jul 2023,MWI,19692000,current,2023-07-01,2023-09-30,3,3021000,0.15
Jul 2023,MWI,19692000,current,2023-07-01,2023-09-30,4,0,0
Jul 2023,MWI,19692000,current,2023-07-01,2023-09-30,5,0,0
Jul 2023,MWI,19692000,first projection,2023-10-01,2024-03-31,all,19692000,1.0
Jul 2023,MWI,19692000,first projection,2023-10-01,2024-03-31,3+,4402000,0.22
Jul 2023,MWI,19692000,first projection,2023-10-01,2024-03-31,1,9123000,0.47
Jul 2023,MWI,19692000,first projection,2023-10-01,2024-03-31,2,6167000,0.31
Jul 2023,MWI,19692000,first projection,2023-10-01,2024-03-31,3,4136000,0.21
Jul 2023,MWI,19692000,first projection,2023-10-01,2024-03-31,4,266000,0.01
Jul 2023,MWI,19692000,first projection,2023-10-01,2024-03-31,5,0,0
Jun 2022,MWI,19348953,current,2022-06-01,2022-09-30,all,19348953,1.0
Jun 2022,MWI,19348953,current,2022-06-01,2022-09-30,3+,2632740,0.14
Jun 2022,MWI,19348953,current,2022-06-01,2022-09-30,1,10232732,0.53
Jun 2022,MWI,19348953,current,2022-06-01,2022-09-30,2,6483481,0.34
Jun 2022,MWI,19348953,current,2022-06-01,2022-09-30,3,2632740,0.14
Jun 2022,MWI,19348953,current,2022-06-01,2022-09-30,4,0,0
Jun 2022,MWI,19348953,current,2022-06-01,2022-09-30,5,0,0
Jun 2022,MWI,19348953,first projection,2022-10-01,2023-03-31,all,19317465,1.0
Jun 2022,MWI,19348953,first projection,2022-10-01,2023-03-31,3+,3822502,0.2
Jun 2022,MWI,19348953,first projection,2022-10-01,2023-03-31,1,8815301,0.46
Jun 2022,MWI,19348953,first projection,2022-10-01,2023-03-31,2,6679662,0.35
Jun 2022,MWI,19348953,first projection,2022-10-01,2023-03-31,3,3822502,0.2
Jun 2022,MWI,19348953,first projection,2022-10-01,2023-03-31,4,0,0
Jun 2022,MWI,19348953,first projection,2022-10-01,2023-03-31,5,0,0
Nov 2021,MWI,18827607,current,2021-11-01,2021-12-31,all,18827607,1.0
Nov 2021,MWI,18827607,current,2021-11-01,2021-12-31,3+,1396742,0.07
Nov 2021,MWI,18827607,current,2021-11-01,2021-12-31,1,13075816,0.69
Nov 2021,MWI,18827607,current,2021-11-01,2021-12-31,2,4355049,0.23
Nov 2021,MWI,18827607,current,2021-11-01,2021-12-31,3,1396742,0.07
Nov 2021,MWI,18827607,current,2021-11-01,2021-12-31,4,0,0
Nov 2021,MWI,18827607,current,2021-11-01,2021-12-31,5,0,0
Nov 2021,MWI,18827607,first projection,2022-01-01,2022-03-31,all,18827607,1.0
Nov 2021,MWI,18827607,first projection,2022-01-01,2022-03-31,3+,1653275,0.09
Nov 2021,MWI,18827607,first projection,2022-01-01,2022-03-31,1,12172448,0.65
Nov 2021,MWI,18827607,first projection,2022-01-01,2022-03-31,2,5001884,0.27
Nov 2021,MWI,18827607,first projection,2022-01-01,2022-03-31,3,1653275,0.09
Nov 2021,MWI,18827607,first projection,2022-01-01,2022-03-31,4,0,0
Nov 2021,MWI,18827607,first projection,2022-01-01,2022-03-31,5,0,0
Aug 2021,MWI,18898441,current,2021-07-01,2021-09-30,all,18827607,1.0
Aug 2021,MWI,18898441,current,2021-07-01,2021-09-30,3+,1064674,0.06
Aug 2021,MWI,18898441,current,2021-07-01,2021-09-30,1,14160113,0.75
Aug 2021,MWI,18898441,current,2021-07-01,2021-09-30,2,3602821,0.19
Aug 2021,MWI,18898441,current,2021-07-01,2021-09-30,3,1064674,0.06
Aug 2021,MWI,18898441,current,2021-07-01,2021-09-30,4,0,0
Aug 2021,MWI,18898441,current,2021-07-01,2021-09-30,5,0,0
Aug 2021,MWI,18898441,first projection,2021-10-01,2022-03-31,all,18827607,1.0
Aug 2021,MWI,18898441,first projection,2021-10-01,2022-03-31,3+,1496394,0.08
Aug 2021,MWI,18898441,first projection,2021-10-01,2022-03-31,1,12837059,0.68
Aug 2021,MWI,18898441,first projection,2021-10-01,2022-03-31,2,4494154,0.24
Aug 2021,MWI,18898441,first projection,2021-10-01,2022-03-31,3,1496394,0.08
Aug 2021,MWI,18898441,first projection,2021-10-01,2022-03-31,4,0,0
Aug 2021,MWI,18898441,first projection,2021-10-01,2022-03-31,5,0,0
Jul 2025,NAM,3022401,current,2025-07-01,2025-09-30,all,3022401,1.0
Jul 2025,NAM,3022401,current,2025-07-01,2025-09-30,3+,455668,0.15
Jul 2025,NAM,3022401,current,2025-07-01,2025-09-30,1,1432894,0.47
Jul 2025,NAM,3022401,current,2025-07-01,2025-09-30,2,1133841,0.38
Jul 2025,NAM,3022401,current,2025-07-01,2025-09-30,3,455668,0.15
Jul 2025,NAM,3022401,current,2025-07-01,2025-09-30,4,0,0
Jul 2025,NAM,3022401,current,2025-07-01,2025-09-30,5,0,0
Jul 2025,NAM,3022401,first projection,2025-10-01,2026-03-31,all,3022401,1.0
Jul 2025,NAM,3022401,first projection,2025-10-01,2026-03-31,3+,611932,0.2
Jul 2025,NAM,3022401,first projection,2025-10-01,2026-03-31,1,1157294,0.38
Jul 2025,NAM,3022401,first projection,2025-10-01,2026-03-31,2,1253174,0.41
Jul 2025,NAM,3022401,first projection,2025-10-01,2026-03-31,3,611932,0.2
Jul 2025,NAM,3022401,first projection,2025-10-01,2026-03-31,4,0,0
Jul 2025,NAM,3022401,first projection,2025-10-01,2026-03-31,5,0,0
Jul 2025,NAM,3022401,second projection,2026-04-01,2026-06-30,all,3022401,1.0
Jul 2025,NAM,3022401,second projection,2026-04-01,2026-06-30,3+,407921,0.13
Jul 2025,NAM,3022401,second projection,2026-04-01,2026-06-30,1,1444224,0.48
Jul 2025,NAM,3022401,second projection,2026-04-01,2026-06-30,2,1170255,0.39
Jul 2025,NAM,3022401,second projection,2026-04-01,2026-06-30,3,407921,0.13
Jul 2025,NAM,3022401,second projection,2026-04-01,2026-06-30,4,0,0
Jul 2025,NAM,3022401,second projection,2026-04-01,2026-06-30,5,0,0
Jul 2024,NAM,3022401,current,2024-07-01,2024-09-30,all,3022401,1.0
Jul 2024,NAM,3022401,current,2024-07-01,2024-09-30,3+,1145579,0.38
Jul 2024,NAM,3022401,current,2024-07-01,2024-09-30,1,1111021,0.37
Jul 2024,NAM,3022401,current,2024-07-01,2024-09-30,2,765801,0.25
Jul 2024,NAM,3022401,current,2024-07-01,2024-09-30,3,1057205,0.35
Jul 2024,NAM,3022401,current,2024-07-01,2024-09-30,4,88374,0.03
Jul 2024,NAM,3022401,current,2024-07-01,2024-09-30,5,0,0
Jul 2024,NAM,3022401,first projection,2024-10-01,2025-03-31,all,3022401,1.0
Jul 2024,NAM,3022401,first projection,2024-10-01,2025-03-31,3+,1255642,0.41
Jul 2024,NAM,3022401,first projection,2024-10-01,2025-03-31,1,976651,0.32
Jul 2024,NAM,3022401,first projection,2024-10-01,2025-03-31,2,790108,0.26
Jul 2024,NAM,3022401,first projection,2024-10-01,2025-03-31,3,1155611,0.38
Jul 2024,NAM,3022401,first projection,2024-10-01,2025-03-31,4,100032,0.03
Jul 2024,NAM,3022401,first projection,2024-10-01,2025-03-31,5,0,0
Jul 2024,NAM,3022401,second projection,2025-04-01,2025-06-30,all,3022401,1.0
Jul 2024,NAM,3022401,second projection,2025-04-01,2025-06-30,3+,776496,0.25
Jul 2024,NAM,3022401,second projection,2025-04-01,2025-06-30,1,1249163,0.41
Jul 2024,NAM,3022401,second projection,2025-04-01,2025-06-30,2,996743,0.33
Jul 2024,NAM,3022401,second projection,2025-04-01,2025-06-30,3,765314,0.25
Jul 2024,NAM,3022401,second projection,2025-04-01,2025-06-30,4,11182,0
Jul 2024,NAM,3022401,second projection,2025-04-01,2025-06-30,5,0,0
May 2024,NAM,3022401,current,2024-04-01,2024-06-30,all,3022401,1.0
May 2024,NAM,3022401,current,2024-04-01,2024-06-30,3+,1203219,0.4
May 2024,NAM,3022401,current,2024-04-01,2024-06-30,1,885246,0.29
May 2024,NAM,3022401,current,2024-04-01,2024-06-30,2,933936,0.31
May 2024,NAM,3022401,current,2024-04-01,2024-06-30,3,1169493,0.39
May 2024,NAM,3022401,current,2024-04-01,2024-06-30,4,33726,0.01
May 2024,NAM,3022401,current,2024-04-01,2024-06-30,5,0,0
May 2024,NAM,3022401,first projection,2024-07-01,2024-09-30,all,3022401,1.0
May 2024,NAM,3022401,first projection,2024-07-01,2024-09-30,3+,1434790,0.48
May 2024,NAM,3022401,first projection,2024-07-01,2024-09-30,1,745425,0.25
May 2024,NAM,3022401,first projection,2024-07-01,2024-09-30,2,842187,0.28
May 2024,NAM,3022401,first projection,2024-07-01,2024-09-30,3,1349622,0.45
May 2024,NAM,3022401,first projection,2024-07-01,2024-09-30,4,85168,0.03
May 2024,NAM,3022401,first projection,2024-07-01,2024-09-30,5,0,0
Jul 2023,NAM,2642000,current,2023-07-01,2023-09-30,all,2642000,1.0
Jul 2023,NAM,2642000,current,2023-07-01,2023-09-30,3+,579000,0.22
Jul 2023,NAM,2642000,current,2023-07-01,2023-09-30,1,1094000,0.41
Jul 2023,NAM,2642000,current,2023-07-01,2023-09-30,2,969000,0.37
Jul 2023,NAM,2642000,current,2023-07-01,2023-09-30,3,566000,0.21
Jul 2023,NAM,2642000,current,2023-07-01,2023-09-30,4,13000,0.01
Jul 2023,NAM,2642000,current,2023-07-01,2023-09-30,5,0,0
Jul 2023,NAM,2642000,first projection,2023-10-01,2024-03-31,all,2642000,1.0
Jul 2023,NAM,2642000,first projection,2023-10-01,2024-03-31,3+,695000,0.26
Jul 2023,NAM,2642000,first projection,2023-10-01,2024-03-31,1,1004000,0.38
Jul 2023,NAM,2642000,first projection,2023-10-01,2024-03-31,2,943000,0.36
Jul 2023,NAM,2642000,first projection,2023-10-01,2024-03-31,3,630000,0.24
Jul 2023,NAM,2642000,first projection,2023-10-01,2024-03-31,4,65000,0.02
Jul 2023,NAM,2642000,first projection,2023-10-01,2024-03-31,5,0,0
Jul 2023,NAM,2642000,second projection,2024-04-01,2024-06-30,all,2642000,1.0
Jul 2023,NAM,2642000,second projection,2024-04-01,2024-06-30,3+,491000,0.19
Jul 2023,NAM,2642000,second projection,2024-04-01,2024-06-30,1,1139000,0.43
Jul 2023,NAM,2642000,second projection,2024-04-01,2024-06-30,2,1012000,0.38
Jul 2023,NAM,2642000,second projection,2024-04-01,2024-06-30,3,487000,0.19
Jul 2023,NAM,2642000,second projection,2024-04-01,2024-06-30,4,4000,0
Jul 2023,NAM,2642000,second projection,2024-04-01,2024-06-30,5,0,0
Sep 2022,NAM,2596037,current,2022-09-01,2022-12-31,all,2596037,1.0
Sep 2022,NAM,2596037,current,2022-09-01,2022-12-31,3+,367058,0.14
Sep 2022,NAM,2596037,current,2022-09-01,2022-12-31,1,1314427,0.51
Sep 2022,NAM,2596037,current,2022-09-01,2022-12-31,2,914552,0.35
Sep 2022,NAM,2596037,current,2022-09-01,2022-12-31,3,361451,0.14
Sep 2022,NAM,2596037,current,2022-09-01,2022-12-31,4,5607,0
Sep 2022,NAM,2596037,current,2022-09-01,2022-12-31,5,0,0
Sep 2022,NAM,2596037,first projection,2023-01-01,2023-03-31,all,2596037,1.0
Sep 2022,NAM,2596037,first projection,2023-01-01,2023-03-31,3+,389507,0.15
Sep 2022,NAM,2596037,first projection,2023-01-01,2023-03-31,1,1301762,0.5
Sep 2022,NAM,2596037,first projection,2023-01-01,2023-03-31,2,904768,0.35
Sep 2022,NAM,2596037,first projection,2023-01-01,2023-03-31,3,383900,0.15
Sep 2022,NAM,2596037,first projection,2023-01-01,2023-03-31,4,5607,0
Sep 2022,NAM,2596037,first projection,2023-01-01,2023-03-31,5,0,0
Sep 2022,NAM,2596037,second projection,2023-04-01,2023-06-30,all,2596037,1.0
Sep 2022,NAM,2596037,second projection,2023-04-01,2023-06-30,3+,239352,0.09
Sep 2022,NAM,2596037,second projection,2023-04-01,2023-06-30,1,1500769,0.58
Sep 2022,NAM,2596037,second projection,2023-04-01,2023-06-30,2,855916,0.33
Sep 2022,NAM,2596037,second projection,2023-04-01,2023-06-30,3,233746,0.09
Sep 2022,NAM,2596037,second projection,2023-04-01,2023-06-30,4,5607,0
Sep 2022,NAM,2596037,second projection,2023-04-01,2023-06-30,5,0,0
Oct 2021,NAM,2550226,current,2021-10-01,2021-11-30,all,2550226,1.0
Oct 2021,NAM,2550226,current,2021-10-01,2021-11-30,3+,658588,0.26
Oct 2021,NAM,2550226,current,2021-10-01,2021-11-30,1,995581,0.39
Oct 2021,NAM,2550226,current,2021-10-01,2021-11-30,2,896056,0.35
Oct 2021,NAM,2550226,current,2021-10-01,2021-11-30,3,556958,0.22
Oct 2021,NAM,2550226,current,2021-10-01,2021-11-30,4,101630,0.04
Oct 2021,NAM,2550226,current,2021-10-01,2021-11-30,5,0,0
Oct 2021,NAM,2550226,first projection,2021-12-01,2022-03-31,all,2550226,1.0
Oct 2021,NAM,2550226,first projection,2021-12-01,2022-03-31,3+,750313,0.3
Oct 2021,NAM,2550226,first projection,2021-12-01,2022-03-31,1,964175,0.38
Oct 2021,NAM,2550226,first projection,2021-12-01,2022-03-31,2,835739,0.33
Oct 2021,NAM,2550226,first projection,2021-12-01,2022-03-31,3,631697,0.25
Oct 2021,NAM,2550226,first projection,2021-12-01,2022-03-31,4,118616,0.05
Oct 2021,NAM,2550226,first projection,2021-12-01,2022-03-31,5,0,0
Nov 2025,NER,28095487,current,2025-10-01,2025-12-31,all,28095488,1.0
Nov 2025,NER,28095487,current,2025-10-01,2025-12-31,3+,1855774,0.07
Nov 2025,NER,28095487,current,2025-10-01,2025-12-31,1,20824065,0.74
Nov 2025,NER,28095487,current,2025-10-01,2025-12-31,2,5415649,0.19
Nov 2025,NER,28095487,current,2025-10-01,2025-12-31,3,1841258,0.07
Nov 2025,NER,28095487,current,2025-10-01,2025-12-31,4,14516,0
Nov 2025,NER,28095487,current,2025-10-01,2025-12-31,5,0,0
Nov 2025,NER,28095487,first projection,2026-06-01,2026-08-31,all,28095488,1.0
Nov 2025,NER,28095487,first projection,2026-06-01,2026-08-31,3+,2420879,0.09
Nov 2025,NER,28095487,first projection,2026-06-01,2026-08-31,1,18787185,0.67
Nov 2025,NER,28095487,first projection,2026-06-01,2026-08-31,2,6884458,0.25
Nov 2025,NER,28095487,first projection,2026-06-01,2026-08-31,3,2402269,0.09
Nov 2025,NER,28095487,first projection,2026-06-01,2026-08-31,4,18611,0
Nov 2025,NER,28095487,first projection,2026-06-01,2026-08-31,5,0,0
Mar 2025,NER,27320164,current,2025-03-01,2025-05-31,all,0,1.0
Mar 2025,NER,27320164,current,2025-03-01,2025-05-31,3+,0,0
Mar 2025,NER,27320164,current,2025-03-01,2025-05-31,1,0,0
Mar 2025,NER,27320164,current,2025-03-01,2025-05-31,2,0,0
Mar 2025,NER,27320164,current,2025-03-01,2025-05-31,3,0,0
Mar 2025,NER,27320164,current,2025-03-01,2025-05-31,4,0,0
Mar 2025,NER,27320164,current,2025-03-01,2025-05-31,5,0,0
Mar 2025,NER,27320164,first projection,2025-06-01,2025-08-31,all,27320164,1.0
Mar 2025,NER,27320164,first projection,2025-06-01,2025-08-31,3+,2220927,0.08
Mar 2025,NER,27320164,first projection,2025-06-01,2025-08-31,1,18843904,0.69
Mar 2025,NER,27320164,first projection,2025-06-01,2025-08-31,2,6255333,0.23
Mar 2025,NER,27320164,first projection,2025-06-01,2025-08-31,3,2105795,0.08
Mar 2025,NER,27320164,first projection,2025-06-01,2025-08-31,4,115132,0
Mar 2025,NER,27320164,first projection,2025-06-01,2025-08-31,5,0,0
Nov 2024,NER,27320164,current,2024-10-01,2024-12-31,all,27320128,1.0
Nov 2024,NER,27320164,current,2024-10-01,2024-12-31,3+,1534548,0.05
Nov 2024,NER,27320164,current,2024-10-01,2024-12-31,1,21314393,0.78
Nov 2024,NER,27320164,current,2024-10-01,2024-12-31,2,4471187,0.16
Nov 2024,NER,27320164,current,2024-10-01,2024-12-31,3,1475127,0.05
Nov 2024,NER,27320164,current,2024-10-01,2024-12-31,4,59421,0
Nov 2024,NER,27320164,current,2024-10-01,2024-12-31,5,0,0
Nov 2024,NER,27320164,first projection,2025-06-01,2025-08-31,all,27320128,1.0
Nov 2024,NER,27320164,first projection,2025-06-01,2025-08-31,3+,2220926,0.08
Nov 2024,NER,27320164,first projection,2025-06-01,2025-08-31,1,18843881,0.69
Nov 2024,NER,27320164,first projection,2025-06-01,2025-08-31,2,6255324,0.23
Nov 2024,NER,27320164,first projection,2025-06-01,2025-08-31,3,2105791,0.08
Nov 2024,NER,27320164,first projection,2025-06-01,2025-08-31,4,115132,0
Nov 2024,NER,27320164,first projection,2025-06-01,2025-08-31,5,0,0
Mar 2024,NER,26154898,first projection,2024-06-01,2024-08-31,all,26154895,1.0
Mar 2024,NER,26154898,first projection,2024-06-01,2024-08-31,3+,3436892,0.13
Mar 2024,NER,26154898,first projection,2024-06-01,2024-08-31,1,15417022,0.59
Mar 2024,NER,26154898,first projection,2024-06-01,2024-08-31,2,7300981,0.28
Mar 2024,NER,26154898,first projection,2024-06-01,2024-08-31,3,3310720,0.13
Mar 2024,NER,26154898,first projection,2024-06-01,2024-08-31,4,126172,0
Mar 2024,NER,26154898,first projection,2024-06-01,2024-08-31,5,0,0
Nov 2023,NER,25896688,current,2023-10-01,2023-12-31,all,26154895,1.0
Nov 2023,NER,25896688,current,2023-10-01,2023-12-31,3+,2318639,0.09
Nov 2023,NER,25896688,current,2023-10-01,2023-12-31,1,18346387,0.7
Nov 2023,NER,25896688,current,2023-10-01,2023-12-31,2,5489869,0.21
Nov 2023,NER,25896688,current,2023-10-01,2023-12-31,3,2275718,0.09
Nov 2023,NER,25896688,current,2023-10-01,2023-12-31,4,42921,0
Nov 2023,NER,25896688,current,2023-10-01,2023-12-31,5,0,0
Nov 2023,NER,25896688,first projection,2024-06-01,2024-08-31,all,26154895,1.0
Nov 2023,NER,25896688,first projection,2024-06-01,2024-08-31,3+,3231825,0.12
Nov 2023,NER,25896688,first projection,2024-06-01,2024-08-31,1,16226721,0.62
Nov 2023,NER,25896688,first projection,2024-06-01,2024-08-31,2,6696349,0.26
Nov 2023,NER,25896688,first projection,2024-06-01,2024-08-31,3,3136466,0.12
Nov 2023,NER,25896688,first projection,2024-06-01,2024-08-31,4,95359,0
Nov 2023,NER,25896688,first projection,2024-06-01,2024-08-31,5,0,0
Mar 2023,NER,25896688,current,2023-03-01,2023-05-31,all,25879765,1.0
Mar 2023,NER,25896688,current,2023-03-01,2023-05-31,3+,2454354,0.09
Mar 2023,NER,25896688,current,2023-03-01,2023-05-31,1,17027352,0.66
Mar 2023,NER,25896688,current,2023-03-01,2023-05-31,2,6398059,0.25
Mar 2023,NER,25896688,current,2023-03-01,2023-05-31,3,2366036,0.09
Mar 2023,NER,25896688,current,2023-03-01,2023-05-31,4,88318,0
Mar 2023,NER,25896688,current,2023-03-01,2023-05-31,5,0,0
Mar 2023,NER,25896688,first projection,2023-06-01,2023-08-31,all,25879765,1.0
Mar 2023,NER,25896688,first projection,2023-06-01,2023-08-31,3+,3279031,0.13
Mar 2023,NER,25896688,first projection,2023-06-01,2023-08-31,1,15259380,0.59
Mar 2023,NER,25896688,first projection,2023-06-01,2023-08-31,2,7341354,0.28
Mar 2023,NER,25896688,first projection,2023-06-01,2023-08-31,3,3128862,0.12
Mar 2023,NER,25896688,first projection,2023-06-01,2023-08-31,4,150169,0.01
Mar 2023,NER,25896688,first projection,2023-06-01,2023-08-31,5,0,0
Nov 2022,NER,25896688,current,2022-10-01,2022-12-31,all,25896685,1.0
Nov 2022,NER,25896688,current,2022-10-01,2022-12-31,3+,2044333,0.08
Nov 2022,NER,25896688,current,2022-10-01,2022-12-31,1,18430810,0.71
Nov 2022,NER,25896688,current,2022-10-01,2022-12-31,2,5421547,0.21
Nov 2022,NER,25896688,current,2022-10-01,2022-12-31,3,1965475,0.08
Nov 2022,NER,25896688,current,2022-10-01,2022-12-31,4,78857,0
Nov 2022,NER,25896688,current,2022-10-01,2022-12-31,5,0,0
Nov 2022,NER,25896688,first projection,2023-06-01,2023-08-31,all,25896685,1.0
Nov 2022,NER,25896688,first projection,2023-06-01,2023-08-31,3+,2872278,0.12
Nov 2022,NER,25896688,first projection,2023-06-01,2023-08-31,1,16022590,0.62
Nov 2022,NER,25896688,first projection,2023-06-01,2023-08-31,2,7001817,0.27
Nov 2022,NER,25896688,first projection,2023-06-01,2023-08-31,3,2729248,0.11
Nov 2022,NER,25896688,first projection,2023-06-01,2023-08-31,4,143030,0.01
Nov 2022,NER,25896688,first projection,2023-06-01,2023-08-31,5,0,0
Mar 2022,NER,24937140,current,2022-03-01,2022-05-31,all,24933140,1.0
Mar 2022,NER,24937140,current,2022-03-01,2022-05-31,3+,3334338,0.13
Mar 2022,NER,24937140,current,2022-03-01,2022-05-31,1,15302083,0.61
Mar 2022,NER,24937140,current,2022-03-01,2022-05-31,2,6296719,0.25
Mar 2022,NER,24937140,current,2022-03-01,2022-05-31,3,3113618,0.12
Mar 2022,NER,24937140,current,2022-03-01,2022-05-31,4,220720,0.01
Mar 2022,NER,24937140,current,2022-03-01,2022-05-31,5,0,0
Mar 2022,NER,24937140,first projection,2022-06-01,2022-08-31,all,24933140,1.0
Mar 2022,NER,24937140,first projection,2022-06-01,2022-08-31,3+,4402406,0.18
Mar 2022,NER,24937140,first projection,2022-06-01,2022-08-31,1,13217392,0.53
Mar 2022,NER,24937140,first projection,2022-06-01,2022-08-31,2,7313342,0.29
Mar 2022,NER,24937140,first projection,2022-06-01,2022-08-31,3,3976601,0.16
Mar 2022,NER,24937140,first projection,2022-06-01,2022-08-31,4,425805,0.02
Mar 2022,NER,24937140,first projection,2022-06-01,2022-08-31,5,0,0
Nov 2021,NER,24937140,current,2021-10-01,2021-12-31,all,24933139,1.0
Nov 2021,NER,24937140,current,2021-10-01,2021-12-31,3+,2578384,0.11
Nov 2021,NER,24937140,current,2021-10-01,2021-12-31,1,16562593,0.66
Nov 2021,NER,24937140,current,2021-10-01,2021-12-31,2,5792162,0.23
Nov 2021,NER,24937140,current,2021-10-01,2021-12-31,3,2429802,0.1
Nov 2021,NER,24937140,current,2021-10-01,2021-12-31,4,148583,0.01
Nov 2021,NER,24937140,current,2021-10-01,2021-12-31,5,0,0
Nov 2021,NER,24937140,first projection,2022-06-01,2022-08-31,all,24933139,1.0
Nov 2021,NER,24937140,first projection,2022-06-01,2022-08-31,3+,3637983,0.14
Nov 2021,NER,24937140,first projection,2022-06-01,2022-08-31,1,14226080,0.57
Nov 2021,NER,24937140,first projection,2022-06-01,2022-08-31,2,7069076,0.28
Nov 2021,NER,24937140,first projection,2022-06-01,2022-08-31,3,3337933,0.13
Nov 2021,NER,24937140,first projection,2022-06-01,2022-08-31,4,300050,0.01
Nov 2021,NER,24937140,first projection,2022-06-01,2022-08-31,5,0,0
Mar 2021,NER,23959931,current,2021-03-01,2021-05-31,all,22752775,1.0
Mar 2021,NER,23959931,current,2021-03-01,2021-05-31,3+,1621213,0.07
Mar 2021,NER,23959931,current,2021-03-01,2021-05-31,1,16695949,0.73
Mar 2021,NER,23959931,current,2021-03-01,2021-05-31,2,4435613,0.19
Mar 2021,NER,23959931,current,2021-03-01,2021-05-31,3,1519342,0.07
Mar 2021,NER,23959931,current,2021-03-01,2021-05-31,4,101871,0
Mar 2021,NER,23959931,current,2021-03-01,2021-05-31,5,0,0
Mar 2021,NER,23959931,first projection,2021-06-01,2021-08-31,all,22752775,1.0
Mar 2021,NER,23959931,first projection,2021-06-01,2021-08-31,3+,2309137,0.1
Mar 2021,NER,23959931,first projection,2021-06-01,2021-08-31,1,14707745,0.65
Mar 2021,NER,23959931,first projection,2021-06-01,2021-08-31,2,5735892,0.25
Mar 2021,NER,23959931,first projection,2021-06-01,2021-08-31,3,2091192,0.09
Mar 2021,NER,23959931,first projection,2021-06-01,2021-08-31,4,217945,0.01
Mar 2021,NER,23959931,first projection,2021-06-01,2021-08-31,5,0,0
Sep 2025,NGA,242431832,current,2025-10-01,2025-12-31,all,217933704,1.0
Sep 2025,NGA,242431832,current,2025-10-01,2025-12-31,3+,27212933,0.12
Sep 2025,NGA,242431832,current,2025-10-01,2025-12-31,1,104204933,0.48
Sep 2025,NGA,242431832,current,2025-10-01,2025-12-31,2,86515838,0.4
Sep 2025,NGA,242431832,current,2025-10-01,2025-12-31,3,26355367,0.12
Sep 2025,NGA,242431832,current,2025-10-01,2025-12-31,4,857567,0
Sep 2025,NGA,242431832,current,2025-10-01,2025-12-31,5,0,0
Sep 2025,NGA,242431832,first projection,2026-06-01,2026-08-31,all,217933704,1.0
Sep 2025,NGA,242431832,first projection,2026-06-01,2026-08-31,3+,34755459,0.16
Sep 2025,NGA,242431832,first projection,2026-06-01,2026-08-31,1,84897486,0.39
Sep 2025,NGA,242431832,first projection,2026-06-01,2026-08-31,2,98280759,0.45
Sep 2025,NGA,242431832,first projection,2026-06-01,2026-08-31,3,32911963,0.15
Sep 2025,NGA,242431832,first projection,2026-06-01,2026-08-31,4,1828435,0.01
Sep 2025,NGA,242431832,first projection,2026-06-01,2026-08-31,5,15061,0
Mar 2025,NGA,206466476,current,2025-03-01,2025-05-31,all,206466265,1.0
Mar 2025,NGA,206466476,current,2025-03-01,2025-05-31,3+,24896101,0.12
Mar 2025,NGA,206466476,current,2025-03-01,2025-05-31,1,100097129,0.48
Mar 2025,NGA,206466476,current,2025-03-01,2025-05-31,2,81473036,0.39
Mar 2025,NGA,206466476,current,2025-03-01,2025-05-31,3,24216127,0.12
Mar 2025,NGA,206466476,current,2025-03-01,2025-05-31,4,679974,0
Mar 2025,NGA,206466476,current,2025-03-01,2025-05-31,5,0,0
Mar 2025,NGA,206466476,first projection,2025-06-01,2025-08-31,all,206466265,1.0
Mar 2025,NGA,206466476,first projection,2025-06-01,2025-08-31,3+,30624465,0.15
Mar 2025,NGA,206466476,first projection,2025-06-01,2025-08-31,1,83854416,0.41
Mar 2025,NGA,206466476,first projection,2025-06-01,2025-08-31,2,91987384,0.45
Mar 2025,NGA,206466476,first projection,2025-06-01,2025-08-31,3,29441978,0.14
Mar 2025,NGA,206466476,first projection,2025-06-01,2025-08-31,4,1182487,0.01
Mar 2025,NGA,206466476,first projection,2025-06-01,2025-08-31,5,0,0
Nov 2024,NGA,206654553,current,2024-10-01,2024-12-31,all,206654321,1.0
Nov 2024,NGA,206654553,current,2024-10-01,2024-12-31,3+,25089924,0.12
Nov 2024,NGA,206654553,current,2024-10-01,2024-12-31,1,99282181,0.48
Nov 2024,NGA,206654553,current,2024-10-01,2024-12-31,2,82282216,0.4
Nov 2024,NGA,206654553,current,2024-10-01,2024-12-31,3,24102754,0.12
Nov 2024,NGA,206654553,current,2024-10-01,2024-12-31,4,987170,0
Nov 2024,NGA,206654553,current,2024-10-01,2024-12-31,5,0,0
Nov 2024,NGA,206654553,first projection,2025-06-01,2025-08-31,all,206654321,1.0
Nov 2024,NGA,206654553,first projection,2025-06-01,2025-08-31,3+,33159491,0.16
Nov 2024,NGA,206654553,first projection,2025-06-01,2025-08-31,1,79364032,0.38
Nov 2024,NGA,206654553,first projection,2025-06-01,2025-08-31,2,94130798,0.46
Nov 2024,NGA,206654553,first projection,2025-06-01,2025-08-31,3,31365151,0.15
Nov 2024,NGA,206654553,first projection,2025-06-01,2025-08-31,4,1794340,0.01
Nov 2024,NGA,206654553,first projection,2025-06-01,2025-08-31,5,0,0
Mar 2024,NGA,0,current,2024-03-01,2024-05-31,all,200270074,1.0
Mar 2024,NGA,0,current,2024-03-01,2024-05-31,3+,24962192,0.12
Mar 2024,NGA,0,current,2024-03-01,2024-05-31,1,102480388,0.51
Mar 2024,NGA,0,current,2024-03-01,2024-05-31,2,72827494,0.36
Mar 2024,NGA,0,current,2024-03-01,2024-05-31,3,24533321,0.12
Mar 2024,NGA,0,current,2024-03-01,2024-05-31,4,428871,0
Mar 2024,NGA,0,current,2024-03-01,2024-05-31,5,0,0
Mar 2024,NGA,0,first projection,2024-06-01,2024-08-31,all,200345759,1.0
Mar 2024,NGA,0,first projection,2024-06-01,2024-08-31,3+,31758142,0.15
Mar 2024,NGA,0,first projection,2024-06-01,2024-08-31,1,85902668,0.43
Mar 2024,NGA,0,first projection,2024-06-01,2024-08-31,2,82684949,0.41
Mar 2024,NGA,0,first projection,2024-06-01,2024-08-31,3,30758810,0.15
Mar 2024,NGA,0,first projection,2024-06-01,2024-08-31,4,999332,0
Mar 2024,NGA,0,first projection,2024-06-01,2024-08-31,5,0,0
Nov 2023,NGA,222182000,current,2023-10-01,2023-12-31,all,200362822,1.0
Nov 2023,NGA,222182000,current,2023-10-01,2023-12-31,3+,18275635,0.09
Nov 2023,NGA,222182000,current,2023-10-01,2023-12-31,1,133855946,0.67
Nov 2023,NGA,222182000,current,2023-10-01,2023-12-31,2,48231242,0.24
Nov 2023,NGA,222182000,current,2023-10-01,2023-12-31,3,17875122,0.09
Nov 2023,NGA,222182000,current,2023-10-01,2023-12-31,4,400513,0
Nov 2023,NGA,222182000,current,2023-10-01,2023-12-31,5,0,0
Nov 2023,NGA,222182000,first projection,2024-06-01,2024-08-31,all,200362822,1.0
Nov 2023,NGA,222182000,first projection,2024-06-01,2024-08-31,3+,26369874,0.13
Nov 2023,NGA,222182000,first projection,2024-06-01,2024-08-31,1,110318107,0.55
Nov 2023,NGA,222182000,first projection,2024-06-01,2024-08-31,2,64300649,0.32
Nov 2023,NGA,222182000,first projection,2024-06-01,2024-08-31,3,25357778,0.12
Nov 2023,NGA,222182000,first projection,2024-06-01,2024-08-31,4,1012096,0.01
Nov 2023,NGA,222182000,first projection,2024-06-01,2024-08-31,5,0,0
Mar 2023,NGA,222182000,current,2023-03-01,2023-05-31,all,193612894,1.0
Mar 2023,NGA,222182000,current,2023-03-01,2023-05-31,3+,17671698,0.09
Mar 2023,NGA,222182000,current,2023-03-01,2023-05-31,1,126096787,0.65
Mar 2023,NGA,222182000,current,2023-03-01,2023-05-31,2,49844408,0.26
Mar 2023,NGA,222182000,current,2023-03-01,2023-05-31,3,17201829,0.09
Mar 2023,NGA,222182000,current,2023-03-01,2023-05-31,4,469869,0
Mar 2023,NGA,222182000,current,2023-03-01,2023-05-31,5,0,0
Mar 2023,NGA,222182000,first projection,2023-06-01,2023-08-31,all,193612894,1.0
Mar 2023,NGA,222182000,first projection,2023-06-01,2023-08-31,3+,24861157,0.13
Mar 2023,NGA,222182000,first projection,2023-06-01,2023-08-31,1,104769052,0.54
Mar 2023,NGA,222182000,first projection,2023-06-01,2023-08-31,2,63982686,0.33
Mar 2023,NGA,222182000,first projection,2023-06-01,2023-08-31,3,23722062,0.12
Mar 2023,NGA,222182000,first projection,2023-06-01,2023-08-31,4,1139095,0.01
Mar 2023,NGA,222182000,first projection,2023-06-01,2023-08-31,5,0,0
Oct 2022,NGA,222182000,current,2022-10-01,2022-12-31,all,193696858,1.0
Oct 2022,NGA,222182000,current,2022-10-01,2022-12-31,3+,17076282,0.08
Oct 2022,NGA,222182000,current,2022-10-01,2022-12-31,1,136042865,0.7
Oct 2022,NGA,222182000,current,2022-10-01,2022-12-31,2,40577711,0.21
Oct 2022,NGA,222182000,current,2022-10-01,2022-12-31,3,16283809,0.08
Oct 2022,NGA,222182000,current,2022-10-01,2022-12-31,4,789497,0
Oct 2022,NGA,222182000,current,2022-10-01,2022-12-31,5,2975,0
Oct 2022,NGA,222182000,first projection,2023-06-01,2023-08-31,all,193696858,1.0
Oct 2022,NGA,222182000,first projection,2023-06-01,2023-08-31,3+,25352033,0.13
Oct 2022,NGA,222182000,first projection,2023-06-01,2023-08-31,1,109577192,0.57
Oct 2022,NGA,222182000,first projection,2023-06-01,2023-08-31,2,58767633,0.3
Oct 2022,NGA,222182000,first projection,2023-06-01,2023-08-31,3,23465550,0.12
Oct 2022,NGA,222182000,first projection,2023-06-01,2023-08-31,4,1882515,0.01
Oct 2022,NGA,222182000,first projection,2023-06-01,2023-08-31,5,3967,0
Mar 2022,NGA,212102550,current,2022-03-01,2022-05-31,all,159066022,1.0
Mar 2022,NGA,212102550,current,2022-03-01,2022-05-31,3+,14455049,0.09
Mar 2022,NGA,212102550,current,2022-03-01,2022-05-31,1,111486332,0.7
Mar 2022,NGA,212102550,current,2022-03-01,2022-05-31,2,33124641,0.21
Mar 2022,NGA,212102550,current,2022-03-01,2022-05-31,3,13894715,0.09
Mar 2022,NGA,212102550,current,2022-03-01,2022-05-31,4,560334,0
Mar 2022,NGA,212102550,current,2022-03-01,2022-05-31,5,0,0
Mar 2022,NGA,212102550,first projection,2022-06-01,2022-08-31,all,159066022,1.0
Mar 2022,NGA,212102550,first projection,2022-06-01,2022-08-31,3+,19453300,0.12
Mar 2022,NGA,212102550,first projection,2022-06-01,2022-08-31,1,98827486,0.62
Mar 2022,NGA,212102550,first projection,2022-06-01,2022-08-31,2,40785233,0.26
Mar 2022,NGA,212102550,first projection,2022-06-01,2022-08-31,3,18276846,0.11
Mar 2022,NGA,212102550,first projection,2022-06-01,2022-08-31,4,1176459,0.01
Mar 2022,NGA,212102550,first projection,2022-06-01,2022-08-31,5,0,0
Oct 2021,NGA,212102550,current,2021-10-01,2021-12-31,all,159196728,1.0
Oct 2021,NGA,212102550,current,2021-10-01,2021-12-31,3+,12960899,0.08
Oct 2021,NGA,212102550,current,2021-10-01,2021-12-31,1,111244444,0.7
Oct 2021,NGA,212102550,current,2021-10-01,2021-12-31,2,34991384,0.22
Oct 2021,NGA,212102550,current,2021-10-01,2021-12-31,3,12732192,0.08
Oct 2021,NGA,212102550,current,2021-10-01,2021-12-31,4,228708,0
Oct 2021,NGA,212102550,current,2021-10-01,2021-12-31,5,0,0
Oct 2021,NGA,212102550,first projection,2022-06-01,2022-08-31,all,159196728,1.0
Oct 2021,NGA,212102550,first projection,2022-06-01,2022-08-31,3+,17976918,0.11
Oct 2021,NGA,212102550,first projection,2022-06-01,2022-08-31,1,95809185,0.6
Oct 2021,NGA,212102550,first projection,2022-06-01,2022-08-31,2,45410625,0.29
Oct 2021,NGA,212102550,first projection,2022-06-01,2022-08-31,3,17347080,0.11
Oct 2021,NGA,212102550,first projection,2022-06-01,2022-08-31,4,616288,0
Oct 2021,NGA,212102550,first projection,2022-06-01,2022-08-31,5,13550,0
Mar 2021,NGA,212102550,current,2021-03-01,2021-05-31,all,97860903,1.0
Mar 2021,NGA,212102550,current,2021-03-01,2021-05-31,3+,9020073,0.09
Mar 2021,NGA,212102550,current,2021-03-01,2021-05-31,1,66186560,0.68
Mar 2021,NGA,212102550,current,2021-03-01,2021-05-31,2,22709303,0.23
Mar 2021,NGA,212102550,current,2021-03-01,2021-05-31,3,8541745,0.09
Mar 2021,NGA,212102550,current,2021-03-01,2021-05-31,4,478329,0
Mar 2021,NGA,212102550,current,2021-03-01,2021-05-31,5,0,0
Mar 2021,NGA,212102550,first projection,2021-06-01,2021-08-31,all,106285170,1.0
Mar 2021,NGA,212102550,first projection,2021-06-01,2021-08-31,3+,12567299,0.12
Mar 2021,NGA,212102550,first projection,2021-06-01,2021-08-31,1,63420524,0.6
Mar 2021,NGA,212102550,first projection,2021-06-01,2021-08-31,2,30297347,0.29
Mar 2021,NGA,212102550,first projection,2021-06-01,2021-08-31,3,11804195,0.11
Mar 2021,NGA,212102550,first projection,2021-06-01,2021-08-31,4,763104,0.01
Mar 2021,NGA,212102550,first projection,2021-06-01,2021-08-31,5,0,0
Mar 2026,PAK,256774226,current,2026-03-01,2026-03-31,all,53441149,1.0
Mar 2026,PAK,256774226,current,2026-03-01,2026-03-31,3+,10553872,0.2
Mar 2026,PAK,256774226,current,2026-03-01,2026-03-31,1,24712280,0.46
Mar 2026,PAK,256774226,current,2026-03-01,2026-03-31,2,18174997,0.34
Mar 2026,PAK,256774226,current,2026-03-01,2026-03-31,3,9168262,0.17
Mar 2026,PAK,256774226,current,2026-03-01,2026-03-31,4,1385610,0.03
Mar 2026,PAK,256774226,current,2026-03-01,2026-03-31,5,0,0
Mar 2026,PAK,256774226,first projection,2026-04-01,2026-09-30,all,53441149,1.0
Mar 2026,PAK,256774226,first projection,2026-04-01,2026-09-30,3+,9156228,0.17
Mar 2026,PAK,256774226,first projection,2026-04-01,2026-09-30,1,26480803,0.5
Mar 2026,PAK,256774226,first projection,2026-04-01,2026-09-30,2,17804119,0.33
Mar 2026,PAK,256774226,first projection,2026-04-01,2026-09-30,3,8585859,0.16
Mar 2026,PAK,256774226,first projection,2026-04-01,2026-09-30,4,570369,0.01
Mar 2026,PAK,256774226,first projection,2026-04-01,2026-09-30,5,0,0
Dec 2025,PAK,256774226,current,2025-12-01,2026-03-31,all,35554633,1.0
Dec 2025,PAK,256774226,current,2025-12-01,2026-03-31,3+,7543856,0.22
Dec 2025,PAK,256774226,current,2025-12-01,2026-03-31,1,15346194,0.43
Dec 2025,PAK,256774226,current,2025-12-01,2026-03-31,2,12664583,0.36
Dec 2025,PAK,256774226,current,2025-12-01,2026-03-31,3,6294588,0.18
Dec 2025,PAK,256774226,current,2025-12-01,2026-03-31,4,1249268,0.04
Dec 2025,PAK,256774226,current,2025-12-01,2026-03-31,5,0,0
Dec 2025,PAK,256774226,first projection,2026-04-01,2026-09-30,all,35554633,1.0
Dec 2025,PAK,256774226,first projection,2026-04-01,2026-09-30,3+,6688902,0.19
Dec 2025,PAK,256774226,first projection,2026-04-01,2026-09-30,1,15931743,0.45
Dec 2025,PAK,256774226,first projection,2026-04-01,2026-09-30,2,12933989,0.36
Dec 2025,PAK,256774226,first projection,2026-04-01,2026-09-30,3,6118533,0.17
Dec 2025,PAK,256774226,first projection,2026-04-01,2026-09-30,4,570369,0.02
Dec 2025,PAK,256774226,first projection,2026-04-01,2026-09-30,5,0,0
Nov 2024,PAK,241490000,current,2024-11-01,2025-03-31,all,50788650,1.0
Nov 2024,PAK,241490000,current,2024-11-01,2025-03-31,3+,10989570,0.22
Nov 2024,PAK,241490000,current,2024-11-01,2025-03-31,1,23164746,0.46
Nov 2024,PAK,241490000,current,2024-11-01,2025-03-31,2,16634334,0.32
Nov 2024,PAK,241490000,current,2024-11-01,2025-03-31,3,9283376,0.19
Nov 2024,PAK,241490000,current,2024-11-01,2025-03-31,4,1706195,0.03
Nov 2024,PAK,241490000,current,2024-11-01,2025-03-31,5,0,0
Nov 2024,PAK,241490000,first projection,2025-04-01,2025-07-31,all,50788650,1.0
Nov 2024,PAK,241490000,first projection,2025-04-01,2025-07-31,3+,9991810,0.2
Nov 2024,PAK,241490000,first projection,2025-04-01,2025-07-31,1,23333581,0.46
Nov 2024,PAK,241490000,first projection,2025-04-01,2025-07-31,2,17463260,0.34
Nov 2024,PAK,241490000,first projection,2025-04-01,2025-07-31,3,9284135,0.19
Nov 2024,PAK,241490000,first projection,2025-04-01,2025-07-31,4,707675,0.01
Nov 2024,PAK,241490000,first projection,2025-04-01,2025-07-31,5,0,0
Mar 2024,PAK,247657666,current,2024-03-01,2024-06-30,all,35585197,1.0
Mar 2024,PAK,247657666,current,2024-03-01,2024-06-30,3+,8604852,0.24
Mar 2024,PAK,247657666,current,2024-03-01,2024-06-30,1,15157309,0.43
Mar 2024,PAK,247657666,current,2024-03-01,2024-06-30,2,11823036,0.33
Mar 2024,PAK,247657666,current,2024-03-01,2024-06-30,3,7034980,0.2
Mar 2024,PAK,247657666,current,2024-03-01,2024-06-30,4,1569871,0.04
Mar 2024,PAK,247657666,current,2024-03-01,2024-06-30,5,0,0
Mar 2024,PAK,247657666,first projection,2024-07-01,2024-11-30,all,35585197,1.0
Mar 2024,PAK,247657666,first projection,2024-07-01,2024-11-30,3+,7889358,0.22
Mar 2024,PAK,247657666,first projection,2024-07-01,2024-11-30,1,14740182,0.41
Mar 2024,PAK,247657666,first projection,2024-07-01,2024-11-30,2,12955657,0.36
Mar 2024,PAK,247657666,first projection,2024-07-01,2024-11-30,3,6673678,0.19
Mar 2024,PAK,247657666,first projection,2024-07-01,2024-11-30,4,1215680,0.03
Mar 2024,PAK,247657666,first projection,2024-07-01,2024-11-30,5,0,0
Apr 2023,PAK,224780000,current,2023-04-01,2023-10-31,all,36702048,1.0
Apr 2023,PAK,224780000,current,2023-04-01,2023-10-31,3+,10521252,0.29
Apr 2023,PAK,224780000,current,2023-04-01,2023-10-31,1,12049928,0.33
Apr 2023,PAK,224780000,current,2023-04-01,2023-10-31,2,14130868,0.38
Apr 2023,PAK,224780000,current,2023-04-01,2023-10-31,3,8453784,0.23
Apr 2023,PAK,224780000,current,2023-04-01,2023-10-31,4,2067468,0.06
Apr 2023,PAK,224780000,current,2023-04-01,2023-10-31,5,0,0
Apr 2023,PAK,224780000,first projection,2023-11-01,2024-01-31,all,36702048,1.0
Apr 2023,PAK,224780000,first projection,2023-11-01,2024-01-31,3+,11809094,0.32
Apr 2023,PAK,224780000,first projection,2023-11-01,2024-01-31,1,11524384,0.31
Apr 2023,PAK,224780000,first projection,2023-11-01,2024-01-31,2,13368570,0.36
Apr 2023,PAK,224780000,first projection,2023-11-01,2024-01-31,3,9597087,0.26
Apr 2023,PAK,224780000,first projection,2023-11-01,2024-01-31,4,2212007,0.06
Apr 2023,PAK,224780000,first projection,2023-11-01,2024-01-31,5,0,0
Sep 2022,PAK,215250000,current,2022-07-01,2022-08-31,all,19785905,1.0
Sep 2022,PAK,215250000,current,2022-07-01,2022-08-31,3+,5960858,0.3
Sep 2022,PAK,215250000,current,2022-07-01,2022-08-31,1,6884727,0.35
Sep 2022,PAK,215250000,current,2022-07-01,2022-08-31,2,6940320,0.35
Sep 2022,PAK,215250000,current,2022-07-01,2022-08-31,3,4339913,0.22
Sep 2022,PAK,215250000,current,2022-07-01,2022-08-31,4,1620945,0.08
Sep 2022,PAK,215250000,current,2022-07-01,2022-08-31,5,0,0
Sep 2022,PAK,215250000,first projection,2022-09-01,2022-12-31,all,19785905,1.0
Sep 2022,PAK,215250000,first projection,2022-09-01,2022-12-31,3+,8619235,0.43
Sep 2022,PAK,215250000,first projection,2022-09-01,2022-12-31,1,4931133,0.25
Sep 2022,PAK,215250000,first projection,2022-09-01,2022-12-31,2,6235537,0.32
Sep 2022,PAK,215250000,first projection,2022-09-01,2022-12-31,3,6027992,0.3
Sep 2022,PAK,215250000,first projection,2022-09-01,2022-12-31,4,2591242,0.13
Sep 2022,PAK,215250000,first projection,2022-09-01,2022-12-31,5,0,0
Oct 2021,PAK,215250000,current,2021-10-01,2022-03-31,all,18585223,1.0
Oct 2021,PAK,215250000,current,2021-10-01,2022-03-31,3+,4658928,0.25
Oct 2021,PAK,215250000,current,2021-10-01,2022-03-31,1,7504843,0.4
Oct 2021,PAK,215250000,current,2021-10-01,2022-03-31,2,6421452,0.35
Oct 2021,PAK,215250000,current,2021-10-01,2022-03-31,3,3567559,0.19
Oct 2021,PAK,215250000,current,2021-10-01,2022-03-31,4,1091368,0.06
Oct 2021,PAK,215250000,current,2021-10-01,2022-03-31,5,0,0
Oct 2021,PAK,215250000,first projection,2022-04-01,2022-06-30,all,18585223,1.0
Oct 2021,PAK,215250000,first projection,2022-04-01,2022-06-30,3+,4685887,0.26
Oct 2021,PAK,215250000,first projection,2022-04-01,2022-06-30,1,7447917,0.4
Oct 2021,PAK,215250000,first projection,2022-04-01,2022-06-30,2,6451419,0.35
Oct 2021,PAK,215250000,first projection,2022-04-01,2022-06-30,3,3655630,0.2
Oct 2021,PAK,215250000,first projection,2022-04-01,2022-06-30,4,1030258,0.06
Oct 2021,PAK,215250000,first projection,2022-04-01,2022-06-30,5,0,0
Mar 2021,PAK,220900000,current,2021-03-01,2021-06-30,all,14748078,1.0
Mar 2021,PAK,220900000,current,2021-03-01,2021-06-30,3+,3821318,0.26
Mar 2021,PAK,220900000,current,2021-03-01,2021-06-30,1,5592603,0.38
Mar 2021,PAK,220900000,current,2021-03-01,2021-06-30,2,5334157,0.36
Mar 2021,PAK,220900000,current,2021-03-01,2021-06-30,3,2829939,0.19
Mar 2021,PAK,220900000,current,2021-03-01,2021-06-30,4,991379,0.07
Mar 2021,PAK,220900000,current,2021-03-01,2021-06-30,5,0,0
Mar 2021,PAK,220900000,first projection,2021-07-01,2021-09-30,all,14748078,1.0
Mar 2021,PAK,220900000,first projection,2021-07-01,2021-09-30,3+,3285996,0.23
Mar 2021,PAK,220900000,first projection,2021-07-01,2021-09-30,1,5835080,0.4
Mar 2021,PAK,220900000,first projection,2021-07-01,2021-09-30,2,5627001,0.38
Mar 2021,PAK,220900000,first projection,2021-07-01,2021-09-30,3,2447975,0.17
Mar 2021,PAK,220900000,first projection,2021-07-01,2021-09-30,4,838022,0.06
Mar 2021,PAK,220900000,first projection,2021-07-01,2021-09-30,5,0,0
May 2026,PSE,2148200,current,2026-04-01,2026-06-30,all,2118215,1.0
May 2026,PSE,2148200,current,2026-04-01,2026-06-30,3+,1239657,0.59
May 2026,PSE,2148200,current,2026-04-01,2026-06-30,1,0,0
May 2026,PSE,2148200,current,2026-04-01,2026-06-30,2,878559,0.41
May 2026,PSE,2148200,current,2026-04-01,2026-06-30,3,1027836,0.49
May 2026,PSE,2148200,current,2026-04-01,2026-06-30,4,211821,0.1
May 2026,PSE,2148200,current,2026-04-01,2026-06-30,5,0,0
May 2026,PSE,2148200,first projection,2026-07-01,2026-12-31,all,2118215,1.0
May 2026,PSE,2148200,first projection,2026-07-01,2026-12-31,3+,1412421,0.67
May 2026,PSE,2148200,first projection,2026-07-01,2026-12-31,1,0,0
May 2026,PSE,2148200,first projection,2026-07-01,2026-12-31,2,705794,0.33
May 2026,PSE,2148200,first projection,2026-07-01,2026-12-31,3,1200600,0.57
May 2026,PSE,2148200,first projection,2026-07-01,2026-12-31,4,211821,0.1
May 2026,PSE,2148200,first projection,2026-07-01,2026-12-31,5,0,0
Nov 2025,PSE,2100000,current,2025-10-01,2025-11-30,all,2076000,1.0
Nov 2025,PSE,2100000,current,2025-10-01,2025-11-30,3+,1600655,0.77
Nov 2025,PSE,2100000,current,2025-10-01,2025-11-30,1,0,0
Nov 2025,PSE,2100000,current,2025-10-01,2025-11-30,2,475345,0.23
Nov 2025,PSE,2100000,current,2025-10-01,2025-11-30,3,989840,0.48
Nov 2025,PSE,2100000,current,2025-10-01,2025-11-30,4,507015,0.24
Nov 2025,PSE,2100000,current,2025-10-01,2025-11-30,5,103800,0.05
Nov 2025,PSE,2100000,first projection,2025-12-01,2026-04-30,all,2076000,1.0
Nov 2025,PSE,2100000,first projection,2025-12-01,2026-04-30,3+,1600655,0.77
Nov 2025,PSE,2100000,first projection,2025-12-01,2026-04-30,1,0,0
Nov 2025,PSE,2100000,first projection,2025-12-01,2026-04-30,2,475345,0.23
Nov 2025,PSE,2100000,first projection,2025-12-01,2026-04-30,3,1027790,0.5
Nov 2025,PSE,2100000,first projection,2025-12-01,2026-04-30,4,570980,0.27
Nov 2025,PSE,2100000,first projection,2025-12-01,2026-04-30,5,1885,0
Jul 2025,PSE,2100719,current,2025-07-01,2025-08-31,all,1979219,1.0
Jul 2025,PSE,2100719,current,2025-07-01,2025-08-31,3+,1979219,1
Jul 2025,PSE,2100719,current,2025-07-01,2025-08-31,1,0,0
Jul 2025,PSE,2100719,current,2025-07-01,2025-08-31,2,0,0
Jul 2025,PSE,2100719,current,2025-07-01,2025-08-31,3,395844,0.2
Jul 2025,PSE,2100719,current,2025-07-01,2025-08-31,4,1069655,0.54
Jul 2025,PSE,2100719,current,2025-07-01,2025-08-31,5,513720,0.26
Jul 2025,PSE,2100719,first projection,2025-08-01,2025-09-30,all,1979219,1.0
Jul 2025,PSE,2100719,first projection,2025-08-01,2025-09-30,3+,1979219,1
Jul 2025,PSE,2100719,first projection,2025-08-01,2025-09-30,1,0,0
Jul 2025,PSE,2100719,first projection,2025-08-01,2025-09-30,2,0,0
Jul 2025,PSE,2100719,first projection,2025-08-01,2025-09-30,3,197922,0.1
Jul 2025,PSE,2100719,first projection,2025-08-01,2025-09-30,4,1140651,0.58
Jul 2025,PSE,2100719,first projection,2025-08-01,2025-09-30,5,640646,0.32
Apr 2025,PSE,2100000,current,2025-04-01,2025-05-31,all,2100000,1.0
Apr 2025,PSE,2100000,current,2025-04-01,2025-05-31,3+,1944000,0.93
Apr 2025,PSE,2100000,current,2025-04-01,2025-05-31,1,0,0
Apr 2025,PSE,2100000,current,2025-04-01,2025-05-31,2,156000,0.07
Apr 2025,PSE,2100000,current,2025-04-01,2025-05-31,3,775000,0.37
Apr 2025,PSE,2100000,current,2025-04-01,2025-05-31,4,925000,0.44
Apr 2025,PSE,2100000,current,2025-04-01,2025-05-31,5,244000,0.12
Apr 2025,PSE,2100000,first projection,2025-05-01,2025-09-30,all,2100000,1.0
Apr 2025,PSE,2100000,first projection,2025-05-01,2025-09-30,3+,2100000,1
Apr 2025,PSE,2100000,first projection,2025-05-01,2025-09-30,1,0,0
Apr 2025,PSE,2100000,first projection,2025-05-01,2025-09-30,2,0,0
Apr 2025,PSE,2100000,first projection,2025-05-01,2025-09-30,3,495500,0.24
Apr 2025,PSE,2100000,first projection,2025-05-01,2025-09-30,4,1135000,0.54
Apr 2025,PSE,2100000,first projection,2025-05-01,2025-09-30,5,469500,0.22
Sep 2024,PSE,2251457,current,2024-09-01,2024-10-31,all,2140618,1.0
Sep 2024,PSE,2251457,current,2024-09-01,2024-10-31,3+,1841061,0.86
Sep 2024,PSE,2251457,current,2024-09-01,2024-10-31,1,0,0
Sep 2024,PSE,2251457,current,2024-09-01,2024-10-31,2,299557,0.14
Sep 2024,PSE,2251457,current,2024-09-01,2024-10-31,3,1044353,0.49
Sep 2024,PSE,2251457,current,2024-09-01,2024-10-31,4,663721,0.31
Sep 2024,PSE,2251457,current,2024-09-01,2024-10-31,5,132987,0.06
Sep 2024,PSE,2251457,first projection,2024-11-01,2025-04-30,all,2140618,1.0
Sep 2024,PSE,2251457,first projection,2024-11-01,2025-04-30,3+,1948092,0.91
Sep 2024,PSE,2251457,first projection,2024-11-01,2025-04-30,1,0,0
Sep 2024,PSE,2251457,first projection,2024-11-01,2025-04-30,2,192526,0.09
Sep 2024,PSE,2251457,first projection,2024-11-01,2025-04-30,3,727681,0.34
Sep 2024,PSE,2251457,first projection,2024-11-01,2025-04-30,4,875573,0.41
Sep 2024,PSE,2251457,first projection,2024-11-01,2025-04-30,5,344839,0.16
May 2024,PSE,2251457,current,2024-05-01,2024-06-30,all,2251457,1.0
May 2024,PSE,2251457,current,2024-05-01,2024-06-30,3+,2133884,0.95
May 2024,PSE,2251457,current,2024-05-01,2024-06-30,1,10000,0
May 2024,PSE,2251457,current,2024-05-01,2024-06-30,2,107573,0.05
May 2024,PSE,2251457,current,2024-05-01,2024-06-30,3,1148301,0.51
May 2024,PSE,2251457,current,2024-05-01,2024-06-30,4,642864,0.29
May 2024,PSE,2251457,current,2024-05-01,2024-06-30,5,342719,0.15
May 2024,PSE,2251457,first projection,2024-06-01,2024-09-30,all,2251457,1.0
May 2024,PSE,2251457,first projection,2024-06-01,2024-09-30,3+,2153884,0.96
May 2024,PSE,2251457,first projection,2024-06-01,2024-09-30,1,0,0
May 2024,PSE,2251457,first projection,2024-06-01,2024-09-30,2,97573,0.04
May 2024,PSE,2251457,first projection,2024-06-01,2024-09-30,3,913156,0.41
May 2024,PSE,2251457,first projection,2024-06-01,2024-09-30,4,745437,0.33
May 2024,PSE,2251457,first projection,2024-06-01,2024-09-30,5,495291,0.22
Feb 2024,PSE,2230000,current,2024-02-01,2024-03-31,all,2226544,1.0
Feb 2024,PSE,2230000,current,2024-02-01,2024-03-31,3+,2130217,0.95
Feb 2024,PSE,2230000,current,2024-02-01,2024-03-31,1,0,0
Feb 2024,PSE,2230000,current,2024-02-01,2024-03-31,2,96327,0.05
Feb 2024,PSE,2230000,current,2024-02-01,2024-03-31,3,577963,0.26
Feb 2024,PSE,2230000,current,2024-02-01,2024-03-31,4,875618,0.39
Feb 2024,PSE,2230000,current,2024-02-01,2024-03-31,5,676636,0.3
Feb 2024,PSE,2230000,first projection,2024-03-01,2024-07-31,all,2226544,1.0
Feb 2024,PSE,2230000,first projection,2024-03-01,2024-07-31,3+,2226544,1
Feb 2024,PSE,2230000,first projection,2024-03-01,2024-07-31,1,0,0
Feb 2024,PSE,2230000,first projection,2024-03-01,2024-07-31,2,0,0
Feb 2024,PSE,2230000,first projection,2024-03-01,2024-07-31,3,265309,0.12
Feb 2024,PSE,2230000,first projection,2024-03-01,2024-07-31,4,854290,0.38
Feb 2024,PSE,2230000,first projection,2024-03-01,2024-07-31,5,1106945,0.5
Dec 2023,PSE,2226544,current,2023-11-01,2023-12-31,all,2226544,1.0
Dec 2023,PSE,2226544,current,2023-11-01,2023-12-31,3+,2082400,0.93
Dec 2023,PSE,2226544,current,2023-11-01,2023-12-31,1,0,0
Dec 2023,PSE,2226544,current,2023-11-01,2023-12-31,2,144700,0.07
Dec 2023,PSE,2226544,current,2023-11-01,2023-12-31,3,766000,0.34
Dec 2023,PSE,2226544,current,2023-11-01,2023-12-31,4,938600,0.42
Dec 2023,PSE,2226544,current,2023-11-01,2023-12-31,5,377800,0.17
Dec 2023,PSE,2226544,first projection,2023-12-01,2024-02-29,all,2226544,1.0
Dec 2023,PSE,2226544,first projection,2023-12-01,2024-02-29,3+,2224000,1
Dec 2023,PSE,2226544,first projection,2023-12-01,2024-02-29,1,0,0
Dec 2023,PSE,2226544,first projection,2023-12-01,2024-02-29,2,2500,0
Dec 2023,PSE,2226544,first projection,2023-12-01,2024-02-29,3,477800,0.21
Dec 2023,PSE,2226544,first projection,2023-12-01,2024-02-29,4,1169600,0.53
Dec 2023,PSE,2226544,first projection,2023-12-01,2024-02-29,5,576600,0.26
Jan 2026,SDN,47535794,current,2026-02-01,2026-05-31,all,47535794,1.0
Jan 2026,SDN,47535794,current,2026-02-01,2026-05-31,3+,19466533,0.41
Jan 2026,SDN,47535794,current,2026-02-01,2026-05-31,1,12069469,0.25
Jan 2026,SDN,47535794,current,2026-02-01,2026-05-31,2,15999822,0.34
Jan 2026,SDN,47535794,current,2026-02-01,2026-05-31,3,14316494,0.3
Jan 2026,SDN,47535794,current,2026-02-01,2026-05-31,4,5015231,0.11
Jan 2026,SDN,47535794,current,2026-02-01,2026-05-31,5,134808,0
Jan 2026,SDN,47535794,first projection,2026-06-01,2026-09-30,all,47535794,1.0
Jan 2026,SDN,47535794,first projection,2026-06-01,2026-09-30,3+,5574078,0.12
Jan 2026,SDN,47535794,first projection,2026-06-01,2026-09-30,1,737813,0.02
Jan 2026,SDN,47535794,first projection,2026-06-01,2026-09-30,2,1977719,0.04
Jan 2026,SDN,47535794,first projection,2026-06-01,2026-09-30,3,3126748,0.07
Jan 2026,SDN,47535794,first projection,2026-06-01,2026-09-30,4,2247617,0.05
Jan 2026,SDN,47535794,first projection,2026-06-01,2026-09-30,5,199713,0
Jan 2026,SDN,47535794,second projection,2026-10-01,2027-01-31,all,8289603,1.0
Jan 2026,SDN,47535794,second projection,2026-10-01,2027-01-31,3+,4898632,0.59
Jan 2026,SDN,47535794,second projection,2026-10-01,2027-01-31,1,1028735,0.13
Jan 2026,SDN,47535794,second projection,2026-10-01,2027-01-31,2,2362250,0.28
Jan 2026,SDN,47535794,second projection,2026-10-01,2027-01-31,3,3077281,0.37
Jan 2026,SDN,47535794,second projection,2026-10-01,2027-01-31,4,1749927,0.21
Jan 2026,SDN,47535794,second projection,2026-10-01,2027-01-31,5,71424,0.01
Sep 2025,SDN,47490883,current,2025-09-01,2025-09-30,all,47490883,1.0
Sep 2025,SDN,47490883,current,2025-09-01,2025-09-30,3+,21241056,0.45
Sep 2025,SDN,47490883,current,2025-09-01,2025-09-30,1,11294046,0.24
Sep 2025,SDN,47490883,current,2025-09-01,2025-09-30,2,14955784,0.31
Sep 2025,SDN,47490883,current,2025-09-01,2025-09-30,3,14523011,0.31
Sep 2025,SDN,47490883,current,2025-09-01,2025-09-30,4,6342656,0.13
Sep 2025,SDN,47490883,current,2025-09-01,2025-09-30,5,375389,0.01
Sep 2025,SDN,47490883,first projection,2025-10-01,2026-01-31,all,47160883,1.0
Sep 2025,SDN,47490883,first projection,2025-10-01,2026-01-31,3+,19206275,0.4
Sep 2025,SDN,47490883,first projection,2025-10-01,2026-01-31,1,12007978,0.25
Sep 2025,SDN,47490883,first projection,2025-10-01,2026-01-31,2,16276285,0.34
Sep 2025,SDN,47490883,first projection,2025-10-01,2026-01-31,3,14188504,0.3
Sep 2025,SDN,47490883,first projection,2025-10-01,2026-01-31,4,4810953,0.1
Sep 2025,SDN,47490883,first projection,2025-10-01,2026-01-31,5,206818,0
Sep 2025,SDN,47490883,second projection,2026-02-01,2026-05-31,all,46649479,1.0
Sep 2025,SDN,47490883,second projection,2026-02-01,2026-05-31,3+,19099100,0.41
Sep 2025,SDN,47490883,second projection,2026-02-01,2026-05-31,1,11688168,0.25
Sep 2025,SDN,47490883,second projection,2026-02-01,2026-05-31,2,15861862,0.34
Sep 2025,SDN,47490883,second projection,2026-02-01,2026-05-31,3,14018934,0.3
Sep 2025,SDN,47490883,second projection,2026-02-01,2026-05-31,4,4934510,0.11
Sep 2025,SDN,47490883,second projection,2026-02-01,2026-05-31,5,145656,0
Oct 2024,SDN,47208125,first projection,2024-10-01,2024-11-30,all,47528425,1.0
Oct 2024,SDN,47208125,first projection,2024-10-01,2024-11-30,3+,24517843,0.51
Oct 2024,SDN,47208125,first projection,2024-10-01,2024-11-30,1,7388526,0.16
Oct 2024,SDN,47208125,first projection,2024-10-01,2024-11-30,2,15622067,0.33
Oct 2024,SDN,47208125,first projection,2024-10-01,2024-11-30,3,15894224,0.33
Oct 2024,SDN,47208125,first projection,2024-10-01,2024-11-30,4,8098590,0.17
Oct 2024,SDN,47208125,first projection,2024-10-01,2024-11-30,5,525029,0.01
Oct 2024,SDN,47208125,second projection,2024-12-01,2025-05-31,all,47528425,1.0
Oct 2024,SDN,47208125,second projection,2024-12-01,2025-05-31,3+,24630048,0.51
Oct 2024,SDN,47208125,second projection,2024-12-01,2025-05-31,1,7276322,0.16
Oct 2024,SDN,47208125,second projection,2024-12-01,2025-05-31,2,15622067,0.33
Oct 2024,SDN,47208125,second projection,2024-12-01,2025-05-31,3,15894224,0.33
Oct 2024,SDN,47208125,second projection,2024-12-01,2025-05-31,4,8098590,0.17
Oct 2024,SDN,47208125,second projection,2024-12-01,2025-05-31,5,637234,0.01
Apr 2024,SDN,47208125,current,2024-04-01,2024-05-31,all,47208125,1.0
Apr 2024,SDN,47208125,current,2024-04-01,2024-05-31,3+,21311946,0.45
Apr 2024,SDN,47208125,current,2024-04-01,2024-05-31,1,9036411,0.19
Apr 2024,SDN,47208125,current,2024-04-01,2024-05-31,2,16859767,0.36
Apr 2024,SDN,47208125,current,2024-04-01,2024-05-31,3,14603918,0.31
Apr 2024,SDN,47208125,current,2024-04-01,2024-05-31,4,6554877,0.14
Apr 2024,SDN,47208125,current,2024-04-01,2024-05-31,5,153152,0
Apr 2024,SDN,47208125,first projection,2024-06-01,2024-09-30,all,47208125,1.0
Apr 2024,SDN,47208125,first projection,2024-06-01,2024-09-30,3+,25597400,0.54
Apr 2024,SDN,47208125,first projection,2024-06-01,2024-09-30,1,6426647,0.14
Apr 2024,SDN,47208125,first projection,2024-06-01,2024-09-30,2,15184078,0.32
Apr 2024,SDN,47208125,first projection,2024-06-01,2024-09-30,3,16309134,0.34
Apr 2024,SDN,47208125,first projection,2024-06-01,2024-09-30,4,8533005,0.18
Apr 2024,SDN,47208125,first projection,2024-06-01,2024-09-30,5,755262,0.02
Apr 2024,SDN,47208125,second projection,2024-10-01,2025-02-28,all,47208125,1.0
Apr 2024,SDN,47208125,second projection,2024-10-01,2025-02-28,3+,21085206,0.45
Apr 2024,SDN,47208125,second projection,2024-10-01,2025-02-28,1,8673628,0.18
Apr 2024,SDN,47208125,second projection,2024-10-01,2025-02-28,2,17449291,0.37
Apr 2024,SDN,47208125,second projection,2024-10-01,2025-02-28,3,14589317,0.31
Apr 2024,SDN,47208125,second projection,2024-10-01,2025-02-28,4,6386945,0.14
Apr 2024,SDN,47208125,second projection,2024-10-01,2025-02-28,5,108944,0
Oct 2023,SDN,48579711,second projection,2023-10-01,2024-02-29,all,48190706,1.0
Oct 2023,SDN,48579711,second projection,2023-10-01,2024-02-29,3+,17726882,0.37
Oct 2023,SDN,48579711,second projection,2023-10-01,2024-02-29,1,12481185,0.26
Oct 2023,SDN,48579711,second projection,2023-10-01,2024-02-29,2,17982640,0.37
Oct 2023,SDN,48579711,second projection,2023-10-01,2024-02-29,3,12828395,0.27
Oct 2023,SDN,48579711,second projection,2023-10-01,2024-02-29,4,4898486,0.1
Oct 2023,SDN,48579711,second projection,2023-10-01,2024-02-29,5,0,0
Jun 2023,SDN,48579711,current,2023-06-01,2023-06-30,all,48579711,1.0
Jun 2023,SDN,48579711,current,2023-06-01,2023-06-30,3+,16915999,0.35
Jun 2023,SDN,48579711,current,2023-06-01,2023-06-30,1,13593729,0.28
Jun 2023,SDN,48579711,current,2023-06-01,2023-06-30,2,18069983,0.37
Jun 2023,SDN,48579711,current,2023-06-01,2023-06-30,3,12038785,0.25
Jun 2023,SDN,48579711,current,2023-06-01,2023-06-30,4,4877214,0.1
Jun 2023,SDN,48579711,current,2023-06-01,2023-06-30,5,0,0
Jun 2023,SDN,48579711,first projection,2023-07-01,2023-09-30,all,48579711,1.0
Jun 2023,SDN,48579711,first projection,2023-07-01,2023-09-30,3+,20293352,0.42
Jun 2023,SDN,48579711,first projection,2023-07-01,2023-09-30,1,11194025,0.23
Jun 2023,SDN,48579711,first projection,2023-07-01,2023-09-30,2,17092334,0.35
Jun 2023,SDN,48579711,first projection,2023-07-01,2023-09-30,3,14037556,0.29
Jun 2023,SDN,48579711,first projection,2023-07-01,2023-09-30,4,6255796,0.13
Jun 2023,SDN,48579711,first projection,2023-07-01,2023-09-30,5,0,0
Jun 2023,SDN,48579711,second projection,2023-10-01,2024-02-29,all,48579711,1.0
Jun 2023,SDN,48579711,second projection,2023-10-01,2024-02-29,3+,14976697,0.31
Jun 2023,SDN,48579711,second projection,2023-10-01,2024-02-29,1,14254063,0.29
Jun 2023,SDN,48579711,second projection,2023-10-01,2024-02-29,2,19348952,0.4
Jun 2023,SDN,48579711,second projection,2023-10-01,2024-02-29,3,11153161,0.23
Jun 2023,SDN,48579711,second projection,2023-10-01,2024-02-29,4,3823536,0.08
Jun 2023,SDN,48579711,second projection,2023-10-01,2024-02-29,5,0,0
May 2022,SDN,47881435,current,2022-04-01,2022-05-31,all,47881430,1.0
May 2022,SDN,47881435,current,2022-04-01,2022-05-31,3+,9648034,0.2
May 2022,SDN,47881435,current,2022-04-01,2022-05-31,1,21336498,0.45
May 2022,SDN,47881435,current,2022-04-01,2022-05-31,2,16896898,0.35
May 2022,SDN,47881435,current,2022-04-01,2022-05-31,3,7325982,0.15
May 2022,SDN,47881435,current,2022-04-01,2022-05-31,4,2322051,0.05
May 2022,SDN,47881435,current,2022-04-01,2022-05-31,5,0,0
May 2022,SDN,47881435,first projection,2022-06-01,2022-09-30,all,47881430,1.0
May 2022,SDN,47881435,first projection,2022-06-01,2022-09-30,3+,11653068,0.24
May 2022,SDN,47881435,first projection,2022-06-01,2022-09-30,1,18648033,0.39
May 2022,SDN,47881435,first projection,2022-06-01,2022-09-30,2,17580330,0.37
May 2022,SDN,47881435,first projection,2022-06-01,2022-09-30,3,8549970,0.18
May 2022,SDN,47881435,first projection,2022-06-01,2022-09-30,4,3103098,0.06
May 2022,SDN,47881435,first projection,2022-06-01,2022-09-30,5,0,0
May 2022,SDN,47881435,second projection,2022-10-01,2023-02-28,all,47881430,1.0
May 2022,SDN,47881435,second projection,2022-10-01,2023-02-28,3+,7738781,0.16
May 2022,SDN,47881435,second projection,2022-10-01,2023-02-28,1,22396097,0.47
May 2022,SDN,47881435,second projection,2022-10-01,2023-02-28,2,17746553,0.37
May 2022,SDN,47881435,second projection,2022-10-01,2023-02-28,3,6189076,0.13
May 2022,SDN,47881435,second projection,2022-10-01,2023-02-28,4,1549705,0.03
May 2022,SDN,47881435,second projection,2022-10-01,2023-02-28,5,0,0
Mar 2021,SDN,46796616,current,2021-04-01,2021-05-31,all,46568825,1.0
Mar 2021,SDN,46796616,current,2021-04-01,2021-05-31,3+,7298273,0.16
Mar 2021,SDN,46796616,current,2021-04-01,2021-05-31,1,24459653,0.53
Mar 2021,SDN,46796616,current,2021-04-01,2021-05-31,2,14810899,0.32
Mar 2021,SDN,46796616,current,2021-04-01,2021-05-31,3,5457113,0.12
Mar 2021,SDN,46796616,current,2021-04-01,2021-05-31,4,1841160,0.04
Mar 2021,SDN,46796616,current,2021-04-01,2021-05-31,5,0,0
Mar 2021,SDN,46796616,first projection,2021-06-01,2021-09-30,all,46568825,1.0
Mar 2021,SDN,46796616,first projection,2021-06-01,2021-09-30,3+,9769621,0.21
Mar 2021,SDN,46796616,first projection,2021-06-01,2021-09-30,1,20273468,0.44
Mar 2021,SDN,46796616,first projection,2021-06-01,2021-09-30,2,16525736,0.35
Mar 2021,SDN,46796616,first projection,2021-06-01,2021-09-30,3,7072838,0.15
Mar 2021,SDN,46796616,first projection,2021-06-01,2021-09-30,4,2696783,0.06
Mar 2021,SDN,46796616,first projection,2021-06-01,2021-09-30,5,0,0
Mar 2021,SDN,46796616,second projection,2021-10-01,2022-02-28,all,46568825,1.0
Mar 2021,SDN,46796616,second projection,2021-10-01,2022-02-28,3+,5956008,0.13
Mar 2021,SDN,46796616,second projection,2021-10-01,2022-02-28,1,25605121,0.55
Mar 2021,SDN,46796616,second projection,2021-10-01,2022-02-28,2,15007696,0.32
Mar 2021,SDN,46796616,second projection,2021-10-01,2022-02-28,3,4631480,0.1
Mar 2021,SDN,46796616,second projection,2021-10-01,2022-02-28,4,1324529,0.03
Mar 2021,SDN,46796616,second projection,2021-10-01,2022-02-28,5,0,0
Nov 2025,SEN,19573989,current,2025-10-01,2025-12-31,all,19573989,1.0
Nov 2025,SEN,19573989,current,2025-10-01,2025-12-31,3+,504386,0.03
Nov 2025,SEN,19573989,current,2025-10-01,2025-12-31,1,16639064,0.85
Nov 2025,SEN,19573989,current,2025-10-01,2025-12-31,2,2430539,0.12
Nov 2025,SEN,19573989,current,2025-10-01,2025-12-31,3,491101,0.03
Nov 2025,SEN,19573989,current,2025-10-01,2025-12-31,4,13285,0
Nov 2025,SEN,19573989,current,2025-10-01,2025-12-31,5,0,0
Nov 2025,SEN,19573989,first projection,2026-06-01,2026-08-31,all,19573989,1.0
Nov 2025,SEN,19573989,first projection,2026-06-01,2026-08-31,3+,805646,0.04
Nov 2025,SEN,19573989,first projection,2026-06-01,2026-08-31,1,15608449,0.8
Nov 2025,SEN,19573989,first projection,2026-06-01,2026-08-31,2,3159894,0.16
Nov 2025,SEN,19573989,first projection,2026-06-01,2026-08-31,3,775538,0.04
Nov 2025,SEN,19573989,first projection,2026-06-01,2026-08-31,4,30108,0
Nov 2025,SEN,19573989,first projection,2026-06-01,2026-08-31,5,0,0
Mar 2025,SEN,19075965,current,2025-03-01,2025-05-31,all,0,1.0
Mar 2025,SEN,19075965,current,2025-03-01,2025-05-31,3+,0,0
Mar 2025,SEN,19075965,current,2025-03-01,2025-05-31,1,0,0
Mar 2025,SEN,19075965,current,2025-03-01,2025-05-31,2,0,0
Mar 2025,SEN,19075965,current,2025-03-01,2025-05-31,3,0,0
Mar 2025,SEN,19075965,current,2025-03-01,2025-05-31,4,0,0
Mar 2025,SEN,19075965,current,2025-03-01,2025-05-31,5,0,0
Mar 2025,SEN,19075965,first projection,2025-06-01,2025-08-31,all,19075965,1.0
Mar 2025,SEN,19075965,first projection,2025-06-01,2025-08-31,3+,1313642,0.06
Mar 2025,SEN,19075965,first projection,2025-06-01,2025-08-31,1,13419407,0.7
Mar 2025,SEN,19075965,first projection,2025-06-01,2025-08-31,2,4342915,0.23
Mar 2025,SEN,19075965,first projection,2025-06-01,2025-08-31,3,1221657,0.06
Mar 2025,SEN,19075965,first projection,2025-06-01,2025-08-31,4,91985,0
Mar 2025,SEN,19075965,first projection,2025-06-01,2025-08-31,5,0,0
Nov 2024,SEN,19075965,current,2024-10-01,2024-12-31,all,19075965,1.0
Nov 2024,SEN,19075965,current,2024-10-01,2024-12-31,3+,892310,0.04
Nov 2024,SEN,19075965,current,2024-10-01,2024-12-31,1,14853184,0.78
Nov 2024,SEN,19075965,current,2024-10-01,2024-12-31,2,3330471,0.17
Nov 2024,SEN,19075965,current,2024-10-01,2024-12-31,3,834134,0.04
Nov 2024,SEN,19075965,current,2024-10-01,2024-12-31,4,58177,0
Nov 2024,SEN,19075965,current,2024-10-01,2024-12-31,5,0,0
Nov 2024,SEN,19075965,first projection,2025-06-01,2025-08-31,all,19075965,1.0
Nov 2024,SEN,19075965,first projection,2025-06-01,2025-08-31,3+,1334132,0.06
Nov 2024,SEN,19075965,first projection,2025-06-01,2025-08-31,1,13263899,0.7
Nov 2024,SEN,19075965,first projection,2025-06-01,2025-08-31,2,4477934,0.23
Nov 2024,SEN,19075965,first projection,2025-06-01,2025-08-31,3,1239935,0.06
Nov 2024,SEN,19075965,first projection,2025-06-01,2025-08-31,4,94197,0
Nov 2024,SEN,19075965,first projection,2025-06-01,2025-08-31,5,0,0
Mar 2024,SEN,18032471,current,2024-03-01,2024-05-31,all,18032471,1.0
Mar 2024,SEN,18032471,current,2024-03-01,2024-05-31,3+,278807,0.02
Mar 2024,SEN,18032471,current,2024-03-01,2024-05-31,1,15652538,0.87
Mar 2024,SEN,18032471,current,2024-03-01,2024-05-31,2,2101126,0.12
Mar 2024,SEN,18032471,current,2024-03-01,2024-05-31,3,278526,0.02
Mar 2024,SEN,18032471,current,2024-03-01,2024-05-31,4,281,0
Mar 2024,SEN,18032471,current,2024-03-01,2024-05-31,5,0,0
Mar 2024,SEN,18032471,first projection,2024-06-01,2024-08-31,all,18032471,1.0
Mar 2024,SEN,18032471,first projection,2024-06-01,2024-08-31,3+,518509,0.03
Mar 2024,SEN,18032471,first projection,2024-06-01,2024-08-31,1,14637597,0.81
Mar 2024,SEN,18032471,first projection,2024-06-01,2024-08-31,2,2876365,0.16
Mar 2024,SEN,18032471,first projection,2024-06-01,2024-08-31,3,506632,0.03
Mar 2024,SEN,18032471,first projection,2024-06-01,2024-08-31,4,11877,0
Mar 2024,SEN,18032471,first projection,2024-06-01,2024-08-31,5,0,0
Nov 2023,SEN,18275717,current,2023-10-01,2023-12-31,all,18032471,1.0
Nov 2023,SEN,18275717,current,2023-10-01,2023-12-31,3+,314055,0.02
Nov 2023,SEN,18275717,current,2023-10-01,2023-12-31,1,15011848,0.83
Nov 2023,SEN,18275717,current,2023-10-01,2023-12-31,2,2706568,0.15
Nov 2023,SEN,18275717,current,2023-10-01,2023-12-31,3,314055,0.02
Nov 2023,SEN,18275717,current,2023-10-01,2023-12-31,4,0,0
Nov 2023,SEN,18275717,current,2023-10-01,2023-12-31,5,0,0
Nov 2023,SEN,18275717,first projection,2024-06-01,2024-08-31,all,18032471,1.0
Nov 2023,SEN,18275717,first projection,2024-06-01,2024-08-31,3+,726781,0.04
Nov 2023,SEN,18275717,first projection,2024-06-01,2024-08-31,1,13199435,0.73
Nov 2023,SEN,18275717,first projection,2024-06-01,2024-08-31,2,4106255,0.23
Nov 2023,SEN,18275717,first projection,2024-06-01,2024-08-31,3,683252,0.04
Nov 2023,SEN,18275717,first projection,2024-06-01,2024-08-31,4,43529,0
Nov 2023,SEN,18275717,first projection,2024-06-01,2024-08-31,5,0,0
Mar 2023,SEN,18275717,current,2023-03-01,2023-05-31,all,17875937,1.0
Mar 2023,SEN,18275717,current,2023-03-01,2023-05-31,3+,679989,0.04
Mar 2023,SEN,18275717,current,2023-03-01,2023-05-31,1,14117529,0.79
Mar 2023,SEN,18275717,current,2023-03-01,2023-05-31,2,3078418,0.17
Mar 2023,SEN,18275717,current,2023-03-01,2023-05-31,3,672203,0.04
Mar 2023,SEN,18275717,current,2023-03-01,2023-05-31,4,7786,0
Mar 2023,SEN,18275717,current,2023-03-01,2023-05-31,5,0,0
Mar 2023,SEN,18275717,first projection,2023-06-01,2023-08-31,all,17875937,1.0
Mar 2023,SEN,18275717,first projection,2023-06-01,2023-08-31,3+,1263288,0.07
Mar 2023,SEN,18275717,first projection,2023-06-01,2023-08-31,1,12251238,0.69
Mar 2023,SEN,18275717,first projection,2023-06-01,2023-08-31,2,4361411,0.24
Mar 2023,SEN,18275717,first projection,2023-06-01,2023-08-31,3,1206111,0.07
Mar 2023,SEN,18275717,first projection,2023-06-01,2023-08-31,4,57177,0
Mar 2023,SEN,18275717,first projection,2023-06-01,2023-08-31,5,0,0
Nov 2022,SEN,18275717,current,2022-10-01,2022-12-31,all,18275717,1.0
Nov 2022,SEN,18275717,current,2022-10-01,2022-12-31,3+,876138,0.05
Nov 2022,SEN,18275717,current,2022-10-01,2022-12-31,1,12428620,0.68
Nov 2022,SEN,18275717,current,2022-10-01,2022-12-31,2,4970959,0.27
Nov 2022,SEN,18275717,current,2022-10-01,2022-12-31,3,846467,0.05
Nov 2022,SEN,18275717,current,2022-10-01,2022-12-31,4,29671,0
Nov 2022,SEN,18275717,current,2022-10-01,2022-12-31,5,0,0
Nov 2022,SEN,18275717,first projection,2023-06-01,2023-08-31,all,18275717,1.0
Nov 2022,SEN,18275717,first projection,2023-06-01,2023-08-31,3+,1417235,0.07
Nov 2022,SEN,18275717,first projection,2023-06-01,2023-08-31,1,10951304,0.6
Nov 2022,SEN,18275717,first projection,2023-06-01,2023-08-31,2,5907179,0.32
Nov 2022,SEN,18275717,first projection,2023-06-01,2023-08-31,3,1330335,0.07
Nov 2022,SEN,18275717,first projection,2023-06-01,2023-08-31,4,86900,0
Nov 2022,SEN,18275717,first projection,2023-06-01,2023-08-31,5,0,0
Mar 2022,SEN,17257945,current,2022-03-01,2022-05-31,all,17738771,1.0
Mar 2022,SEN,17257945,current,2022-03-01,2022-05-31,3+,550678,0.03
Mar 2022,SEN,17257945,current,2022-03-01,2022-05-31,1,14104343,0.8
Mar 2022,SEN,17257945,current,2022-03-01,2022-05-31,2,3083750,0.17
Mar 2022,SEN,17257945,current,2022-03-01,2022-05-31,3,549958,0.03
Mar 2022,SEN,17257945,current,2022-03-01,2022-05-31,4,720,0
Mar 2022,SEN,17257945,current,2022-03-01,2022-05-31,5,0,0
Mar 2022,SEN,17257945,first projection,2022-06-01,2022-08-31,all,17738771,1.0
Mar 2022,SEN,17257945,first projection,2022-06-01,2022-08-31,3+,881275,0.05
Mar 2022,SEN,17257945,first projection,2022-06-01,2022-08-31,1,12913552,0.73
Mar 2022,SEN,17257945,first projection,2022-06-01,2022-08-31,2,3943944,0.22
Mar 2022,SEN,17257945,first projection,2022-06-01,2022-08-31,3,872421,0.05
Mar 2022,SEN,17257945,first projection,2022-06-01,2022-08-31,4,8855,0
Mar 2022,SEN,17257945,first projection,2022-06-01,2022-08-31,5,0,0
Nov 2021,SEN,17257945,current,2021-10-01,2021-12-31,all,17257945,1.0
Nov 2021,SEN,17257945,current,2021-10-01,2021-12-31,3+,308363,0.02
Nov 2021,SEN,17257945,current,2021-10-01,2021-12-31,1,14281067,0.83
Nov 2021,SEN,17257945,current,2021-10-01,2021-12-31,2,2668515,0.15
Nov 2021,SEN,17257945,current,2021-10-01,2021-12-31,3,308363,0.02
Nov 2021,SEN,17257945,current,2021-10-01,2021-12-31,4,0,0
Nov 2021,SEN,17257945,current,2021-10-01,2021-12-31,5,0,0
Nov 2021,SEN,17257945,first projection,2022-06-01,2022-08-31,all,17257945,1.0
Nov 2021,SEN,17257945,first projection,2022-06-01,2022-08-31,3+,769883,0.04
Nov 2021,SEN,17257945,first projection,2022-06-01,2022-08-31,1,12806733,0.74
Nov 2021,SEN,17257945,first projection,2022-06-01,2022-08-31,2,3681329,0.21
Nov 2021,SEN,17257945,first projection,2022-06-01,2022-08-31,3,756812,0.04
Nov 2021,SEN,17257945,first projection,2022-06-01,2022-08-31,4,13071,0
Nov 2021,SEN,17257945,first projection,2022-06-01,2022-08-31,5,0,0
Mar 2021,SEN,17215426,current,2021-03-01,2021-05-31,all,17215426,1.0
Mar 2021,SEN,17215426,current,2021-03-01,2021-05-31,3+,298063,0.02
Mar 2021,SEN,17215426,current,2021-03-01,2021-05-31,1,14514144,0.84
Mar 2021,SEN,17215426,current,2021-03-01,2021-05-31,2,2403220,0.14
Mar 2021,SEN,17215426,current,2021-03-01,2021-05-31,3,294266,0.02
Mar 2021,SEN,17215426,current,2021-03-01,2021-05-31,4,3797,0
Mar 2021,SEN,17215426,current,2021-03-01,2021-05-31,5,0,0
Mar 2021,SEN,17215426,first projection,2021-06-01,2021-08-31,all,17215426,1.0
Mar 2021,SEN,17215426,first projection,2021-06-01,2021-08-31,3+,480358,0.03
Mar 2021,SEN,17215426,first projection,2021-06-01,2021-08-31,1,13584719,0.79
Mar 2021,SEN,17215426,first projection,2021-06-01,2021-08-31,2,3130040,0.18
Mar 2021,SEN,17215426,first projection,2021-06-01,2021-08-31,3,473863,0.03
Mar 2021,SEN,17215426,first projection,2021-06-01,2021-08-31,4,6494,0
Mar 2021,SEN,17215426,first projection,2021-06-01,2021-08-31,5,0,0
Nov 2025,SLE,9077691,current,2025-10-01,2025-12-31,all,9077691,1.0
Nov 2025,SLE,9077691,current,2025-10-01,2025-12-31,3+,998608,0.11
Nov 2025,SLE,9077691,current,2025-10-01,2025-12-31,1,5340030,0.59
Nov 2025,SLE,9077691,current,2025-10-01,2025-12-31,2,2739053,0.3
Nov 2025,SLE,9077691,current,2025-10-01,2025-12-31,3,933530,0.1
Nov 2025,SLE,9077691,current,2025-10-01,2025-12-31,4,65078,0.01
Nov 2025,SLE,9077691,current,2025-10-01,2025-12-31,5,0,0
Nov 2025,SLE,9077691,first projection,2026-06-01,2026-08-31,all,9077691,1.0
Nov 2025,SLE,9077691,first projection,2026-06-01,2026-08-31,3+,1333472,0.14
Nov 2025,SLE,9077691,first projection,2026-06-01,2026-08-31,1,4551579,0.5
Nov 2025,SLE,9077691,first projection,2026-06-01,2026-08-31,2,3192640,0.35
Nov 2025,SLE,9077691,first projection,2026-06-01,2026-08-31,3,1198899,0.13
Nov 2025,SLE,9077691,first projection,2026-06-01,2026-08-31,4,134572,0.01
Nov 2025,SLE,9077691,first projection,2026-06-01,2026-08-31,5,0,0
Mar 2025,SLE,0,current,2025-03-01,2025-05-31,all,8739886,1.0
Mar 2025,SLE,0,current,2025-03-01,2025-05-31,3+,911605,0.11
Mar 2025,SLE,0,current,2025-03-01,2025-05-31,1,5728666,0.66
Mar 2025,SLE,0,current,2025-03-01,2025-05-31,2,2099615,0.24
Mar 2025,SLE,0,current,2025-03-01,2025-05-31,3,854530,0.1
Mar 2025,SLE,0,current,2025-03-01,2025-05-31,4,57075,0.01
Mar 2025,SLE,0,current,2025-03-01,2025-05-31,5,0,0
Mar 2025,SLE,0,first projection,2025-06-01,2025-08-31,all,8739886,1.0
Mar 2025,SLE,0,first projection,2025-06-01,2025-08-31,3+,1222304,0.14
Mar 2025,SLE,0,first projection,2025-06-01,2025-08-31,1,4781759,0.55
Mar 2025,SLE,0,first projection,2025-06-01,2025-08-31,2,2735823,0.31
Mar 2025,SLE,0,first projection,2025-06-01,2025-08-31,3,1119019,0.13
Mar 2025,SLE,0,first projection,2025-06-01,2025-08-31,4,103285,0.01
Mar 2025,SLE,0,first projection,2025-06-01,2025-08-31,5,0,0
Nov 2024,SLE,8739886,current,2024-10-01,2024-12-31,all,8739886,1.0
Nov 2024,SLE,8739886,current,2024-10-01,2024-12-31,3+,660683,0.08
Nov 2024,SLE,8739886,current,2024-10-01,2024-12-31,1,6250223,0.72
Nov 2024,SLE,8739886,current,2024-10-01,2024-12-31,2,1828979,0.21
Nov 2024,SLE,8739886,current,2024-10-01,2024-12-31,3,658404,0.08
Nov 2024,SLE,8739886,current,2024-10-01,2024-12-31,4,2279,0
Nov 2024,SLE,8739886,current,2024-10-01,2024-12-31,5,0,0
Nov 2024,SLE,8739886,first projection,2025-06-01,2025-08-31,all,8739886,1.0
Nov 2024,SLE,8739886,first projection,2025-06-01,2025-08-31,3+,1066617,0.12
Nov 2024,SLE,8739886,first projection,2025-06-01,2025-08-31,1,5247307,0.6
Nov 2024,SLE,8739886,first projection,2025-06-01,2025-08-31,2,2425962,0.28
Nov 2024,SLE,8739886,first projection,2025-06-01,2025-08-31,3,1055401,0.12
Nov 2024,SLE,8739886,first projection,2025-06-01,2025-08-31,4,11217,0
Nov 2024,SLE,8739886,first projection,2025-06-01,2025-08-31,5,0,0
Mar 2024,SLE,7703563,current,2024-03-01,2024-05-31,all,7703563,1.0
Mar 2024,SLE,7703563,current,2024-03-01,2024-05-31,3+,1104589,0.14
Mar 2024,SLE,7703563,current,2024-03-01,2024-05-31,1,4062674,0.53
Mar 2024,SLE,7703563,current,2024-03-01,2024-05-31,2,2536300,0.33
Mar 2024,SLE,7703563,current,2024-03-01,2024-05-31,3,1088115,0.14
Mar 2024,SLE,7703563,current,2024-03-01,2024-05-31,4,16474,0
Mar 2024,SLE,7703563,current,2024-03-01,2024-05-31,5,0,0
Mar 2024,SLE,7703563,first projection,2024-06-01,2024-08-31,all,7703563,1.0
Mar 2024,SLE,7703563,first projection,2024-06-01,2024-08-31,3+,1569895,0.2
Mar 2024,SLE,7703563,first projection,2024-06-01,2024-08-31,1,3017996,0.39
Mar 2024,SLE,7703563,first projection,2024-06-01,2024-08-31,2,3115672,0.4
Mar 2024,SLE,7703563,first projection,2024-06-01,2024-08-31,3,1538646,0.2
Mar 2024,SLE,7703563,first projection,2024-06-01,2024-08-31,4,31249,0
Mar 2024,SLE,7703563,first projection,2024-06-01,2024-08-31,5,0,0
Nov 2023,SLE,7541421,current,2023-10-01,2023-12-31,all,7703563,1.0
Nov 2023,SLE,7541421,current,2023-10-01,2023-12-31,3+,1172222,0.15
Nov 2023,SLE,7541421,current,2023-10-01,2023-12-31,1,4147023,0.54
Nov 2023,SLE,7541421,current,2023-10-01,2023-12-31,2,2384318,0.31
Nov 2023,SLE,7541421,current,2023-10-01,2023-12-31,3,1172222,0.15
Nov 2023,SLE,7541421,current,2023-10-01,2023-12-31,4,0,0
Nov 2023,SLE,7541421,current,2023-10-01,2023-12-31,5,0,0
Nov 2023,SLE,7541421,first projection,2024-06-01,2024-08-31,all,7703563,1.0
Nov 2023,SLE,7541421,first projection,2024-06-01,2024-08-31,3+,1459419,0.19
Nov 2023,SLE,7541421,first projection,2024-06-01,2024-08-31,1,3354924,0.44
Nov 2023,SLE,7541421,first projection,2024-06-01,2024-08-31,2,2889220,0.38
Nov 2023,SLE,7541421,first projection,2024-06-01,2024-08-31,3,1459419,0.19
Nov 2023,SLE,7541421,first projection,2024-06-01,2024-08-31,4,0,0
Nov 2023,SLE,7541421,first projection,2024-06-01,2024-08-31,5,0,0
Mar 2023,SLE,7541421,current,2023-03-01,2023-05-31,all,7541421,1.0
Mar 2023,SLE,7541421,current,2023-03-01,2023-05-31,3+,889225,0.12
Mar 2023,SLE,7541421,current,2023-03-01,2023-05-31,1,4425109,0.59
Mar 2023,SLE,7541421,current,2023-03-01,2023-05-31,2,2227086,0.3
Mar 2023,SLE,7541421,current,2023-03-01,2023-05-31,3,889225,0.12
Mar 2023,SLE,7541421,current,2023-03-01,2023-05-31,4,0,0
Mar 2023,SLE,7541421,current,2023-03-01,2023-05-31,5,0,0
Mar 2023,SLE,7541421,first projection,2023-06-01,2023-08-31,all,7541421,1.0
Mar 2023,SLE,7541421,first projection,2023-06-01,2023-08-31,3+,1180824,0.15
Mar 2023,SLE,7541421,first projection,2023-06-01,2023-08-31,1,3454261,0.46
Mar 2023,SLE,7541421,first projection,2023-06-01,2023-08-31,2,2906336,0.39
Mar 2023,SLE,7541421,first projection,2023-06-01,2023-08-31,3,1146440,0.15
Mar 2023,SLE,7541421,first projection,2023-06-01,2023-08-31,4,34384,0
Mar 2023,SLE,7541421,first projection,2023-06-01,2023-08-31,5,0,0
Oct 2022,SLE,7541421,current,2022-10-01,2022-12-31,all,7541421,1.0
Oct 2022,SLE,7541421,current,2022-10-01,2022-12-31,3+,787646,0.1
Oct 2022,SLE,7541421,current,2022-10-01,2022-12-31,1,4824437,0.64
Oct 2022,SLE,7541421,current,2022-10-01,2022-12-31,2,1929338,0.26
Oct 2022,SLE,7541421,current,2022-10-01,2022-12-31,3,787646,0.1
Oct 2022,SLE,7541421,current,2022-10-01,2022-12-31,4,0,0
Oct 2022,SLE,7541421,current,2022-10-01,2022-12-31,5,0,0
Oct 2022,SLE,7541421,first projection,2023-06-01,2023-08-31,all,7541421,1.0
Oct 2022,SLE,7541421,first projection,2023-06-01,2023-08-31,3+,1111537,0.14
Oct 2022,SLE,7541421,first projection,2023-06-01,2023-08-31,1,3897013,0.52
Oct 2022,SLE,7541421,first projection,2023-06-01,2023-08-31,2,2532871,0.34
Oct 2022,SLE,7541421,first projection,2023-06-01,2023-08-31,3,1091692,0.14
Oct 2022,SLE,7541421,first projection,2023-06-01,2023-08-31,4,19846,0
Oct 2022,SLE,7541421,first projection,2023-06-01,2023-08-31,5,0,0
Mar 2022,SLE,8605845,current,2022-03-01,2022-05-31,all,8605845,1.0
Mar 2022,SLE,8605845,current,2022-03-01,2022-05-31,3+,1229726,0.14
Mar 2022,SLE,8605845,current,2022-03-01,2022-05-31,1,4356911,0.51
Mar 2022,SLE,8605845,current,2022-03-01,2022-05-31,2,3019208,0.35
Mar 2022,SLE,8605845,current,2022-03-01,2022-05-31,3,1212898,0.14
Mar 2022,SLE,8605845,current,2022-03-01,2022-05-31,4,16829,0
Mar 2022,SLE,8605845,current,2022-03-01,2022-05-31,5,0,0
Mar 2022,SLE,8605845,first projection,2022-06-01,2022-08-31,all,8605845,1.0
Mar 2022,SLE,8605845,first projection,2022-06-01,2022-08-31,3+,1605719,0.18
Mar 2022,SLE,8605845,first projection,2022-06-01,2022-08-31,1,3426662,0.4
Mar 2022,SLE,8605845,first projection,2022-06-01,2022-08-31,2,3573464,0.42
Mar 2022,SLE,8605845,first projection,2022-06-01,2022-08-31,3,1579319,0.18
Mar 2022,SLE,8605845,first projection,2022-06-01,2022-08-31,4,26400,0
Mar 2022,SLE,8605845,first projection,2022-06-01,2022-08-31,5,0,0
Oct 2021,SLE,8605845,current,2021-10-01,2021-12-31,all,8605845,1.0
Oct 2021,SLE,8605845,current,2021-10-01,2021-12-31,3+,1071284,0.12
Oct 2021,SLE,8605845,current,2021-10-01,2021-12-31,1,4706414,0.55
Oct 2021,SLE,8605845,current,2021-10-01,2021-12-31,2,2828147,0.33
Oct 2021,SLE,8605845,current,2021-10-01,2021-12-31,3,1071284,0.12
Oct 2021,SLE,8605845,current,2021-10-01,2021-12-31,4,0,0
Oct 2021,SLE,8605845,current,2021-10-01,2021-12-31,5,0,0
Oct 2021,SLE,8605845,first projection,2022-06-01,2022-08-31,all,8605845,1.0
Oct 2021,SLE,8605845,first projection,2022-06-01,2022-08-31,3+,1453325,0.17
Oct 2021,SLE,8605845,first projection,2022-06-01,2022-08-31,1,3711267,0.43
Oct 2021,SLE,8605845,first projection,2022-06-01,2022-08-31,2,3441252,0.4
Oct 2021,SLE,8605845,first projection,2022-06-01,2022-08-31,3,1453325,0.17
Oct 2021,SLE,8605845,first projection,2022-06-01,2022-08-31,4,0,0
Oct 2021,SLE,8605845,first projection,2022-06-01,2022-08-31,5,0,0
Mar 2021,SLE,8100318,current,2021-03-01,2021-05-31,all,8100318,1.0
Mar 2021,SLE,8100318,current,2021-03-01,2021-05-31,3+,1501121,0.19
Mar 2021,SLE,8100318,current,2021-03-01,2021-05-31,1,4195687,0.52
Mar 2021,SLE,8100318,current,2021-03-01,2021-05-31,2,2403510,0.3
Mar 2021,SLE,8100318,current,2021-03-01,2021-05-31,3,1501121,0.19
Mar 2021,SLE,8100318,current,2021-03-01,2021-05-31,4,0,0
Mar 2021,SLE,8100318,current,2021-03-01,2021-05-31,5,0,0
Mar 2021,SLE,8100318,first projection,2021-06-01,2021-08-31,all,8100318,1.0
Mar 2021,SLE,8100318,first projection,2021-06-01,2021-08-31,3+,1762534,0.22
Mar 2021,SLE,8100318,first projection,2021-06-01,2021-08-31,1,3512039,0.43
Mar 2021,SLE,8100318,first projection,2021-06-01,2021-08-31,2,2825745,0.35
Mar 2021,SLE,8100318,first projection,2021-06-01,2021-08-31,3,1672544,0.21
Mar 2021,SLE,8100318,first projection,2021-06-01,2021-08-31,4,89991,0.01
Mar 2021,SLE,8100318,first projection,2021-06-01,2021-08-31,5,0,0
Aug 2021,SLV,6325827,current,2021-07-01,2021-08-31,all,6325827,1.0
Aug 2021,SLV,6325827,current,2021-07-01,2021-08-31,3+,841190,0.13
Aug 2021,SLV,6325827,current,2021-07-01,2021-08-31,1,2359805,0.37
Aug 2021,SLV,6325827,current,2021-07-01,2021-08-31,2,3124833,0.49
Aug 2021,SLV,6325827,current,2021-07-01,2021-08-31,3,780311,0.12
Aug 2021,SLV,6325827,current,2021-07-01,2021-08-31,4,60879,0.01
Aug 2021,SLV,6325827,current,2021-07-01,2021-08-31,5,0,0
Aug 2021,SLV,6325827,first projection,2021-09-01,2022-02-28,all,6325827,1.0
Aug 2021,SLV,6325827,first projection,2021-09-01,2022-02-28,3+,593434,0.1
Aug 2021,SLV,6325827,first projection,2021-09-01,2022-02-28,1,2755017,0.44
Aug 2021,SLV,6325827,first projection,2021-09-01,2022-02-28,2,2977376,0.47
Aug 2021,SLV,6325827,first projection,2021-09-01,2022-02-28,3,546698,0.09
Aug 2021,SLV,6325827,first projection,2021-09-01,2022-02-28,4,46735,0.01
Aug 2021,SLV,6325827,first projection,2021-09-01,2022-02-28,5,0,0
Aug 2021,SLV,6325827,second projection,2022-03-01,2022-05-31,all,6325827,1.0
Aug 2021,SLV,6325827,second projection,2022-03-01,2022-05-31,3+,906823,0.14
Aug 2021,SLV,6325827,second projection,2022-03-01,2022-05-31,1,2132030,0.34
Aug 2021,SLV,6325827,second projection,2022-03-01,2022-05-31,2,3286974,0.52
Aug 2021,SLV,6325827,second projection,2022-03-01,2022-05-31,3,845944,0.13
Aug 2021,SLV,6325827,second projection,2022-03-01,2022-05-31,4,60879,0.01
Aug 2021,SLV,6325827,second projection,2022-03-01,2022-05-31,5,0,0
Aug 2026,SOM,19442156,current,2026-07-01,2026-09-30,all,19442156,1.0
Aug 2026,SOM,19442156,current,2026-07-01,2026-09-30,3+,5095741,0.26
Aug 2026,SOM,19442156,current,2026-07-01,2026-09-30,1,7541149,0.39
Aug 2026,SOM,19442156,current,2026-07-01,2026-09-30,2,6805288,0.35
Aug 2026,SOM,19442156,current,2026-07-01,2026-09-30,3,3698671,0.19
Aug 2026,SOM,19442156,current,2026-07-01,2026-09-30,4,1397070,0.07
Aug 2026,SOM,19442156,current,2026-07-01,2026-09-30,5,0,0
Aug 2026,SOM,19442156,first projection,2026-10-01,2026-12-31,all,19442156,1.0
Aug 2026,SOM,19442156,first projection,2026-10-01,2026-12-31,3+,5417532,0.28
Aug 2026,SOM,19442156,first projection,2026-10-01,2026-12-31,1,7175218,0.37
Aug 2026,SOM,19442156,first projection,2026-10-01,2026-12-31,2,6849434,0.35
Aug 2026,SOM,19442156,first projection,2026-10-01,2026-12-31,3,3908621,0.2
Aug 2026,SOM,19442156,first projection,2026-10-01,2026-12-31,4,1483146,0.08
Aug 2026,SOM,19442156,first projection,2026-10-01,2026-12-31,5,25765,0
Apr 2026,SOM,19442156,current,2026-04-01,2026-06-30,all,19442156,1.0
Apr 2026,SOM,19442156,current,2026-04-01,2026-06-30,3+,6030282,0.31
Apr 2026,SOM,19442156,current,2026-04-01,2026-06-30,1,5686108,0.29
Apr 2026,SOM,19442156,current,2026-04-01,2026-06-30,2,7725794,0.4
Apr 2026,SOM,19442156,current,2026-04-01,2026-06-30,3,4154332,0.21
Apr 2026,SOM,19442156,current,2026-04-01,2026-06-30,4,1875950,0.1
Apr 2026,SOM,19442156,current,2026-04-01,2026-06-30,5,0,0
Jan 2026,SOM,19442156,current,2026-01-01,2026-01-31,all,19442156,1.0
Jan 2026,SOM,19442156,current,2026-01-01,2026-01-31,3+,4796842,0.25
Jan 2026,SOM,19442156,current,2026-01-01,2026-01-31,1,7247976,0.37
Jan 2026,SOM,19442156,current,2026-01-01,2026-01-31,2,7397357,0.38
Jan 2026,SOM,19442156,current,2026-01-01,2026-01-31,3,3633665,0.19
Jan 2026,SOM,19442156,current,2026-01-01,2026-01-31,4,1163177,0.06
Jan 2026,SOM,19442156,current,2026-01-01,2026-01-31,5,0,0
Jan 2026,SOM,19442156,first projection,2026-02-01,2026-03-31,all,19442156,1.0
Jan 2026,SOM,19442156,first projection,2026-02-01,2026-03-31,3+,6490028,0.33
Jan 2026,SOM,19442156,first projection,2026-02-01,2026-03-31,1,5201596,0.27
Jan 2026,SOM,19442156,first projection,2026-02-01,2026-03-31,2,7750553,0.4
Jan 2026,SOM,19442156,first projection,2026-02-01,2026-03-31,3,4457308,0.23
Jan 2026,SOM,19442156,first projection,2026-02-01,2026-03-31,4,2032720,0.1
Jan 2026,SOM,19442156,first projection,2026-02-01,2026-03-31,5,0,0
Jan 2026,SOM,19442156,second projection,2026-04-01,2026-06-30,all,19442156,1.0
Jan 2026,SOM,19442156,second projection,2026-04-01,2026-06-30,3+,5521455,0.28
Jan 2026,SOM,19442156,second projection,2026-04-01,2026-06-30,1,6312451,0.32
Jan 2026,SOM,19442156,second projection,2026-04-01,2026-06-30,2,7608275,0.39
Jan 2026,SOM,19442156,second projection,2026-04-01,2026-06-30,3,3928930,0.2
Jan 2026,SOM,19442156,second projection,2026-04-01,2026-06-30,4,1592525,0.08
Jan 2026,SOM,19442156,second projection,2026-04-01,2026-06-30,5,0,0
Jan 2026,SOM,19442156,current,2026-01-01,2026-01-31,all,19442155,1.0
Jan 2026,SOM,19442156,current,2026-01-01,2026-01-31,3+,4796826,0.25
Jan 2026,SOM,19442156,current,2026-01-01,2026-01-31,1,7247971,0.37
Jan 2026,SOM,19442156,current,2026-01-01,2026-01-31,2,7397358,0.38
Jan 2026,SOM,19442156,current,2026-01-01,2026-01-31,3,3633655,0.19
Jan 2026,SOM,19442156,current,2026-01-01,2026-01-31,4,1163171,0.06
Jan 2026,SOM,19442156,current,2026-01-01,2026-01-31,5,0,0
Jan 2026,SOM,19442156,first projection,2026-02-01,2026-03-31,all,19442155,1.0
Jan 2026,SOM,19442156,first projection,2026-02-01,2026-03-31,3+,6490015,0.33
Jan 2026,SOM,19442156,first projection,2026-02-01,2026-03-31,1,5201593,0.27
Jan 2026,SOM,19442156,first projection,2026-02-01,2026-03-31,2,7750547,0.4
Jan 2026,SOM,19442156,first projection,2026-02-01,2026-03-31,3,4457298,0.23
Jan 2026,SOM,19442156,first projection,2026-02-01,2026-03-31,4,2032717,0.1
Jan 2026,SOM,19442156,first projection,2026-02-01,2026-03-31,5,0,0
Jan 2026,SOM,19442156,second projection,2026-04-01,2026-06-30,all,19442155,1.0
Jan 2026,SOM,19442156,second projection,2026-04-01,2026-06-30,3+,5521444,0.28
Jan 2026,SOM,19442156,second projection,2026-04-01,2026-06-30,1,6312446,0.32
Jan 2026,SOM,19442156,second projection,2026-04-01,2026-06-30,2,7608265,0.39
Jan 2026,SOM,19442156,second projection,2026-04-01,2026-06-30,3,3928922,0.2
Jan 2026,SOM,19442156,second projection,2026-04-01,2026-06-30,4,1592522,0.08
Jan 2026,SOM,19442156,second projection,2026-04-01,2026-06-30,5,0,0
Jul 2025,SOM,19280850,current,2025-07-01,2025-09-30,all,19280850,1.0
Jul 2025,SOM,19280850,current,2025-07-01,2025-09-30,3+,3423255,0.18
Jul 2025,SOM,19280850,current,2025-07-01,2025-09-30,1,9576841,0.5
Jul 2025,SOM,19280850,current,2025-07-01,2025-09-30,2,6280754,0.33
Jul 2025,SOM,19280850,current,2025-07-01,2025-09-30,3,2799645,0.15
Jul 2025,SOM,19280850,current,2025-07-01,2025-09-30,4,623610,0.03
Jul 2025,SOM,19280850,current,2025-07-01,2025-09-30,5,0,0
Jul 2025,SOM,19280850,first projection,2025-10-01,2025-12-31,all,19280850,1.0
Jul 2025,SOM,19280850,first projection,2025-10-01,2025-12-31,3+,4351253,0.23
Jul 2025,SOM,19280850,first projection,2025-10-01,2025-12-31,1,7965319,0.41
Jul 2025,SOM,19280850,first projection,2025-10-01,2025-12-31,2,6964278,0.36
Jul 2025,SOM,19280850,first projection,2025-10-01,2025-12-31,3,3430085,0.18
Jul 2025,SOM,19280850,first projection,2025-10-01,2025-12-31,4,921168,0.05
Jul 2025,SOM,19280850,first projection,2025-10-01,2025-12-31,5,0,0
Mar 2025,SOM,19280850,first projection,2025-04-01,2025-06-30,all,19280850,1.0
Mar 2025,SOM,19280850,first projection,2025-04-01,2025-06-30,3+,4551000,0.24
Mar 2025,SOM,19280850,first projection,2025-04-01,2025-06-30,1,7740000,0.4
Mar 2025,SOM,19280850,first projection,2025-04-01,2025-06-30,2,6991000,0.36
Mar 2025,SOM,19280850,first projection,2025-04-01,2025-06-30,3,3767000,0.2
Mar 2025,SOM,19280850,first projection,2025-04-01,2025-06-30,4,784000,0.04
Mar 2025,SOM,19280850,first projection,2025-04-01,2025-06-30,5,0,0
Jan 2025,SOM,19280850,current,2025-01-01,2025-03-31,all,19280850,1.0
Jan 2025,SOM,19280850,current,2025-01-01,2025-03-31,3+,3396180,0.17
Jan 2025,SOM,19280850,current,2025-01-01,2025-03-31,1,9358460,0.49
Jan 2025,SOM,19280850,current,2025-01-01,2025-03-31,2,6526160,0.34
Jan 2025,SOM,19280850,current,2025-01-01,2025-03-31,3,2953750,0.15
Jan 2025,SOM,19280850,current,2025-01-01,2025-03-31,4,442430,0.02
Jan 2025,SOM,19280850,current,2025-01-01,2025-03-31,5,0,0
Jan 2025,SOM,19280850,first projection,2025-04-01,2025-06-30,all,19280850,1.0
Jan 2025,SOM,19280850,first projection,2025-04-01,2025-06-30,3+,4389160,0.23
Jan 2025,SOM,19280850,first projection,2025-04-01,2025-06-30,1,7944980,0.41
Jan 2025,SOM,19280850,first projection,2025-04-01,2025-06-30,2,6946740,0.36
Jan 2025,SOM,19280850,first projection,2025-04-01,2025-06-30,3,3648560,0.19
Jan 2025,SOM,19280850,first projection,2025-04-01,2025-06-30,4,740600,0.04
Jan 2025,SOM,19280850,first projection,2025-04-01,2025-06-30,5,0,0
Aug 2024,SOM,18706931,current,2024-07-01,2024-09-30,all,18706931,1.0
Aug 2024,SOM,18706931,current,2024-07-01,2024-09-30,3+,3579520,0.19
Aug 2024,SOM,18706931,current,2024-07-01,2024-09-30,1,9074100,0.49
Aug 2024,SOM,18706931,current,2024-07-01,2024-09-30,2,6053300,0.32
Aug 2024,SOM,18706931,current,2024-07-01,2024-09-30,3,2855310,0.15
Aug 2024,SOM,18706931,current,2024-07-01,2024-09-30,4,724210,0.04
Aug 2024,SOM,18706931,current,2024-07-01,2024-09-30,5,0,0
Aug 2024,SOM,18706931,first projection,2024-10-01,2024-12-31,all,18706931,1.0
Aug 2024,SOM,18706931,first projection,2024-10-01,2024-12-31,3+,4388110,0.23
Aug 2024,SOM,18706931,first projection,2024-10-01,2024-12-31,1,7784850,0.42
Aug 2024,SOM,18706931,first projection,2024-10-01,2024-12-31,2,6533970,0.35
Aug 2024,SOM,18706931,first projection,2024-10-01,2024-12-31,3,3406440,0.18
Aug 2024,SOM,18706931,first projection,2024-10-01,2024-12-31,4,981670,0.05
Aug 2024,SOM,18706931,first projection,2024-10-01,2024-12-31,5,0,0
Jan 2024,SOM,18706931,current,2024-01-01,2024-03-31,all,18706931,1.0
Jan 2024,SOM,18706931,current,2024-01-01,2024-03-31,3+,4008110,0.21
Jan 2024,SOM,18706931,current,2024-01-01,2024-03-31,1,8596160,0.46
Jan 2024,SOM,18706931,current,2024-01-01,2024-03-31,2,6102650,0.33
Jan 2024,SOM,18706931,current,2024-01-01,2024-03-31,3,3206080,0.17
Jan 2024,SOM,18706931,current,2024-01-01,2024-03-31,4,802030,0.04
Jan 2024,SOM,18706931,current,2024-01-01,2024-03-31,5,0,0
Jan 2024,SOM,18706931,first projection,2024-04-01,2024-06-30,all,18706931,1.0
Jan 2024,SOM,18706931,first projection,2024-04-01,2024-06-30,3+,3410240,0.18
Jan 2024,SOM,18706931,first projection,2024-04-01,2024-06-30,1,9291210,0.5
Jan 2024,SOM,18706931,first projection,2024-04-01,2024-06-30,2,6005450,0.32
Jan 2024,SOM,18706931,first projection,2024-04-01,2024-06-30,3,2695880,0.14
Jan 2024,SOM,18706931,first projection,2024-04-01,2024-06-30,4,714360,0.04
Jan 2024,SOM,18706931,first projection,2024-04-01,2024-06-30,5,0,0
Aug 2023,SOM,16955266,current,2023-08-01,2023-09-30,all,16955266,1.0
Aug 2023,SOM,16955266,current,2023-08-01,2023-09-30,3+,3733010,0.22
Aug 2023,SOM,16955266,current,2023-08-01,2023-09-30,1,7619546,0.45
Aug 2023,SOM,16955266,current,2023-08-01,2023-09-30,2,5602710,0.33
Aug 2023,SOM,16955266,current,2023-08-01,2023-09-30,3,2813980,0.17
Aug 2023,SOM,16955266,current,2023-08-01,2023-09-30,4,919030,0.05
Aug 2023,SOM,16955266,current,2023-08-01,2023-09-30,5,0,0
Aug 2023,SOM,16955266,first projection,2023-10-01,2023-12-31,all,16955266,1.0
Aug 2023,SOM,16955266,first projection,2023-10-01,2023-12-31,3+,4294870,0.25
Aug 2023,SOM,16955266,first projection,2023-10-01,2023-12-31,1,6762826,0.4
Aug 2023,SOM,16955266,first projection,2023-10-01,2023-12-31,2,5897570,0.35
Aug 2023,SOM,16955266,first projection,2023-10-01,2023-12-31,3,3280770,0.19
Aug 2023,SOM,16955266,first projection,2023-10-01,2023-12-31,4,1014100,0.06
Aug 2023,SOM,16955266,first projection,2023-10-01,2023-12-31,5,0,0
Apr 2023,SOM,16955266,current,2023-03-01,2023-03-31,all,16955266,1.0
Apr 2023,SOM,16955266,current,2023-03-01,2023-03-31,3+,5027420,0.3
Apr 2023,SOM,16955266,current,2023-03-01,2023-03-31,1,8784221,0.52
Apr 2023,SOM,16955266,current,2023-03-01,2023-03-31,2,3143771,0.19
Apr 2023,SOM,16955266,current,2023-03-01,2023-03-31,3,3702110,0.22
Apr 2023,SOM,16955266,current,2023-03-01,2023-03-31,4,1320340,0.08
Apr 2023,SOM,16955266,current,2023-03-01,2023-03-31,5,4970,0
Apr 2023,SOM,16955266,first projection,2023-04-01,2023-06-30,all,16955266,1.0
Apr 2023,SOM,16955266,first projection,2023-04-01,2023-06-30,3+,6583230,0.39
Apr 2023,SOM,16955266,first projection,2023-04-01,2023-06-30,1,7101650,0.42
Apr 2023,SOM,16955266,first projection,2023-04-01,2023-06-30,2,3270434,0.19
Apr 2023,SOM,16955266,first projection,2023-04-01,2023-06-30,3,4688500,0.28
Apr 2023,SOM,16955266,first projection,2023-04-01,2023-06-30,4,1854380,0.11
Apr 2023,SOM,16955266,first projection,2023-04-01,2023-06-30,5,40350,0
Feb 2023,SOM,16955266,current,2023-01-01,2023-03-31,all,16955266,1.0
Feb 2023,SOM,16955266,current,2023-01-01,2023-03-31,3+,4984940,0.3
Feb 2023,SOM,16955266,current,2023-01-01,2023-03-31,1,8835532,0.52
Feb 2023,SOM,16955266,current,2023-01-01,2023-03-31,2,3134929,0.18
Feb 2023,SOM,16955266,current,2023-01-01,2023-03-31,3,3528750,0.21
Feb 2023,SOM,16955266,current,2023-01-01,2023-03-31,4,1360030,0.08
Feb 2023,SOM,16955266,current,2023-01-01,2023-03-31,5,96150,0.01
Feb 2023,SOM,16955266,first projection,2023-04-01,2023-06-30,all,16955266,1.0
Feb 2023,SOM,16955266,first projection,2023-04-01,2023-06-30,3+,6508430,0.38
Feb 2023,SOM,16955266,first projection,2023-04-01,2023-06-30,1,7072443,0.42
Feb 2023,SOM,16955266,first projection,2023-04-01,2023-06-30,2,3374458,0.2
Feb 2023,SOM,16955266,first projection,2023-04-01,2023-06-30,3,4425580,0.26
Feb 2023,SOM,16955266,first projection,2023-04-01,2023-06-30,4,1860140,0.11
Feb 2023,SOM,16955266,first projection,2023-04-01,2023-06-30,5,222710,0.01
Nov 2022,SOM,16955258,current,2022-10-01,2022-12-31,all,16955256,1.0
Nov 2022,SOM,16955258,current,2022-10-01,2022-12-31,3+,5594290,0.33
Nov 2022,SOM,16955258,current,2022-10-01,2022-12-31,1,8294260,0.49
Nov 2022,SOM,16955258,current,2022-10-01,2022-12-31,2,3066770,0.18
Nov 2022,SOM,16955258,current,2022-10-01,2022-12-31,3,3856730,0.23
Nov 2022,SOM,16955258,current,2022-10-01,2022-12-31,4,1523510,0.09
Nov 2022,SOM,16955258,current,2022-10-01,2022-12-31,5,214050,0.01
Nov 2022,SOM,16955258,first projection,2023-01-01,2023-03-31,all,16955256,1.0
Nov 2022,SOM,16955258,first projection,2023-01-01,2023-03-31,3+,6361680,0.37
Nov 2022,SOM,16955258,first projection,2023-01-01,2023-03-31,1,7563870,0.45
Nov 2022,SOM,16955258,first projection,2023-01-01,2023-03-31,2,3036040,0.18
Nov 2022,SOM,16955258,first projection,2023-01-01,2023-03-31,3,4102930,0.24
Nov 2022,SOM,16955258,first projection,2023-01-01,2023-03-31,4,1936740,0.11
Nov 2022,SOM,16955258,first projection,2023-01-01,2023-03-31,5,322010,0.02
Nov 2022,SOM,16955258,second projection,2023-04-01,2023-06-30,all,16955256,1.0
Nov 2022,SOM,16955258,second projection,2023-04-01,2023-06-30,3+,8277670,0.48
Nov 2022,SOM,16955258,second projection,2023-04-01,2023-06-30,1,5324050,0.31
Nov 2022,SOM,16955258,second projection,2023-04-01,2023-06-30,2,3353420,0.2
Nov 2022,SOM,16955258,second projection,2023-04-01,2023-06-30,3,4818200,0.28
Nov 2022,SOM,16955258,second projection,2023-04-01,2023-06-30,4,2732370,0.16
Nov 2022,SOM,16955258,second projection,2023-04-01,2023-06-30,5,727100,0.04
Aug 2022,SOM,16384726,current,2022-07-01,2022-09-30,all,16384726,1.0
Aug 2022,SOM,16384726,current,2022-07-01,2022-09-30,3+,4272750,0.26
Aug 2022,SOM,16384726,current,2022-07-01,2022-09-30,1,9218786,0.56
Aug 2022,SOM,16384726,current,2022-07-01,2022-09-30,2,2893190,0.18
Aug 2022,SOM,16384726,current,2022-07-01,2022-09-30,3,3004020,0.18
Aug 2022,SOM,16384726,current,2022-07-01,2022-09-30,4,1147690,0.07
Aug 2022,SOM,16384726,current,2022-07-01,2022-09-30,5,121040,0.01
Aug 2022,SOM,16384726,first projection,2022-10-01,2022-12-31,all,16384726,1.0
Aug 2022,SOM,16384726,first projection,2022-10-01,2022-12-31,3+,6680770,0.41
Aug 2022,SOM,16384726,first projection,2022-10-01,2022-12-31,1,6568556,0.4
Aug 2022,SOM,16384726,first projection,2022-10-01,2022-12-31,2,3135400,0.19
Aug 2022,SOM,16384726,first projection,2022-10-01,2022-12-31,3,4200310,0.26
Aug 2022,SOM,16384726,first projection,2022-10-01,2022-12-31,4,2179900,0.13
Aug 2022,SOM,16384726,first projection,2022-10-01,2022-12-31,5,300560,0.02
May 2022,SOM,15737178,current,2022-05-01,2022-05-31,all,15737178,1.0
May 2022,SOM,15737178,current,2022-05-01,2022-05-31,3+,5241620,0.33
May 2022,SOM,15737178,current,2022-05-01,2022-05-31,1,6509258,0.42
May 2022,SOM,15737178,current,2022-05-01,2022-05-31,2,3986300,0.25
May 2022,SOM,15737178,current,2022-05-01,2022-05-31,3,3954060,0.25
May 2022,SOM,15737178,current,2022-05-01,2022-05-31,4,1249360,0.08
May 2022,SOM,15737178,current,2022-05-01,2022-05-31,5,38200,0
May 2022,SOM,15737178,first projection,2022-06-01,2022-09-30,all,15737178,1.0
May 2022,SOM,15737178,first projection,2022-06-01,2022-09-30,3+,7071270,0.45
May 2022,SOM,15737178,first projection,2022-06-01,2022-09-30,1,4605708,0.29
May 2022,SOM,15737178,first projection,2022-06-01,2022-09-30,2,4060200,0.26
May 2022,SOM,15737178,first projection,2022-06-01,2022-09-30,3,4730510,0.3
May 2022,SOM,15737178,first projection,2022-06-01,2022-09-30,4,2127580,0.14
May 2022,SOM,15737178,first projection,2022-06-01,2022-09-30,5,213180,0.01
Mar 2022,SOM,15737178,first projection,2022-03-01,2022-03-31,all,15737178,1.0
Mar 2022,SOM,15737178,first projection,2022-03-01,2022-03-31,3+,4845970,0.31
Mar 2022,SOM,15737178,first projection,2022-03-01,2022-03-31,1,7051518,0.45
Mar 2022,SOM,15737178,first projection,2022-03-01,2022-03-31,2,3839690,0.24
Mar 2022,SOM,15737178,first projection,2022-03-01,2022-03-31,3,3645730,0.23
Mar 2022,SOM,15737178,first projection,2022-03-01,2022-03-31,4,1200240,0.08
Mar 2022,SOM,15737178,first projection,2022-03-01,2022-03-31,5,0,0
Mar 2022,SOM,15737178,second projection,2022-04-01,2022-06-30,all,15737178,1.0
Mar 2022,SOM,15737178,second projection,2022-04-01,2022-06-30,3+,6041580,0.38
Mar 2022,SOM,15737178,second projection,2022-04-01,2022-06-30,1,5799158,0.37
Mar 2022,SOM,15737178,second projection,2022-04-01,2022-06-30,2,3896440,0.25
Mar 2022,SOM,15737178,second projection,2022-04-01,2022-06-30,3,4220310,0.27
Mar 2022,SOM,15737178,second projection,2022-04-01,2022-06-30,4,1740170,0.11
Mar 2022,SOM,15737178,second projection,2022-04-01,2022-06-30,5,81100,0
Jan 2022,SOM,15737178,current,2022-01-01,2022-01-31,all,15737178,1.0
Jan 2022,SOM,15737178,current,2022-01-01,2022-01-31,3+,2436700,0.16
Jan 2022,SOM,15737178,current,2022-01-01,2022-01-31,1,9859298,0.62
Jan 2022,SOM,15737178,current,2022-01-01,2022-01-31,2,3441180,0.22
Jan 2022,SOM,15737178,current,2022-01-01,2022-01-31,3,2025720,0.13
Jan 2022,SOM,15737178,current,2022-01-01,2022-01-31,4,410980,0.03
Jan 2022,SOM,15737178,current,2022-01-01,2022-01-31,5,0,0
Jan 2022,SOM,15737178,first projection,2022-02-01,2022-03-31,all,15737178,1.0
Jan 2022,SOM,15737178,first projection,2022-02-01,2022-03-31,3+,4152150,0.26
Jan 2022,SOM,15737178,first projection,2022-02-01,2022-03-31,1,8019168,0.51
Jan 2022,SOM,15737178,first projection,2022-02-01,2022-03-31,2,3565860,0.23
Jan 2022,SOM,15737178,first projection,2022-02-01,2022-03-31,3,3468150,0.22
Jan 2022,SOM,15737178,first projection,2022-02-01,2022-03-31,4,684000,0.04
Jan 2022,SOM,15737178,first projection,2022-02-01,2022-03-31,5,0,0
Jan 2022,SOM,15737178,second projection,2022-04-01,2022-06-30,all,15737178,1.0
Jan 2022,SOM,15737178,second projection,2022-04-01,2022-06-30,3+,4143620,0.26
Jan 2022,SOM,15737178,second projection,2022-04-01,2022-06-30,1,7879938,0.5
Jan 2022,SOM,15737178,second projection,2022-04-01,2022-06-30,2,3713620,0.24
Jan 2022,SOM,15737178,second projection,2022-04-01,2022-06-30,3,3558080,0.22
Jan 2022,SOM,15737178,second projection,2022-04-01,2022-06-30,4,585540,0.04
Jan 2022,SOM,15737178,second projection,2022-04-01,2022-06-30,5,0,0
Aug 2021,SOM,15737176,current,2021-07-01,2021-09-30,all,15737176,1.0
Aug 2021,SOM,15737176,current,2021-07-01,2021-09-30,3+,2210620,0.14
Aug 2021,SOM,15737176,current,2021-07-01,2021-09-30,1,10143856,0.64
Aug 2021,SOM,15737176,current,2021-07-01,2021-09-30,2,3382700,0.21
Aug 2021,SOM,15737176,current,2021-07-01,2021-09-30,3,1901750,0.12
Aug 2021,SOM,15737176,current,2021-07-01,2021-09-30,4,308870,0.02
Aug 2021,SOM,15737176,current,2021-07-01,2021-09-30,5,0,0
Aug 2021,SOM,15737176,first projection,2021-10-01,2021-12-31,all,15737176,1.0
Aug 2021,SOM,15737176,first projection,2021-10-01,2021-12-31,3+,3465690,0.22
Aug 2021,SOM,15737176,first projection,2021-10-01,2021-12-31,1,8558586,0.54
Aug 2021,SOM,15737176,first projection,2021-10-01,2021-12-31,2,3712900,0.24
Aug 2021,SOM,15737176,first projection,2021-10-01,2021-12-31,3,2824960,0.18
Aug 2021,SOM,15737176,first projection,2021-10-01,2021-12-31,4,640730,0.04
Aug 2021,SOM,15737176,first projection,2021-10-01,2021-12-31,5,0,0
Jan 2021,SOM,12327530,current,2021-01-01,2021-03-31,all,12327530,1.0
Jan 2021,SOM,12327530,current,2021-01-01,2021-03-31,3+,1600800,0.13
Jan 2021,SOM,12327530,current,2021-01-01,2021-03-31,1,8229530,0.67
Jan 2021,SOM,12327530,current,2021-01-01,2021-03-31,2,2497200,0.2
Jan 2021,SOM,12327530,current,2021-01-01,2021-03-31,3,1451000,0.12
Jan 2021,SOM,12327530,current,2021-01-01,2021-03-31,4,149800,0.01
Jan 2021,SOM,12327530,current,2021-01-01,2021-03-31,5,0,0
Jan 2021,SOM,12327530,first projection,2021-04-01,2021-06-30,all,12327530,1.0
Jan 2021,SOM,12327530,first projection,2021-04-01,2021-06-30,3+,2652000,0.22
Jan 2021,SOM,12327530,first projection,2021-04-01,2021-06-30,1,6749630,0.55
Jan 2021,SOM,12327530,first projection,2021-04-01,2021-06-30,2,2925900,0.24
Jan 2021,SOM,12327530,first projection,2021-04-01,2021-06-30,3,2251900,0.18
Jan 2021,SOM,12327530,first projection,2021-04-01,2021-06-30,4,400100,0.03
Jan 2021,SOM,12327530,first projection,2021-04-01,2021-06-30,5,0,0
Mar 2026,SSD,14203031,second projection,2026-04-01,2026-07-31,all,14203031,1.0
Mar 2026,SSD,14203031,second projection,2026-04-01,2026-07-31,3+,7834758,0.55
Mar 2026,SSD,14203031,second projection,2026-04-01,2026-07-31,1,2334317,0.16
Mar 2026,SSD,14203031,second projection,2026-04-01,2026-07-31,2,4033973,0.28
Mar 2026,SSD,14203031,second projection,2026-04-01,2026-07-31,3,5276159,0.37
Mar 2026,SSD,14203031,second projection,2026-04-01,2026-07-31,4,2485293,0.17
Mar 2026,SSD,14203031,second projection,2026-04-01,2026-07-31,5,73306,0.01
Sep 2025,SSD,14203031,current,2025-09-01,2025-11-30,all,14203031,1.0
Sep 2025,SSD,14203031,current,2025-09-01,2025-11-30,3+,5972144,0.42
Sep 2025,SSD,14203031,current,2025-09-01,2025-11-30,1,3317998,0.23
Sep 2025,SSD,14203031,current,2025-09-01,2025-11-30,2,4912889,0.35
Sep 2025,SSD,14203031,current,2025-09-01,2025-11-30,3,4649202,0.33
Sep 2025,SSD,14203031,current,2025-09-01,2025-11-30,4,1295086,0.09
Sep 2025,SSD,14203031,current,2025-09-01,2025-11-30,5,27856,0
Sep 2025,SSD,14203031,first projection,2025-12-01,2026-03-31,all,14203031,1.0
Sep 2025,SSD,14203031,first projection,2025-12-01,2026-03-31,3+,5856646,0.41
Sep 2025,SSD,14203031,first projection,2025-12-01,2026-03-31,1,3488643,0.25
Sep 2025,SSD,14203031,first projection,2025-12-01,2026-03-31,2,4857741,0.34
Sep 2025,SSD,14203031,first projection,2025-12-01,2026-03-31,3,4381292,0.31
Sep 2025,SSD,14203031,first projection,2025-12-01,2026-03-31,4,1447499,0.1
Sep 2025,SSD,14203031,first projection,2025-12-01,2026-03-31,5,27856,0
Sep 2025,SSD,14203031,second projection,2026-04-01,2026-07-31,all,14203031,1.0
Sep 2025,SSD,14203031,second projection,2026-04-01,2026-07-31,3+,7554763,0.53
Sep 2025,SSD,14203031,second projection,2026-04-01,2026-07-31,1,2412105,0.17
Sep 2025,SSD,14203031,second projection,2026-04-01,2026-07-31,2,4236163,0.3
Sep 2025,SSD,14203031,second projection,2026-04-01,2026-07-31,3,5229732,0.37
Sep 2025,SSD,14203031,second projection,2026-04-01,2026-07-31,4,2297175,0.16
Sep 2025,SSD,14203031,second projection,2026-04-01,2026-07-31,5,27856,0
Apr 2025,SSD,13596551,second projection,2025-04-01,2025-07-31,all,13596551,1.0
Apr 2025,SSD,13596551,second projection,2025-04-01,2025-07-31,3+,7731603,0.57
Apr 2025,SSD,13596551,second projection,2025-04-01,2025-07-31,1,1937072,0.14
Apr 2025,SSD,13596551,second projection,2025-04-01,2025-07-31,2,3927876,0.29
Apr 2025,SSD,13596551,second projection,2025-04-01,2025-07-31,3,5221768,0.38
Apr 2025,SSD,13596551,second projection,2025-04-01,2025-07-31,4,2426372,0.18
Apr 2025,SSD,13596551,second projection,2025-04-01,2025-07-31,5,83463,0.01
Sep 2024,SSD,13576215,current,2024-09-01,2024-11-30,all,13442258,1.0
Sep 2024,SSD,13576215,current,2024-09-01,2024-11-30,3+,6312000,0.47
Sep 2024,SSD,13576215,current,2024-09-01,2024-11-30,1,2635000,0.2
Sep 2024,SSD,13576215,current,2024-09-01,2024-11-30,2,4510000,0.34
Sep 2024,SSD,13576215,current,2024-09-01,2024-11-30,3,4564000,0.34
Sep 2024,SSD,13576215,current,2024-09-01,2024-11-30,4,1707000,0.13
Sep 2024,SSD,13576215,current,2024-09-01,2024-11-30,5,41000,0
Sep 2024,SSD,13576215,first projection,2024-12-01,2025-03-31,all,13442258,1.0
Sep 2024,SSD,13576215,first projection,2024-12-01,2025-03-31,3+,6079000,0.45
Sep 2024,SSD,13576215,first projection,2024-12-01,2025-03-31,1,2792000,0.21
Sep 2024,SSD,13576215,first projection,2024-12-01,2025-03-31,2,4576000,0.34
Sep 2024,SSD,13576215,first projection,2024-12-01,2025-03-31,3,4334000,0.32
Sep 2024,SSD,13576215,first projection,2024-12-01,2025-03-31,4,1714000,0.13
Sep 2024,SSD,13576215,first projection,2024-12-01,2025-03-31,5,31000,0
Sep 2024,SSD,13576215,second projection,2025-04-01,2025-07-31,all,13442258,1.0
Sep 2024,SSD,13576215,second projection,2025-04-01,2025-07-31,3+,7692000,0.57
Sep 2024,SSD,13576215,second projection,2025-04-01,2025-07-31,1,1926000,0.14
Sep 2024,SSD,13576215,second projection,2025-04-01,2025-07-31,2,3830000,0.28
Sep 2024,SSD,13576215,second projection,2025-04-01,2025-07-31,3,5098000,0.38
Sep 2024,SSD,13576215,second projection,2025-04-01,2025-07-31,4,2531000,0.19
Sep 2024,SSD,13576215,second projection,2025-04-01,2025-07-31,5,63000,0
Sep 2023,SSD,12613120,current,2023-09-01,2023-11-30,all,12613120,1.0
Sep 2023,SSD,12613120,current,2023-09-01,2023-11-30,3+,5828000,0.46
Sep 2023,SSD,12613120,current,2023-09-01,2023-11-30,1,2644000,0.21
Sep 2023,SSD,12613120,current,2023-09-01,2023-11-30,2,4141000,0.33
Sep 2023,SSD,12613120,current,2023-09-01,2023-11-30,3,4150000,0.33
Sep 2023,SSD,12613120,current,2023-09-01,2023-11-30,4,1643000,0.13
Sep 2023,SSD,12613120,current,2023-09-01,2023-11-30,5,35000,0
Sep 2023,SSD,12613120,first projection,2023-12-01,2024-03-31,all,12613120,1.0
Sep 2023,SSD,12613120,first projection,2023-12-01,2024-03-31,3+,5778000,0.46
Sep 2023,SSD,12613120,first projection,2023-12-01,2024-03-31,1,2747000,0.22
Sep 2023,SSD,12613120,first projection,2023-12-01,2024-03-31,2,4087000,0.32
Sep 2023,SSD,12613120,first projection,2023-12-01,2024-03-31,3,4040000,0.32
Sep 2023,SSD,12613120,first projection,2023-12-01,2024-03-31,4,1713000,0.14
Sep 2023,SSD,12613120,first projection,2023-12-01,2024-03-31,5,25000,0
Sep 2023,SSD,12613120,second projection,2024-04-01,2024-07-31,all,12613120,1.0
Sep 2023,SSD,12613120,second projection,2024-04-01,2024-07-31,3+,7099000,0.56
Sep 2023,SSD,12613120,second projection,2024-04-01,2024-07-31,1,2015000,0.16
Sep 2023,SSD,12613120,second projection,2024-04-01,2024-07-31,2,3501000,0.28
Sep 2023,SSD,12613120,second projection,2024-04-01,2024-07-31,3,4684000,0.37
Sep 2023,SSD,12613120,second projection,2024-04-01,2024-07-31,4,2336000,0.19
Sep 2023,SSD,12613120,second projection,2024-04-01,2024-07-31,5,79000,0
Oct 2022,SSD,12400000,current,2022-10-01,2022-11-30,all,12374205,1.0
Oct 2022,SSD,12400000,current,2022-10-01,2022-11-30,3+,6635000,0.54
Oct 2022,SSD,12400000,current,2022-10-01,2022-11-30,1,2012000,0.16
Oct 2022,SSD,12400000,current,2022-10-01,2022-11-30,2,3731000,0.3
Oct 2022,SSD,12400000,current,2022-10-01,2022-11-30,3,4357000,0.35
Oct 2022,SSD,12400000,current,2022-10-01,2022-11-30,4,2217000,0.18
Oct 2022,SSD,12400000,current,2022-10-01,2022-11-30,5,61000,0
Oct 2022,SSD,12400000,first projection,2022-12-01,2023-03-31,all,12374205,1.0
Oct 2022,SSD,12400000,first projection,2022-12-01,2023-03-31,3+,6310000,0.51
Oct 2022,SSD,12400000,first projection,2022-12-01,2023-03-31,1,2223000,0.18
Oct 2022,SSD,12400000,first projection,2022-12-01,2023-03-31,2,3840000,0.31
Oct 2022,SSD,12400000,first projection,2022-12-01,2023-03-31,3,4311000,0.35
Oct 2022,SSD,12400000,first projection,2022-12-01,2023-03-31,4,1966000,0.16
Oct 2022,SSD,12400000,first projection,2022-12-01,2023-03-31,5,33000,0
Oct 2022,SSD,12400000,second projection,2023-04-01,2023-07-31,all,12374205,1.0
Oct 2022,SSD,12400000,second projection,2023-04-01,2023-07-31,3+,7764000,0.63
Oct 2022,SSD,12400000,second projection,2023-04-01,2023-07-31,1,1530000,0.12
Oct 2022,SSD,12400000,second projection,2023-04-01,2023-07-31,2,3080000,0.25
Oct 2022,SSD,12400000,second projection,2023-04-01,2023-07-31,3,4822000,0.39
Oct 2022,SSD,12400000,second projection,2023-04-01,2023-07-31,4,2899000,0.23
Oct 2022,SSD,12400000,second projection,2023-04-01,2023-07-31,5,43000,0
Mar 2022,SSD,12400000,current,2022-02-01,2022-03-31,all,12348961,1.0
Mar 2022,SSD,12400000,current,2022-02-01,2022-03-31,3+,6831000,0.55
Mar 2022,SSD,12400000,current,2022-02-01,2022-03-31,1,2146000,0.17
Mar 2022,SSD,12400000,current,2022-02-01,2022-03-31,2,3371000,0.27
Mar 2022,SSD,12400000,current,2022-02-01,2022-03-31,3,4401000,0.36
Mar 2022,SSD,12400000,current,2022-02-01,2022-03-31,4,2375000,0.19
Mar 2022,SSD,12400000,current,2022-02-01,2022-03-31,5,55000,0
Mar 2022,SSD,12400000,first projection,2022-04-01,2022-07-31,all,12348961,1.0
Mar 2022,SSD,12400000,first projection,2022-04-01,2022-07-31,3+,7744000,0.63
Mar 2022,SSD,12400000,first projection,2022-04-01,2022-07-31,1,1700000,0.14
Mar 2022,SSD,12400000,first projection,2022-04-01,2022-07-31,2,2901000,0.24
Mar 2022,SSD,12400000,first projection,2022-04-01,2022-07-31,3,4765000,0.39
Mar 2022,SSD,12400000,first projection,2022-04-01,2022-07-31,4,2892000,0.23
Mar 2022,SSD,12400000,first projection,2022-04-01,2022-07-31,5,87000,0.01
Jun 2026,SWZ,1270366,current,2026-06-01,2026-09-30,all,1236356,1.0
Jun 2026,SWZ,1270366,current,2026-06-01,2026-09-30,3+,222251,0.18
Jun 2026,SWZ,1270366,current,2026-06-01,2026-09-30,1,558754,0.45
Jun 2026,SWZ,1270366,current,2026-06-01,2026-09-30,2,455353,0.37
Jun 2026,SWZ,1270366,current,2026-06-01,2026-09-30,3,222251,0.18
Jun 2026,SWZ,1270366,current,2026-06-01,2026-09-30,4,0,0
Jun 2026,SWZ,1270366,current,2026-06-01,2026-09-30,5,0,0
Jun 2026,SWZ,1270366,first projection,2026-10-01,2027-03-31,all,1235625,1.0
Jun 2026,SWZ,1270366,first projection,2026-10-01,2027-03-31,3+,286346,0.23
Jun 2026,SWZ,1270366,first projection,2026-10-01,2027-03-31,1,491898,0.4
Jun 2026,SWZ,1270366,first projection,2026-10-01,2027-03-31,2,457383,0.37
Jun 2026,SWZ,1270366,first projection,2026-10-01,2027-03-31,3,264221,0.21
Jun 2026,SWZ,1270366,first projection,2026-10-01,2027-03-31,4,22125,0.02
Jun 2026,SWZ,1270366,first projection,2026-10-01,2027-03-31,5,0,0
Jun 2025,SWZ,1220127,current,2025-06-01,2025-09-30,all,1220127,1.0
Jun 2025,SWZ,1220127,current,2025-06-01,2025-09-30,3+,193178,0.16
Jun 2025,SWZ,1220127,current,2025-06-01,2025-09-30,1,526528,0.43
Jun 2025,SWZ,1220127,current,2025-06-01,2025-09-30,2,500422,0.41
Jun 2025,SWZ,1220127,current,2025-06-01,2025-09-30,3,193178,0.16
Jun 2025,SWZ,1220127,current,2025-06-01,2025-09-30,4,0,0
Jun 2025,SWZ,1220127,current,2025-06-01,2025-09-30,5,0,0
Jun 2025,SWZ,1220127,first projection,2025-10-01,2026-03-31,all,1220127,1.0
Jun 2025,SWZ,1220127,first projection,2025-10-01,2026-03-31,3+,258793,0.21
Jun 2025,SWZ,1220127,first projection,2025-10-01,2026-03-31,1,460915,0.38
Jun 2025,SWZ,1220127,first projection,2025-10-01,2026-03-31,2,500422,0.41
Jun 2025,SWZ,1220127,first projection,2025-10-01,2026-03-31,3,244359,0.2
Jun 2025,SWZ,1220127,first projection,2025-10-01,2026-03-31,4,14434,0.01
Jun 2025,SWZ,1220127,first projection,2025-10-01,2026-03-31,5,0,0
Jun 2024,SWZ,1198537,current,2024-06-01,2024-09-30,all,1204835,1.0
Jun 2024,SWZ,1198537,current,2024-06-01,2024-09-30,3+,243483,0.2
Jun 2024,SWZ,1198537,current,2024-06-01,2024-09-30,1,498581,0.41
Jun 2024,SWZ,1198537,current,2024-06-01,2024-09-30,2,462771,0.38
Jun 2024,SWZ,1198537,current,2024-06-01,2024-09-30,3,243483,0.2
Jun 2024,SWZ,1198537,current,2024-06-01,2024-09-30,4,0,0
Jun 2024,SWZ,1198537,current,2024-06-01,2024-09-30,5,0,0
Jun 2024,SWZ,1198537,first projection,2024-10-01,2025-03-31,all,1204835,1.0
Jun 2024,SWZ,1198537,first projection,2024-10-01,2025-03-31,3+,303725,0.25
Jun 2024,SWZ,1198537,first projection,2024-10-01,2025-03-31,1,440667,0.37
Jun 2024,SWZ,1198537,first projection,2024-10-01,2025-03-31,2,460443,0.38
Jun 2024,SWZ,1198537,first projection,2024-10-01,2025-03-31,3,269564,0.22
Jun 2024,SWZ,1198537,first projection,2024-10-01,2025-03-31,4,34161,0.03
Jun 2024,SWZ,1198537,first projection,2024-10-01,2025-03-31,5,0,0
Jun 2023,SWZ,1188391,current,2023-06-01,2023-09-30,all,1188391,1.0
Jun 2023,SWZ,1188391,current,2023-06-01,2023-09-30,3+,238493,0.2
Jun 2023,SWZ,1188391,current,2023-06-01,2023-09-30,1,528164,0.44
Jun 2023,SWZ,1188391,current,2023-06-01,2023-09-30,2,421734,0.35
Jun 2023,SWZ,1188391,current,2023-06-01,2023-09-30,3,238493,0.2
Jun 2023,SWZ,1188391,current,2023-06-01,2023-09-30,4,0,0
Jun 2023,SWZ,1188391,current,2023-06-01,2023-09-30,5,0,0
Jun 2023,SWZ,1188391,first projection,2023-10-01,2024-03-31,all,1188391,1.0
Jun 2023,SWZ,1188391,first projection,2023-10-01,2024-03-31,3+,282836,0.24
Jun 2023,SWZ,1188391,first projection,2023-10-01,2024-03-31,1,474639,0.4
Jun 2023,SWZ,1188391,first projection,2023-10-01,2024-03-31,2,430916,0.36
Jun 2023,SWZ,1188391,first projection,2023-10-01,2024-03-31,3,268207,0.23
Jun 2023,SWZ,1188391,first projection,2023-10-01,2024-03-31,4,14629,0.01
Jun 2023,SWZ,1188391,first projection,2023-10-01,2024-03-31,5,0,0
Jun 2022,SWZ,1184851,current,2022-06-01,2022-09-30,all,1174517,1.0
Jun 2022,SWZ,1184851,current,2022-06-01,2022-09-30,3+,182554,0.16
Jun 2022,SWZ,1184851,current,2022-06-01,2022-09-30,1,560013,0.48
Jun 2022,SWZ,1184851,current,2022-06-01,2022-09-30,2,431950,0.37
Jun 2022,SWZ,1184851,current,2022-06-01,2022-09-30,3,169011,0.14
Jun 2022,SWZ,1184851,current,2022-06-01,2022-09-30,4,13543,0.01
Jun 2022,SWZ,1184851,current,2022-06-01,2022-09-30,5,0,0
Jun 2022,SWZ,1184851,first projection,2022-10-01,2023-03-31,all,1174517,1.0
Jun 2022,SWZ,1184851,first projection,2022-10-01,2023-03-31,3+,258801,0.22
Jun 2022,SWZ,1184851,first projection,2022-10-01,2023-03-31,1,477240,0.41
Jun 2022,SWZ,1184851,first projection,2022-10-01,2023-03-31,2,438476,0.37
Jun 2022,SWZ,1184851,first projection,2022-10-01,2023-03-31,3,221770,0.19
Jun 2022,SWZ,1184851,first projection,2022-10-01,2023-03-31,4,37031,0.03
Jun 2022,SWZ,1184851,first projection,2022-10-01,2023-03-31,5,0,0
Nov 2021,SWZ,1174517,first projection,2021-12-01,2022-03-31,all,1171233,1.0
Nov 2021,SWZ,1174517,first projection,2021-12-01,2022-03-31,3+,335804,0.29
Nov 2021,SWZ,1174517,first projection,2021-12-01,2022-03-31,1,459813,0.39
Nov 2021,SWZ,1174517,first projection,2021-12-01,2022-03-31,2,375616,0.32
Nov 2021,SWZ,1174517,first projection,2021-12-01,2022-03-31,3,286260,0.24
Nov 2021,SWZ,1174517,first projection,2021-12-01,2022-03-31,4,49544,0.04
Nov 2021,SWZ,1174517,first projection,2021-12-01,2022-03-31,5,0,0
Aug 2021,SWZ,1174517,current,2021-07-01,2021-09-30,all,1174517,1.0
Aug 2021,SWZ,1174517,current,2021-07-01,2021-09-30,3+,261839,0.22
Aug 2021,SWZ,1174517,current,2021-07-01,2021-09-30,1,570374,0.49
Aug 2021,SWZ,1174517,current,2021-07-01,2021-09-30,2,342305,0.29
Aug 2021,SWZ,1174517,current,2021-07-01,2021-09-30,3,240224,0.2
Aug 2021,SWZ,1174517,current,2021-07-01,2021-09-30,4,21615,0.02
Aug 2021,SWZ,1174517,current,2021-07-01,2021-09-30,5,0,0
Aug 2021,SWZ,1174517,first projection,2021-10-01,2022-03-31,all,1171233,1.0
Aug 2021,SWZ,1174517,first projection,2021-10-01,2022-03-31,3+,316365,0.27
Aug 2021,SWZ,1174517,first projection,2021-10-01,2022-03-31,1,495229,0.42
Aug 2021,SWZ,1174517,first projection,2021-10-01,2022-03-31,2,359639,0.31
Aug 2021,SWZ,1174517,first projection,2021-10-01,2022-03-31,3,266821,0.23
Aug 2021,SWZ,1174517,first projection,2021-10-01,2022-03-31,4,49544,0.04
Aug 2021,SWZ,1174517,first projection,2021-10-01,2022-03-31,5,0,0
Jan 2021,SWZ,1160362,current,2021-01-01,2021-03-31,all,1129155,1.0
Jan 2021,SWZ,1160362,current,2021-01-01,2021-03-31,3+,347422,0.3
Jan 2021,SWZ,1160362,current,2021-01-01,2021-03-31,1,348947,0.31
Jan 2021,SWZ,1160362,current,2021-01-01,2021-03-31,2,432786,0.38
Jan 2021,SWZ,1160362,current,2021-01-01,2021-03-31,3,287785,0.25
Jan 2021,SWZ,1160362,current,2021-01-01,2021-03-31,4,59637,0.05
Jan 2021,SWZ,1160362,current,2021-01-01,2021-03-31,5,0,0
Jan 2021,SWZ,1160362,first projection,2021-04-01,2021-09-30,all,1129155,1.0
Jan 2021,SWZ,1160362,first projection,2021-04-01,2021-09-30,3+,208724,0.18
Jan 2021,SWZ,1160362,first projection,2021-04-01,2021-09-30,1,448082,0.4
Jan 2021,SWZ,1160362,first projection,2021-04-01,2021-09-30,2,472349,0.42
Jan 2021,SWZ,1160362,first projection,2021-04-01,2021-09-30,3,158851,0.14
Jan 2021,SWZ,1160362,first projection,2021-04-01,2021-09-30,4,49874,0.04
Jan 2021,SWZ,1160362,first projection,2021-04-01,2021-09-30,5,0,0
Nov 2025,TCD,20031602,current,2025-10-01,2025-12-31,all,18070731,1.0
Nov 2025,TCD,20031602,current,2025-10-01,2025-12-31,3+,1927580,0.11
Nov 2025,TCD,20031602,current,2025-10-01,2025-12-31,1,12227264,0.68
Nov 2025,TCD,20031602,current,2025-10-01,2025-12-31,2,3915887,0.22
Nov 2025,TCD,20031602,current,2025-10-01,2025-12-31,3,1831960,0.1
Nov 2025,TCD,20031602,current,2025-10-01,2025-12-31,4,95621,0.01
Nov 2025,TCD,20031602,current,2025-10-01,2025-12-31,5,0,0
Nov 2025,TCD,20031602,first projection,2026-06-01,2026-08-31,all,18070731,1.0
Nov 2025,TCD,20031602,first projection,2026-06-01,2026-08-31,3+,2977452,0.16
Nov 2025,TCD,20031602,first projection,2026-06-01,2026-08-31,1,9865378,0.55
Nov 2025,TCD,20031602,first projection,2026-06-01,2026-08-31,2,5227901,0.29
Nov 2025,TCD,20031602,first projection,2026-06-01,2026-08-31,3,2713828,0.15
Nov 2025,TCD,20031602,first projection,2026-06-01,2026-08-31,4,263624,0.01
Nov 2025,TCD,20031602,first projection,2026-06-01,2026-08-31,5,0,0
Mar 2025,TCD,17673968,current,2025-03-01,2025-05-31,all,17673968,1.0
Mar 2025,TCD,17673968,current,2025-03-01,2025-05-31,3+,2337773,0.13
Mar 2025,TCD,17673968,current,2025-03-01,2025-05-31,1,11218359,0.63
Mar 2025,TCD,17673968,current,2025-03-01,2025-05-31,2,4117836,0.23
Mar 2025,TCD,17673968,current,2025-03-01,2025-05-31,3,2186341,0.12
Mar 2025,TCD,17673968,current,2025-03-01,2025-05-31,4,151432,0.01
Mar 2025,TCD,17673968,current,2025-03-01,2025-05-31,5,0,0
Mar 2025,TCD,17673968,first projection,2025-06-01,2025-08-31,all,17673968,1.0
Mar 2025,TCD,17673968,first projection,2025-06-01,2025-08-31,3+,3307709,0.19
Mar 2025,TCD,17673968,first projection,2025-06-01,2025-08-31,1,9270098,0.52
Mar 2025,TCD,17673968,first projection,2025-06-01,2025-08-31,2,5096161,0.29
Mar 2025,TCD,17673968,first projection,2025-06-01,2025-08-31,3,3018864,0.17
Mar 2025,TCD,17673968,first projection,2025-06-01,2025-08-31,4,288845,0.02
Mar 2025,TCD,17673968,first projection,2025-06-01,2025-08-31,5,0,0
Nov 2024,TCD,17673968,current,2024-10-01,2024-12-31,all,17673933,1.0
Nov 2024,TCD,17673968,current,2024-10-01,2024-12-31,3+,2419594,0.14
Nov 2024,TCD,17673968,current,2024-10-01,2024-12-31,1,10692105,0.6
Nov 2024,TCD,17673968,current,2024-10-01,2024-12-31,2,4562234,0.26
Nov 2024,TCD,17673968,current,2024-10-01,2024-12-31,3,2233772,0.13
Nov 2024,TCD,17673968,current,2024-10-01,2024-12-31,4,185822,0.01
Nov 2024,TCD,17673968,current,2024-10-01,2024-12-31,5,0,0
Nov 2024,TCD,17673968,first projection,2025-06-01,2025-08-31,all,17673933,1.0
Nov 2024,TCD,17673968,first projection,2025-06-01,2025-08-31,3+,3695176,0.21
Nov 2024,TCD,17673968,first projection,2025-06-01,2025-08-31,1,8206617,0.46
Nov 2024,TCD,17673968,first projection,2025-06-01,2025-08-31,2,5772140,0.33
Nov 2024,TCD,17673968,first projection,2025-06-01,2025-08-31,3,3283876,0.19
Nov 2024,TCD,17673968,first projection,2025-06-01,2025-08-31,4,411300,0.02
Nov 2024,TCD,17673968,first projection,2025-06-01,2025-08-31,5,0,0
Mar 2024,TCD,18675547,current,2024-03-01,2024-05-31,all,17141909,1.0
Mar 2024,TCD,18675547,current,2024-03-01,2024-05-31,3+,2401973,0.14
Mar 2024,TCD,18675547,current,2024-03-01,2024-05-31,1,10573060,0.62
Mar 2024,TCD,18675547,current,2024-03-01,2024-05-31,2,4166876,0.24
Mar 2024,TCD,18675547,current,2024-03-01,2024-05-31,3,2091476,0.12
Mar 2024,TCD,18675547,current,2024-03-01,2024-05-31,4,310497,0.02
Mar 2024,TCD,18675547,current,2024-03-01,2024-05-31,5,0,0
Mar 2024,TCD,18675547,first projection,2024-06-01,2024-08-31,all,17141909,1.0
Mar 2024,TCD,18675547,first projection,2024-06-01,2024-08-31,3+,3364452,0.2
Mar 2024,TCD,18675547,first projection,2024-06-01,2024-08-31,1,8731741,0.51
Mar 2024,TCD,18675547,first projection,2024-06-01,2024-08-31,2,5045716,0.29
Mar 2024,TCD,18675547,first projection,2024-06-01,2024-08-31,3,2830012,0.17
Mar 2024,TCD,18675547,first projection,2024-06-01,2024-08-31,4,534440,0.03
Mar 2024,TCD,18675547,first projection,2024-06-01,2024-08-31,5,0,0
Feb 2024,TCD,18675547,current,2024-03-01,2024-05-31,all,1235239,1.0
Feb 2024,TCD,18675547,current,2024-03-01,2024-05-31,3+,323126,0.26
Feb 2024,TCD,18675547,current,2024-03-01,2024-05-31,1,567616,0.46
Feb 2024,TCD,18675547,current,2024-03-01,2024-05-31,2,344496,0.28
Feb 2024,TCD,18675547,current,2024-03-01,2024-05-31,3,237452,0.19
Feb 2024,TCD,18675547,current,2024-03-01,2024-05-31,4,85674,0.07
Feb 2024,TCD,18675547,current,2024-03-01,2024-05-31,5,0,0
Feb 2024,TCD,18675547,first projection,2024-06-01,2024-08-31,all,1235239,1.0
Feb 2024,TCD,18675547,first projection,2024-06-01,2024-08-31,3+,419833,0.34
Feb 2024,TCD,18675547,first projection,2024-06-01,2024-08-31,1,422273,0.34
Feb 2024,TCD,18675547,first projection,2024-06-01,2024-08-31,2,393133,0.32
Feb 2024,TCD,18675547,first projection,2024-06-01,2024-08-31,3,297544,0.24
Feb 2024,TCD,18675547,first projection,2024-06-01,2024-08-31,4,122290,0.1
Feb 2024,TCD,18675547,first projection,2024-06-01,2024-08-31,5,0,0
Nov 2023,TCD,18033737,current,2023-10-01,2023-12-31,all,17141909,1.0
Nov 2023,TCD,18033737,current,2023-10-01,2023-12-31,3+,2058264,0.12
Nov 2023,TCD,18033737,current,2023-10-01,2023-12-31,1,10635937,0.62
Nov 2023,TCD,18033737,current,2023-10-01,2023-12-31,2,4447708,0.26
Nov 2023,TCD,18033737,current,2023-10-01,2023-12-31,3,1913078,0.11
Nov 2023,TCD,18033737,current,2023-10-01,2023-12-31,4,145186,0.01
Nov 2023,TCD,18033737,current,2023-10-01,2023-12-31,5,0,0
Nov 2023,TCD,18033737,first projection,2024-06-01,2024-08-31,all,17141909,1.0
Nov 2023,TCD,18033737,first projection,2024-06-01,2024-08-31,3+,2878500,0.17
Nov 2023,TCD,18033737,first projection,2024-06-01,2024-08-31,1,8939456,0.52
Nov 2023,TCD,18033737,first projection,2024-06-01,2024-08-31,2,5323952,0.31
Nov 2023,TCD,18033737,first projection,2024-06-01,2024-08-31,3,2614042,0.15
Nov 2023,TCD,18033737,first projection,2024-06-01,2024-08-31,4,264459,0.02
Nov 2023,TCD,18033737,first projection,2024-06-01,2024-08-31,5,0,0
Mar 2023,TCD,18033737,current,2023-03-01,2023-05-31,all,16232445,1.0
Mar 2023,TCD,18033737,current,2023-03-01,2023-05-31,3+,1039975,0.06
Mar 2023,TCD,18033737,current,2023-03-01,2023-05-31,1,12533894,0.77
Mar 2023,TCD,18033737,current,2023-03-01,2023-05-31,2,2658576,0.16
Mar 2023,TCD,18033737,current,2023-03-01,2023-05-31,3,1015373,0.06
Mar 2023,TCD,18033737,current,2023-03-01,2023-05-31,4,24602,0
Mar 2023,TCD,18033737,current,2023-03-01,2023-05-31,5,0,0
Mar 2023,TCD,18033737,first projection,2023-06-01,2023-08-31,all,16232445,1.0
Mar 2023,TCD,18033737,first projection,2023-06-01,2023-08-31,3+,2144518,0.13
Mar 2023,TCD,18033737,first projection,2023-06-01,2023-08-31,1,10414849,0.64
Mar 2023,TCD,18033737,first projection,2023-06-01,2023-08-31,2,3673078,0.23
Mar 2023,TCD,18033737,first projection,2023-06-01,2023-08-31,3,1919809,0.12
Mar 2023,TCD,18033737,first projection,2023-06-01,2023-08-31,4,224709,0.01
Mar 2023,TCD,18033737,first projection,2023-06-01,2023-08-31,5,0,0
Nov 2022,TCD,18033737,current,2022-10-01,2022-12-31,all,16232472,1.0
Nov 2022,TCD,18033737,current,2022-10-01,2022-12-31,3+,809237,0.05
Nov 2022,TCD,18033737,current,2022-10-01,2022-12-31,1,12941541,0.8
Nov 2022,TCD,18033737,current,2022-10-01,2022-12-31,2,2481694,0.15
Nov 2022,TCD,18033737,current,2022-10-01,2022-12-31,3,809237,0.05
Nov 2022,TCD,18033737,current,2022-10-01,2022-12-31,4,0,0
Nov 2022,TCD,18033737,current,2022-10-01,2022-12-31,5,0,0
Nov 2022,TCD,18033737,first projection,2023-06-01,2023-08-31,all,16232472,1.0
Nov 2022,TCD,18033737,first projection,2023-06-01,2023-08-31,3+,1512769,0.09
Nov 2022,TCD,18033737,first projection,2023-06-01,2023-08-31,1,10895416,0.67
Nov 2022,TCD,18033737,first projection,2023-06-01,2023-08-31,2,3824287,0.24
Nov 2022,TCD,18033737,first projection,2023-06-01,2023-08-31,3,1480287,0.09
Nov 2022,TCD,18033737,first projection,2023-06-01,2023-08-31,4,32483,0
Nov 2022,TCD,18033737,first projection,2023-06-01,2023-08-31,5,0,0
Mar 2022,TCD,17417717,current,2022-03-01,2022-05-31,all,15800188,1.0
Mar 2022,TCD,17417717,current,2022-03-01,2022-05-31,3+,1293813,0.08
Mar 2022,TCD,17417717,current,2022-03-01,2022-05-31,1,11466246,0.73
Mar 2022,TCD,17417717,current,2022-03-01,2022-05-31,2,3040129,0.19
Mar 2022,TCD,17417717,current,2022-03-01,2022-05-31,3,1257856,0.08
Mar 2022,TCD,17417717,current,2022-03-01,2022-05-31,4,35958,0
Mar 2022,TCD,17417717,current,2022-03-01,2022-05-31,5,0,0
Mar 2022,TCD,17417717,first projection,2022-06-01,2022-08-31,all,15800188,1.0
Mar 2022,TCD,17417717,first projection,2022-06-01,2022-08-31,3+,2098861,0.14
Mar 2022,TCD,17417717,first projection,2022-06-01,2022-08-31,1,9674973,0.61
Mar 2022,TCD,17417717,first projection,2022-06-01,2022-08-31,2,4026354,0.25
Mar 2022,TCD,17417717,first projection,2022-06-01,2022-08-31,3,1997572,0.13
Mar 2022,TCD,17417717,first projection,2022-06-01,2022-08-31,4,101289,0.01
Mar 2022,TCD,17417717,first projection,2022-06-01,2022-08-31,5,0,0
Nov 2021,TCD,17417717,current,2021-10-01,2021-12-31,all,15354662,1.0
Nov 2021,TCD,17417717,current,2021-10-01,2021-12-31,3+,963245,0.06
Nov 2021,TCD,17417717,current,2021-10-01,2021-12-31,1,11667622,0.76
Nov 2021,TCD,17417717,current,2021-10-01,2021-12-31,2,2723796,0.18
Nov 2021,TCD,17417717,current,2021-10-01,2021-12-31,3,940455,0.06
Nov 2021,TCD,17417717,current,2021-10-01,2021-12-31,4,22789,0
Nov 2021,TCD,17417717,current,2021-10-01,2021-12-31,5,0,0
Nov 2021,TCD,17417717,first projection,2022-06-01,2022-08-31,all,15354662,1.0
Nov 2021,TCD,17417717,first projection,2022-06-01,2022-08-31,3+,1737246,0.11
Nov 2021,TCD,17417717,first projection,2022-06-01,2022-08-31,1,9979880,0.65
Nov 2021,TCD,17417717,first projection,2022-06-01,2022-08-31,2,3637536,0.24
Nov 2021,TCD,17417717,first projection,2022-06-01,2022-08-31,3,1593834,0.1
Nov 2021,TCD,17417717,first projection,2022-06-01,2022-08-31,4,143413,0.01
Nov 2021,TCD,17417717,first projection,2022-06-01,2022-08-31,5,0,0
Mar 2021,TCD,16818391,current,2021-03-01,2021-05-31,all,15375866,1.0
Mar 2021,TCD,16818391,current,2021-03-01,2021-05-31,3+,1275259,0.09
Mar 2021,TCD,16818391,current,2021-03-01,2021-05-31,1,11412575,0.74
Mar 2021,TCD,16818391,current,2021-03-01,2021-05-31,2,2683372,0.17
Mar 2021,TCD,16818391,current,2021-03-01,2021-05-31,3,1180175,0.08
Mar 2021,TCD,16818391,current,2021-03-01,2021-05-31,4,95084,0.01
Mar 2021,TCD,16818391,current,2021-03-01,2021-05-31,5,0,0
Mar 2021,TCD,16818391,first projection,2021-06-01,2021-08-31,all,15375866,1.0
Mar 2021,TCD,16818391,first projection,2021-06-01,2021-08-31,3+,1778630,0.11
Mar 2021,TCD,16818391,first projection,2021-06-01,2021-08-31,1,10294234,0.67
Mar 2021,TCD,16818391,first projection,2021-06-01,2021-08-31,2,3303003,0.21
Mar 2021,TCD,16818391,first projection,2021-06-01,2021-08-31,3,1613220,0.1
Mar 2021,TCD,16818391,first projection,2021-06-01,2021-08-31,4,165410,0.01
Mar 2021,TCD,16818391,first projection,2021-06-01,2021-08-31,5,0,0
Nov 2025,TGO,8866375,current,2025-10-01,2025-12-31,all,6469612,1.0
Nov 2025,TGO,8866375,current,2025-10-01,2025-12-31,3+,288383,0.04
Nov 2025,TGO,8866375,current,2025-10-01,2025-12-31,1,5009261,0.77
Nov 2025,TGO,8866375,current,2025-10-01,2025-12-31,2,1171968,0.18
Nov 2025,TGO,8866375,current,2025-10-01,2025-12-31,3,288383,0.04
Nov 2025,TGO,8866375,current,2025-10-01,2025-12-31,4,0,0
Nov 2025,TGO,8866375,current,2025-10-01,2025-12-31,5,0,0
Nov 2025,TGO,8866375,first projection,2026-06-01,2026-08-31,all,6469612,1.0
Nov 2025,TGO,8866375,first projection,2026-06-01,2026-08-31,3+,332147,0.05
Nov 2025,TGO,8866375,first projection,2026-06-01,2026-08-31,1,4910826,0.76
Nov 2025,TGO,8866375,first projection,2026-06-01,2026-08-31,2,1226638,0.19
Nov 2025,TGO,8866375,first projection,2026-06-01,2026-08-31,3,332147,0.05
Nov 2025,TGO,8866375,first projection,2026-06-01,2026-08-31,4,0,0
Nov 2025,TGO,8866375,first projection,2026-06-01,2026-08-31,5,0,0
Nov 2024,TGO,6324160,current,2024-10-01,2024-12-31,all,6324160,1.0
Nov 2024,TGO,6324160,current,2024-10-01,2024-12-31,3+,621723,0.1
Nov 2024,TGO,6324160,current,2024-10-01,2024-12-31,1,4402274,0.7
Nov 2024,TGO,6324160,current,2024-10-01,2024-12-31,2,1300163,0.21
Nov 2024,TGO,6324160,current,2024-10-01,2024-12-31,3,621723,0.1
Nov 2024,TGO,6324160,current,2024-10-01,2024-12-31,4,0,0
Nov 2024,TGO,6324160,current,2024-10-01,2024-12-31,5,0,0
Nov 2024,TGO,6324160,first projection,2025-06-01,2025-08-31,all,6324160,1.0
Nov 2024,TGO,6324160,first projection,2025-06-01,2025-08-31,3+,624560,0.1
Nov 2024,TGO,6324160,first projection,2025-06-01,2025-08-31,1,4391212,0.69
Nov 2024,TGO,6324160,first projection,2025-06-01,2025-08-31,2,1308388,0.21
Nov 2024,TGO,6324160,first projection,2025-06-01,2025-08-31,3,624560,0.1
Nov 2024,TGO,6324160,first projection,2025-06-01,2025-08-31,4,0,0
Nov 2024,TGO,6324160,first projection,2025-06-01,2025-08-31,5,0,0
Mar 2024,TGO,8472173,current,2024-03-01,2024-05-31,all,6181975,1.0
Mar 2024,TGO,8472173,current,2024-03-01,2024-05-31,3+,349872,0.06
Mar 2024,TGO,8472173,current,2024-03-01,2024-05-31,1,4523809,0.73
Mar 2024,TGO,8472173,current,2024-03-01,2024-05-31,2,1308294,0.21
Mar 2024,TGO,8472173,current,2024-03-01,2024-05-31,3,349872,0.06
Mar 2024,TGO,8472173,current,2024-03-01,2024-05-31,4,0,0
Mar 2024,TGO,8472173,current,2024-03-01,2024-05-31,5,0,0
Mar 2024,TGO,8472173,first projection,2024-06-01,2024-08-31,all,6181975,1.0
Mar 2024,TGO,8472173,first projection,2024-06-01,2024-08-31,3+,423165,0.07
Mar 2024,TGO,8472173,first projection,2024-06-01,2024-08-31,1,4519093,0.73
Mar 2024,TGO,8472173,first projection,2024-06-01,2024-08-31,2,1239717,0.2
Mar 2024,TGO,8472173,first projection,2024-06-01,2024-08-31,3,423165,0.07
Mar 2024,TGO,8472173,first projection,2024-06-01,2024-08-31,4,0,0
Mar 2024,TGO,8472173,first projection,2024-06-01,2024-08-31,5,0,0
Nov 2023,TGO,8344000,current,2023-10-01,2023-12-31,all,6181975,1.0
Nov 2023,TGO,8344000,current,2023-10-01,2023-12-31,3+,381100,0.06
Nov 2023,TGO,8344000,current,2023-10-01,2023-12-31,1,4719055,0.76
Nov 2023,TGO,8344000,current,2023-10-01,2023-12-31,2,1081820,0.17
Nov 2023,TGO,8344000,current,2023-10-01,2023-12-31,3,381100,0.06
Nov 2023,TGO,8344000,current,2023-10-01,2023-12-31,4,0,0
Nov 2023,TGO,8344000,current,2023-10-01,2023-12-31,5,0,0
Nov 2023,TGO,8344000,first projection,2024-06-01,2024-08-31,all,6181975,1.0
Nov 2023,TGO,8344000,first projection,2024-06-01,2024-08-31,3+,472753,0.08
Nov 2023,TGO,8344000,first projection,2024-06-01,2024-08-31,1,4572462,0.74
Nov 2023,TGO,8344000,first projection,2024-06-01,2024-08-31,2,1136760,0.18
Nov 2023,TGO,8344000,first projection,2024-06-01,2024-08-31,3,472753,0.08
Nov 2023,TGO,8344000,first projection,2024-06-01,2024-08-31,4,0,0
Nov 2023,TGO,8344000,first projection,2024-06-01,2024-08-31,5,0,0
Mar 2023,TGO,8344000,first projection,2023-06-01,2023-08-31,all,6056286,1.0
Mar 2023,TGO,8344000,first projection,2023-06-01,2023-08-31,3+,487319,0.08
Mar 2023,TGO,8344000,first projection,2023-06-01,2023-08-31,1,4224239,0.7
Mar 2023,TGO,8344000,first projection,2023-06-01,2023-08-31,2,1344729,0.22
Mar 2023,TGO,8344000,first projection,2023-06-01,2023-08-31,3,447653,0.07
Mar 2023,TGO,8344000,first projection,2023-06-01,2023-08-31,4,39666,0.01
Mar 2023,TGO,8344000,first projection,2023-06-01,2023-08-31,5,0,0
Oct 2022,TGO,8344000,current,2022-10-01,2022-12-31,all,6056286,1.0
Oct 2022,TGO,8344000,current,2022-10-01,2022-12-31,3+,568661,0.1
Oct 2022,TGO,8344000,current,2022-10-01,2022-12-31,1,4124806,0.68
Oct 2022,TGO,8344000,current,2022-10-01,2022-12-31,2,1362819,0.23
Oct 2022,TGO,8344000,current,2022-10-01,2022-12-31,3,533348,0.09
Oct 2022,TGO,8344000,current,2022-10-01,2022-12-31,4,35313,0.01
Oct 2022,TGO,8344000,current,2022-10-01,2022-12-31,5,0,0
Oct 2022,TGO,8344000,first projection,2023-06-01,2023-08-31,all,6056286,1.0
Oct 2022,TGO,8344000,first projection,2023-06-01,2023-08-31,3+,487319,0.08
Oct 2022,TGO,8344000,first projection,2023-06-01,2023-08-31,1,4224239,0.7
Oct 2022,TGO,8344000,first projection,2023-06-01,2023-08-31,2,1344729,0.22
Oct 2022,TGO,8344000,first projection,2023-06-01,2023-08-31,3,447653,0.07
Oct 2022,TGO,8344000,first projection,2023-06-01,2023-08-31,4,39666,0.01
Oct 2022,TGO,8344000,first projection,2023-06-01,2023-08-31,5,0,0
Mar 2022,TGO,5885720,current,2022-03-01,2022-05-31,all,5855852,1.0
Mar 2022,TGO,5885720,current,2022-03-01,2022-05-31,3+,336548,0.06
Mar 2022,TGO,5885720,current,2022-03-01,2022-05-31,1,4375805,0.75
Mar 2022,TGO,5885720,current,2022-03-01,2022-05-31,2,1143498,0.2
Mar 2022,TGO,5885720,current,2022-03-01,2022-05-31,3,336548,0.06
Mar 2022,TGO,5885720,current,2022-03-01,2022-05-31,4,0,0
Mar 2022,TGO,5885720,current,2022-03-01,2022-05-31,5,0,0
Mar 2022,TGO,5885720,first projection,2022-06-01,2022-08-31,all,5855852,1.0
Mar 2022,TGO,5885720,first projection,2022-06-01,2022-08-31,3+,388238,0.07
Mar 2022,TGO,5885720,first projection,2022-06-01,2022-08-31,1,4324763,0.74
Mar 2022,TGO,5885720,first projection,2022-06-01,2022-08-31,2,1142851,0.2
Mar 2022,TGO,5885720,first projection,2022-06-01,2022-08-31,3,388238,0.07
Mar 2022,TGO,5885720,first projection,2022-06-01,2022-08-31,4,0,0
Mar 2022,TGO,5885720,first projection,2022-06-01,2022-08-31,5,0,0
Nov 2021,TGO,5885720,current,2021-10-01,2021-12-31,all,5885720,1.0
Nov 2021,TGO,5885720,current,2021-10-01,2021-12-31,3+,411101,0.07
Nov 2021,TGO,5885720,current,2021-10-01,2021-12-31,1,4286996,0.73
Nov 2021,TGO,5885720,current,2021-10-01,2021-12-31,2,1187623,0.2
Nov 2021,TGO,5885720,current,2021-10-01,2021-12-31,3,411101,0.07
Nov 2021,TGO,5885720,current,2021-10-01,2021-12-31,4,0,0
Nov 2021,TGO,5885720,current,2021-10-01,2021-12-31,5,0,0
Nov 2021,TGO,5885720,first projection,2022-06-01,2022-08-31,all,5885720,1.0
Nov 2021,TGO,5885720,first projection,2022-06-01,2022-08-31,3+,481942,0.08
Nov 2021,TGO,5885720,first projection,2022-06-01,2022-08-31,1,4004615,0.68
Nov 2021,TGO,5885720,first projection,2022-06-01,2022-08-31,2,1399163,0.24
Nov 2021,TGO,5885720,first projection,2022-06-01,2022-08-31,3,481942,0.08
Nov 2021,TGO,5885720,first projection,2022-06-01,2022-08-31,4,0,0
Nov 2021,TGO,5885720,first projection,2022-06-01,2022-08-31,5,0,0
Mar 2021,TGO,7975513,current,2021-03-01,2021-05-31,all,5932378,1.0
Mar 2021,TGO,7975513,current,2021-03-01,2021-05-31,3+,237934,0.04
Mar 2021,TGO,7975513,current,2021-03-01,2021-05-31,1,4684375,0.79
Mar 2021,TGO,7975513,current,2021-03-01,2021-05-31,2,1010070,0.17
Mar 2021,TGO,7975513,current,2021-03-01,2021-05-31,3,236420,0.04
Mar 2021,TGO,7975513,current,2021-03-01,2021-05-31,4,1514,0
Mar 2021,TGO,7975513,current,2021-03-01,2021-05-31,5,0,0
Mar 2021,TGO,7975513,first projection,2021-06-01,2021-08-31,all,5932378,1.0
Mar 2021,TGO,7975513,first projection,2021-06-01,2021-08-31,3+,204135,0.03
Mar 2021,TGO,7975513,first projection,2021-06-01,2021-08-31,1,4769694,0.8
Mar 2021,TGO,7975513,first projection,2021-06-01,2021-08-31,2,958550,0.16
Mar 2021,TGO,7975513,first projection,2021-06-01,2021-08-31,3,202621,0.03
Mar 2021,TGO,7975513,first projection,2021-06-01,2021-08-31,4,1514,0
Mar 2021,TGO,7975513,first projection,2021-06-01,2021-08-31,5,0,0
Nov 2023,TLS,1340434,current,2023-11-01,2024-04-30,all,1340434,1.0
Nov 2023,TLS,1340434,current,2023-11-01,2024-04-30,3+,360097,0.27
Nov 2023,TLS,1340434,current,2023-11-01,2024-04-30,1,501542,0.37
Nov 2023,TLS,1340434,current,2023-11-01,2024-04-30,2,478795,0.36
Nov 2023,TLS,1340434,current,2023-11-01,2024-04-30,3,341505,0.26
Nov 2023,TLS,1340434,current,2023-11-01,2024-04-30,4,18592,0.01
Nov 2023,TLS,1340434,current,2023-11-01,2024-04-30,5,0,0
Nov 2023,TLS,1340434,first projection,2024-05-01,2024-09-30,all,1340434,1.0
Nov 2023,TLS,1340434,first projection,2024-05-01,2024-09-30,3+,363997,0.27
Nov 2023,TLS,1340434,first projection,2024-05-01,2024-09-30,1,482638,0.36
Nov 2023,TLS,1340434,first projection,2024-05-01,2024-09-30,2,493798,0.37
Nov 2023,TLS,1340434,first projection,2024-05-01,2024-09-30,3,341719,0.25
Nov 2023,TLS,1340434,first projection,2024-05-01,2024-09-30,4,22278,0.02
Nov 2023,TLS,1340434,first projection,2024-05-01,2024-09-30,5,0,0
Nov 2022,TLS,1340434,current,2022-11-01,2023-04-30,all,1340434,1.0
Nov 2022,TLS,1340434,current,2022-11-01,2023-04-30,3+,299521,0.22
Nov 2022,TLS,1340434,current,2022-11-01,2023-04-30,1,459722,0.34
Nov 2022,TLS,1340434,current,2022-11-01,2023-04-30,2,581191,0.44
Nov 2022,TLS,1340434,current,2022-11-01,2023-04-30,3,286372,0.21
Nov 2022,TLS,1340434,current,2022-11-01,2023-04-30,4,13149,0.01
Nov 2022,TLS,1340434,current,2022-11-01,2023-04-30,5,0,0
Nov 2022,TLS,1340434,first projection,2023-05-01,2023-09-30,all,1358985,1.0
Nov 2022,TLS,1340434,first projection,2023-05-01,2023-09-30,3+,261919,0.2
Nov 2022,TLS,1340434,first projection,2023-05-01,2023-09-30,1,548545,0.4
Nov 2022,TLS,1340434,first projection,2023-05-01,2023-09-30,2,548520,0.4
Nov 2022,TLS,1340434,first projection,2023-05-01,2023-09-30,3,255015,0.19
Nov 2022,TLS,1340434,first projection,2023-05-01,2023-09-30,4,6904,0.01
Nov 2022,TLS,1340434,first projection,2023-05-01,2023-09-30,5,0,0
Mar 2026,TZA,61741120,current,2026-02-01,2026-05-31,all,9929218,1.0
Mar 2026,TZA,61741120,current,2026-02-01,2026-05-31,3+,1028267,0.1
Mar 2026,TZA,61741120,current,2026-02-01,2026-05-31,1,6041365,0.61
Mar 2026,TZA,61741120,current,2026-02-01,2026-05-31,2,2859593,0.29
Mar 2026,TZA,61741120,current,2026-02-01,2026-05-31,3,1028267,0.1
Mar 2026,TZA,61741120,current,2026-02-01,2026-05-31,4,0,0
Mar 2026,TZA,61741120,current,2026-02-01,2026-05-31,5,0,0
Mar 2026,TZA,61741120,first projection,2026-06-01,2027-01-31,all,9929218,1.0
Mar 2026,TZA,61741120,first projection,2026-06-01,2027-01-31,3+,507498,0.05
Mar 2026,TZA,61741120,first projection,2026-06-01,2027-01-31,1,7113488,0.72
Mar 2026,TZA,61741120,first projection,2026-06-01,2027-01-31,2,2308238,0.23
Mar 2026,TZA,61741120,first projection,2026-06-01,2027-01-31,3,507498,0.05
Mar 2026,TZA,61741120,first projection,2026-06-01,2027-01-31,4,0,0
Mar 2026,TZA,61741120,first projection,2026-06-01,2027-01-31,5,0,0
Mar 2025,TZA,61741120,current,2025-02-01,2025-05-31,all,4832431,1.0
Mar 2025,TZA,61741120,current,2025-02-01,2025-05-31,3+,466225,0.1
Mar 2025,TZA,61741120,current,2025-02-01,2025-05-31,1,3159214,0.65
Mar 2025,TZA,61741120,current,2025-02-01,2025-05-31,2,1206992,0.25
Mar 2025,TZA,61741120,current,2025-02-01,2025-05-31,3,466225,0.1
Mar 2025,TZA,61741120,current,2025-02-01,2025-05-31,4,0,0
Mar 2025,TZA,61741120,current,2025-02-01,2025-05-31,5,0,0
Mar 2025,TZA,61741120,first projection,2025-06-01,2025-10-31,all,4832431,1.0
Mar 2025,TZA,61741120,first projection,2025-06-01,2025-10-31,3+,241622,0.05
Mar 2025,TZA,61741120,first projection,2025-06-01,2025-10-31,1,3631602,0.75
Mar 2025,TZA,61741120,first projection,2025-06-01,2025-10-31,2,959207,0.2
Mar 2025,TZA,61741120,first projection,2025-06-01,2025-10-31,3,241622,0.05
Mar 2025,TZA,61741120,first projection,2025-06-01,2025-10-31,4,0,0
Mar 2025,TZA,61741120,first projection,2025-06-01,2025-10-31,5,0,0
Nov 2023,TZA,59851347,current,2023-11-01,2024-04-30,all,7087011,1.0
Nov 2023,TZA,59851347,current,2023-11-01,2024-04-30,3+,900001,0.13
Nov 2023,TZA,59851347,current,2023-11-01,2024-04-30,1,3976045,0.56
Nov 2023,TZA,59851347,current,2023-11-01,2024-04-30,2,2210965,0.31
Nov 2023,TZA,59851347,current,2023-11-01,2024-04-30,3,900001,0.13
Nov 2023,TZA,59851347,current,2023-11-01,2024-04-30,4,0,0
Nov 2023,TZA,59851347,current,2023-11-01,2024-04-30,5,0,0
Nov 2023,TZA,59851347,first projection,2024-05-01,2024-10-31,all,7087011,1.0
Nov 2023,TZA,59851347,first projection,2024-05-01,2024-10-31,3+,379476,0.05
Nov 2023,TZA,59851347,first projection,2024-05-01,2024-10-31,1,4977607,0.7
Nov 2023,TZA,59851347,first projection,2024-05-01,2024-10-31,2,1729928,0.24
Nov 2023,TZA,59851347,first projection,2024-05-01,2024-10-31,3,379476,0.05
Nov 2023,TZA,59851347,first projection,2024-05-01,2024-10-31,4,0,0
Nov 2023,TZA,59851347,first projection,2024-05-01,2024-10-31,5,0,0
Oct 2022,TZA,61741120,current,2022-10-01,2023-02-28,all,10506240,1.0
Oct 2022,TZA,61741120,current,2022-10-01,2023-02-28,3+,1110784,0.1
Oct 2022,TZA,61741120,current,2022-10-01,2023-02-28,1,6101343,0.58
Oct 2022,TZA,61741120,current,2022-10-01,2023-02-28,2,3294113,0.31
Oct 2022,TZA,61741120,current,2022-10-01,2023-02-28,3,1092754,0.1
Oct 2022,TZA,61741120,current,2022-10-01,2023-02-28,4,18030,0
Oct 2022,TZA,61741120,current,2022-10-01,2023-02-28,5,0,0
Oct 2022,TZA,61741120,first projection,2023-03-01,2023-05-31,all,10763055,1.0
Oct 2022,TZA,61741120,first projection,2023-03-01,2023-05-31,3+,990097,0.09
Oct 2022,TZA,61741120,first projection,2023-03-01,2023-05-31,1,6013559,0.56
Oct 2022,TZA,61741120,first projection,2023-03-01,2023-05-31,2,3759399,0.35
Oct 2022,TZA,61741120,first projection,2023-03-01,2023-05-31,3,990097,0.09
Oct 2022,TZA,61741120,first projection,2023-03-01,2023-05-31,4,0,0
Oct 2022,TZA,61741120,first projection,2023-03-01,2023-05-31,5,0,0
Dec 2021,TZA,57637628,current,2021-11-01,2022-04-30,all,3404354,1.0
Dec 2021,TZA,57637628,current,2021-11-01,2022-04-30,3+,437243,0.13
Dec 2021,TZA,57637628,current,2021-11-01,2022-04-30,1,2182032,0.64
Dec 2021,TZA,57637628,current,2021-11-01,2022-04-30,2,785080,0.23
Dec 2021,TZA,57637628,current,2021-11-01,2022-04-30,3,415463,0.12
Dec 2021,TZA,57637628,current,2021-11-01,2022-04-30,4,21780,0.01
Dec 2021,TZA,57637628,current,2021-11-01,2022-04-30,5,0,0
Dec 2021,TZA,57637628,first projection,2022-05-01,2022-09-30,all,3518200,1.0
Dec 2021,TZA,57637628,first projection,2022-05-01,2022-09-30,3+,591720,0.17
Dec 2021,TZA,57637628,first projection,2022-05-01,2022-09-30,1,1997354,0.57
Dec 2021,TZA,57637628,first projection,2022-05-01,2022-09-30,2,929126,0.26
Dec 2021,TZA,57637628,first projection,2022-05-01,2022-09-30,3,496785,0.14
Dec 2021,TZA,57637628,first projection,2022-05-01,2022-09-30,4,94935,0.03
Dec 2021,TZA,57637628,first projection,2022-05-01,2022-09-30,5,0,0
Aug 2026,UGA,49554040,current,2026-08-01,2026-10-31,all,1588920,1.0
Aug 2026,UGA,49554040,current,2026-08-01,2026-10-31,3+,673241,0.42
Aug 2026,UGA,49554040,current,2026-08-01,2026-10-31,1,381285,0.24
Aug 2026,UGA,49554040,current,2026-08-01,2026-10-31,2,534402,0.34
Aug 2026,UGA,49554040,current,2026-08-01,2026-10-31,3,555614,0.35
Aug 2026,UGA,49554040,current,2026-08-01,2026-10-31,4,117627,0.07
Aug 2026,UGA,49554040,current,2026-08-01,2026-10-31,5,0,0
Aug 2026,UGA,49554040,first projection,2026-11-01,2027-02-28,all,1588920,1.0
Aug 2026,UGA,49554040,first projection,2026-11-01,2027-02-28,3+,679167,0.43
Aug 2026,UGA,49554040,first projection,2026-11-01,2027-02-28,1,373138,0.23
Aug 2026,UGA,49554040,first projection,2026-11-01,2027-02-28,2,536622,0.34
Aug 2026,UGA,49554040,first projection,2026-11-01,2027-02-28,3,568884,0.36
Aug 2026,UGA,49554040,first projection,2026-11-01,2027-02-28,4,110283,0.07
Aug 2026,UGA,49554040,first projection,2026-11-01,2027-02-28,5,0,0
Apr 2026,UGA,49554040,current,2026-03-01,2026-07-31,all,1496117,1.0
Apr 2026,UGA,49554040,current,2026-03-01,2026-07-31,3+,473368,0.32
Apr 2026,UGA,49554040,current,2026-03-01,2026-07-31,1,441735,0.3
Apr 2026,UGA,49554040,current,2026-03-01,2026-07-31,2,581016,0.39
Apr 2026,UGA,49554040,current,2026-03-01,2026-07-31,3,432109,0.29
Apr 2026,UGA,49554040,current,2026-03-01,2026-07-31,4,41259,0.03
Apr 2026,UGA,49554040,current,2026-03-01,2026-07-31,5,0,0
Apr 2026,UGA,49554040,first projection,2026-08-01,2027-02-28,all,1496117,1.0
Apr 2026,UGA,49554040,first projection,2026-08-01,2027-02-28,3+,352285,0.24
Apr 2026,UGA,49554040,first projection,2026-08-01,2027-02-28,1,505385,0.34
Apr 2026,UGA,49554040,first projection,2026-08-01,2027-02-28,2,638451,0.43
Apr 2026,UGA,49554040,first projection,2026-08-01,2027-02-28,3,352285,0.24
Apr 2026,UGA,49554040,first projection,2026-08-01,2027-02-28,4,0,0
Apr 2026,UGA,49554040,first projection,2026-08-01,2027-02-28,5,0,0
Jul 2025,UGA,46772741,current,2025-06-01,2025-07-31,all,1927593,1.0
Jul 2025,UGA,46772741,current,2025-06-01,2025-07-31,3+,919840,0.48
Jul 2025,UGA,46772741,current,2025-06-01,2025-07-31,1,338553,0.18
Jul 2025,UGA,46772741,current,2025-06-01,2025-07-31,2,669200,0.35
Jul 2025,UGA,46772741,current,2025-06-01,2025-07-31,3,844107,0.44
Jul 2025,UGA,46772741,current,2025-06-01,2025-07-31,4,75733,0.04
Jul 2025,UGA,46772741,current,2025-06-01,2025-07-31,5,0,0
Jul 2025,UGA,46772741,first projection,2025-08-01,2026-02-28,all,1927593,1.0
Jul 2025,UGA,46772741,first projection,2025-08-01,2026-02-28,3+,712160,0.37
Jul 2025,UGA,46772741,first projection,2025-08-01,2026-02-28,1,390532,0.2
Jul 2025,UGA,46772741,first projection,2025-08-01,2026-02-28,2,824902,0.43
Jul 2025,UGA,46772741,first projection,2025-08-01,2026-02-28,3,695922,0.36
Jul 2025,UGA,46772741,first projection,2025-08-01,2026-02-28,4,16237,0.01
Jul 2025,UGA,46772741,first projection,2025-08-01,2026-02-28,5,0,0
Jun 2025,UGA,46772741,current,2025-04-01,2025-07-31,all,15090971,1.0
Jun 2025,UGA,46772741,current,2025-04-01,2025-07-31,3+,2462038,0.16
Jun 2025,UGA,46772741,current,2025-04-01,2025-07-31,1,6537828,0.43
Jun 2025,UGA,46772741,current,2025-04-01,2025-07-31,2,6091105,0.4
Jun 2025,UGA,46772741,current,2025-04-01,2025-07-31,3,2417027,0.16
Jun 2025,UGA,46772741,current,2025-04-01,2025-07-31,4,45010,0
Jun 2025,UGA,46772741,current,2025-04-01,2025-07-31,5,0,0
Jun 2025,UGA,46772741,first projection,2025-08-01,2026-02-28,all,15090971,1.0
Jun 2025,UGA,46772741,first projection,2025-08-01,2026-02-28,3+,1424642,0.09
Jun 2025,UGA,46772741,first projection,2025-08-01,2026-02-28,1,7669895,0.51
Jun 2025,UGA,46772741,first projection,2025-08-01,2026-02-28,2,5996434,0.4
Jun 2025,UGA,46772741,first projection,2025-08-01,2026-02-28,3,1413656,0.09
Jun 2025,UGA,46772741,first projection,2025-08-01,2026-02-28,4,10987,0
Jun 2025,UGA,46772741,first projection,2025-08-01,2026-02-28,5,0,0
Oct 2024,UGA,46257305,current,2024-07-01,2025-01-31,all,4626003,1.0
Oct 2024,UGA,46257305,current,2024-07-01,2025-01-31,3+,796902,0.17
Oct 2024,UGA,46257305,current,2024-07-01,2025-01-31,1,1971352,0.43
Oct 2024,UGA,46257305,current,2024-07-01,2025-01-31,2,1857749,0.4
Oct 2024,UGA,46257305,current,2024-07-01,2025-01-31,3,796902,0.17
Oct 2024,UGA,46257305,current,2024-07-01,2025-01-31,4,0,0
Oct 2024,UGA,46257305,current,2024-07-01,2025-01-31,5,0,0
Oct 2024,UGA,46257305,first projection,2025-02-01,2025-06-30,all,4505369,1.0
Oct 2024,UGA,46257305,first projection,2025-02-01,2025-06-30,3+,952624,0.21
Oct 2024,UGA,46257305,first projection,2025-02-01,2025-06-30,1,1689674,0.38
Oct 2024,UGA,46257305,first projection,2025-02-01,2025-06-30,2,1863071,0.41
Oct 2024,UGA,46257305,first projection,2025-02-01,2025-06-30,3,952624,0.21
Oct 2024,UGA,46257305,first projection,2025-02-01,2025-06-30,4,0,0
Oct 2024,UGA,46257305,first projection,2025-02-01,2025-06-30,5,0,0
Apr 2024,UGA,46930900,current,2024-03-01,2024-07-31,all,1325000,1.0
Apr 2024,UGA,46930900,current,2024-03-01,2024-07-31,3+,600110,0.45
Apr 2024,UGA,46930900,current,2024-03-01,2024-07-31,1,274915,0.21
Apr 2024,UGA,46930900,current,2024-03-01,2024-07-31,2,449975,0.34
Apr 2024,UGA,46930900,current,2024-03-01,2024-07-31,3,516410,0.39
Apr 2024,UGA,46930900,current,2024-03-01,2024-07-31,4,83700,0.06
Apr 2024,UGA,46930900,current,2024-03-01,2024-07-31,5,0,0
Apr 2024,UGA,46930900,first projection,2024-08-01,2025-02-28,all,1325000,1.0
Apr 2024,UGA,46930900,first projection,2024-08-01,2025-02-28,3+,401280,0.3
Apr 2024,UGA,46930900,first projection,2024-08-01,2025-02-28,1,378495,0.29
Apr 2024,UGA,46930900,first projection,2024-08-01,2025-02-28,2,545225,0.41
Apr 2024,UGA,46930900,first projection,2024-08-01,2025-02-28,3,374795,0.28
Apr 2024,UGA,46930900,first projection,2024-08-01,2025-02-28,4,26485,0.02
Apr 2024,UGA,46930900,first projection,2024-08-01,2025-02-28,5,0,0
Sep 2023,UGA,46257305,current,2023-08-01,2024-01-31,all,4266800,1.0
Sep 2023,UGA,46257305,current,2023-08-01,2024-01-31,3+,845865,0.19
Sep 2023,UGA,46257305,current,2023-08-01,2024-01-31,1,1999915,0.47
Sep 2023,UGA,46257305,current,2023-08-01,2024-01-31,2,1421020,0.33
Sep 2023,UGA,46257305,current,2023-08-01,2024-01-31,3,787710,0.18
Sep 2023,UGA,46257305,current,2023-08-01,2024-01-31,4,58155,0.01
Sep 2023,UGA,46257305,current,2023-08-01,2024-01-31,5,0,0
Sep 2023,UGA,46257305,first projection,2024-02-01,2024-06-30,all,4266800,1.0
Sep 2023,UGA,46257305,first projection,2024-02-01,2024-06-30,3+,962645,0.22
Sep 2023,UGA,46257305,first projection,2024-02-01,2024-06-30,1,1709720,0.4
Sep 2023,UGA,46257305,first projection,2024-02-01,2024-06-30,2,1594435,0.37
Sep 2023,UGA,46257305,first projection,2024-02-01,2024-06-30,3,857320,0.2
Sep 2023,UGA,46257305,first projection,2024-02-01,2024-06-30,4,105325,0.02
Sep 2023,UGA,46257305,first projection,2024-02-01,2024-06-30,5,0,0
May 2023,UGA,45513574,current,2023-04-01,2023-08-31,all,1285000,1.0
May 2023,UGA,45513574,current,2023-04-01,2023-08-31,3+,581975,0.45
May 2023,UGA,45513574,current,2023-04-01,2023-08-31,1,267060,0.21
May 2023,UGA,45513574,current,2023-04-01,2023-08-31,2,435965,0.34
May 2023,UGA,45513574,current,2023-04-01,2023-08-31,3,480270,0.37
May 2023,UGA,45513574,current,2023-04-01,2023-08-31,4,101705,0.08
May 2023,UGA,45513574,current,2023-04-01,2023-08-31,5,0,0
May 2023,UGA,45513574,first projection,2023-09-01,2024-02-29,all,1285000,1.0
May 2023,UGA,45513574,first projection,2023-09-01,2024-02-29,3+,341590,0.27
May 2023,UGA,45513574,first projection,2023-09-01,2024-02-29,1,388840,0.3
May 2023,UGA,45513574,first projection,2023-09-01,2024-02-29,2,554570,0.43
May 2023,UGA,45513574,first projection,2023-09-01,2024-02-29,3,293150,0.23
May 2023,UGA,45513574,first projection,2023-09-01,2024-02-29,4,48440,0.04
May 2023,UGA,45513574,first projection,2023-09-01,2024-02-29,5,0,0
Oct 2022,UGA,44212800,current,2022-06-01,2022-08-31,all,7447600,1.0
Oct 2022,UGA,44212800,current,2022-06-01,2022-08-31,3+,1796780,0.24
Oct 2022,UGA,44212800,current,2022-06-01,2022-08-31,1,3324515,0.45
Oct 2022,UGA,44212800,current,2022-06-01,2022-08-31,2,2326305,0.31
Oct 2022,UGA,44212800,current,2022-06-01,2022-08-31,3,1544035,0.21
Oct 2022,UGA,44212800,current,2022-06-01,2022-08-31,4,252745,0.03
Oct 2022,UGA,44212800,current,2022-06-01,2022-08-31,5,0,0
Oct 2022,UGA,44212800,first projection,2022-09-01,2023-01-31,all,7447600,1.0
Oct 2022,UGA,44212800,first projection,2022-09-01,2023-01-31,3+,1101520,0.15
Oct 2022,UGA,44212800,first projection,2022-09-01,2023-01-31,1,3792835,0.51
Oct 2022,UGA,44212800,first projection,2022-09-01,2023-01-31,2,2553245,0.34
Oct 2022,UGA,44212800,first projection,2022-09-01,2023-01-31,3,1050595,0.14
Oct 2022,UGA,44212800,first projection,2022-09-01,2023-01-31,4,50925,0.01
Oct 2022,UGA,44212800,first projection,2022-09-01,2023-01-31,5,0,0
Apr 2022,UGA,44212800,current,2022-03-01,2022-07-31,all,1245600,1.0
Apr 2022,UGA,44212800,current,2022-03-01,2022-07-31,3+,517850,0.41
Apr 2022,UGA,44212800,current,2022-03-01,2022-07-31,1,334960,0.27
Apr 2022,UGA,44212800,current,2022-03-01,2022-07-31,2,392790,0.32
Apr 2022,UGA,44212800,current,2022-03-01,2022-07-31,3,427950,0.34
Apr 2022,UGA,44212800,current,2022-03-01,2022-07-31,4,89900,0.07
Apr 2022,UGA,44212800,current,2022-03-01,2022-07-31,5,0,0
Apr 2022,UGA,44212800,first projection,2022-08-01,2023-02-28,all,1245600,1.0
Apr 2022,UGA,44212800,first projection,2022-08-01,2023-02-28,3+,314675,0.25
Apr 2022,UGA,44212800,first projection,2022-08-01,2023-02-28,1,431085,0.35
Apr 2022,UGA,44212800,first projection,2022-08-01,2023-02-28,2,499840,0.4
Apr 2022,UGA,44212800,first projection,2022-08-01,2023-02-28,3,276290,0.22
Apr 2022,UGA,44212800,first projection,2022-08-01,2023-02-28,4,38385,0.03
Apr 2022,UGA,44212800,first projection,2022-08-01,2023-02-28,5,0,0
Apr 2021,UGA,42885900,current,2021-03-01,2021-07-31,all,1206800,1.0
Apr 2021,UGA,42885900,current,2021-03-01,2021-07-31,3+,360910,0.3
Apr 2021,UGA,42885900,current,2021-03-01,2021-07-31,1,412555,0.34
Apr 2021,UGA,42885900,current,2021-03-01,2021-07-31,2,433335,0.36
Apr 2021,UGA,42885900,current,2021-03-01,2021-07-31,3,285770,0.24
Apr 2021,UGA,42885900,current,2021-03-01,2021-07-31,4,75140,0.06
Apr 2021,UGA,42885900,current,2021-03-01,2021-07-31,5,0,0
Apr 2021,UGA,42885900,first projection,2021-08-01,2022-01-31,all,1206800,1.0
Apr 2021,UGA,42885900,first projection,2021-08-01,2022-01-31,3+,187655,0.16
Apr 2021,UGA,42885900,first projection,2021-08-01,2022-01-31,1,548535,0.45
Apr 2021,UGA,42885900,first projection,2021-08-01,2022-01-31,2,470610,0.39
Apr 2021,UGA,42885900,first projection,2021-08-01,2022-01-31,3,159930,0.13
Apr 2021,UGA,42885900,first projection,2021-08-01,2022-01-31,4,27725,0.03
Apr 2021,UGA,42885900,first projection,2021-08-01,2022-01-31,5,0,0
Apr 2026,YEM,35312824,current,2026-03-01,2026-05-31,all,10479422,1.0
Apr 2026,YEM,35312824,current,2026-03-01,2026-05-31,3+,4980505,0.47
Apr 2026,YEM,35312824,current,2026-03-01,2026-05-31,1,2242768,0.22
Apr 2026,YEM,35312824,current,2026-03-01,2026-05-31,2,3256168,0.31
Apr 2026,YEM,35312824,current,2026-03-01,2026-05-31,3,3577291,0.34
Apr 2026,YEM,35312824,current,2026-03-01,2026-05-31,4,1403214,0.13
Apr 2026,YEM,35312824,current,2026-03-01,2026-05-31,5,0,0
Apr 2026,YEM,35312824,first projection,2026-06-01,2026-09-30,all,10479422,1.0
Apr 2026,YEM,35312824,first projection,2026-06-01,2026-09-30,3+,5361223,0.51
Apr 2026,YEM,35312824,first projection,2026-06-01,2026-09-30,1,2215301,0.21
Apr 2026,YEM,35312824,first projection,2026-06-01,2026-09-30,2,2902915,0.28
Apr 2026,YEM,35312824,first projection,2026-06-01,2026-09-30,3,3723883,0.35
Apr 2026,YEM,35312824,first projection,2026-06-01,2026-09-30,4,1637340,0.16
Apr 2026,YEM,35312824,first projection,2026-06-01,2026-09-30,5,0,0
Apr 2026,YEM,35312824,second projection,2026-10-01,2026-12-31,all,10479422,1.0
Apr 2026,YEM,35312824,second projection,2026-10-01,2026-12-31,3+,5372564,0.51
Apr 2026,YEM,35312824,second projection,2026-10-01,2026-12-31,1,2251235,0.22
Apr 2026,YEM,35312824,second projection,2026-10-01,2026-12-31,2,2855641,0.27
Apr 2026,YEM,35312824,second projection,2026-10-01,2026-12-31,3,3586563,0.34
Apr 2026,YEM,35312824,second projection,2026-10-01,2026-12-31,4,1786001,0.17
Apr 2026,YEM,35312824,second projection,2026-10-01,2026-12-31,5,0,0
Jun 2025,YEM,34879018,current,2025-05-01,2025-08-31,all,34879018,1.0
Jun 2025,YEM,34879018,current,2025-05-01,2025-08-31,3+,17145484,0.49
Jun 2025,YEM,34879018,current,2025-05-01,2025-08-31,1,7270040,0.21
Jun 2025,YEM,34879018,current,2025-05-01,2025-08-31,2,10463557,0.3
Jun 2025,YEM,34879018,current,2025-05-01,2025-08-31,3,11925426,0.34
Jun 2025,YEM,34879018,current,2025-05-01,2025-08-31,4,5220058,0.15
Jun 2025,YEM,34879018,current,2025-05-01,2025-08-31,5,0,0
Jun 2025,YEM,34879018,first projection,2025-09-01,2026-02-28,all,34879018,1.0
Jun 2025,YEM,34879018,first projection,2025-09-01,2026-02-28,3+,18126563,0.52
Jun 2025,YEM,34879018,first projection,2025-09-01,2026-02-28,1,7129908,0.2
Jun 2025,YEM,34879018,first projection,2025-09-01,2026-02-28,2,9622609,0.28
Jun 2025,YEM,34879018,first projection,2025-09-01,2026-02-28,3,12573776,0.36
Jun 2025,YEM,34879018,first projection,2025-09-01,2026-02-28,4,5511620,0.16
Jun 2025,YEM,34879018,first projection,2025-09-01,2026-02-28,5,41167,0
Aug 2024,YEM,33733413,current,2024-07-01,2024-09-30,all,10156423,1.0
Aug 2024,YEM,33733413,current,2024-07-01,2024-09-30,3+,4647925,0.46
Aug 2024,YEM,33733413,current,2024-07-01,2024-09-30,1,2568361,0.25
Aug 2024,YEM,33733413,current,2024-07-01,2024-09-30,2,2940138,0.29
Aug 2024,YEM,33733413,current,2024-07-01,2024-09-30,3,3411347,0.34
Aug 2024,YEM,33733413,current,2024-07-01,2024-09-30,4,1236578,0.12
Aug 2024,YEM,33733413,current,2024-07-01,2024-09-30,5,0,0
Aug 2024,YEM,33733413,first projection,2024-10-01,2025-03-31,all,10287916,1.0
Aug 2024,YEM,33733413,first projection,2024-10-01,2025-03-31,3+,4634928,0.45
Aug 2024,YEM,33733413,first projection,2024-10-01,2025-03-31,1,2537760,0.25
Aug 2024,YEM,33733413,first projection,2024-10-01,2025-03-31,2,3115228,0.3
Aug 2024,YEM,33733413,first projection,2024-10-01,2025-03-31,3,3502236,0.34
Aug 2024,YEM,33733413,first projection,2024-10-01,2025-03-31,4,1132691,0.11
Aug 2024,YEM,33733413,first projection,2024-10-01,2025-03-31,5,0,0
Oct 2023,YEM,33733413,first projection,2023-10-01,2024-02-29,all,10113601,1.0
Oct 2023,YEM,33733413,first projection,2023-10-01,2024-02-29,3+,4558412,0.45
Oct 2023,YEM,33733413,first projection,2023-10-01,2024-02-29,1,2697012,0.27
Oct 2023,YEM,33733413,first projection,2023-10-01,2024-02-29,2,2858177,0.28
Oct 2023,YEM,33733413,first projection,2023-10-01,2024-02-29,3,3280387,0.32
Oct 2023,YEM,33733413,first projection,2023-10-01,2024-02-29,4,1278025,0.13
Oct 2023,YEM,33733413,first projection,2023-10-01,2024-02-29,5,0,0
Mar 2023,YEM,32627231,current,2023-01-01,2023-05-31,all,9441725,1.0
Mar 2023,YEM,32627231,current,2023-01-01,2023-05-31,3+,3234000,0.34
Mar 2023,YEM,32627231,current,2023-01-01,2023-05-31,1,2734500,0.29
Mar 2023,YEM,32627231,current,2023-01-01,2023-05-31,2,3474000,0.37
Mar 2023,YEM,32627231,current,2023-01-01,2023-05-31,3,2454000,0.26
Mar 2023,YEM,32627231,current,2023-01-01,2023-05-31,4,780000,0.08
Mar 2023,YEM,32627231,current,2023-01-01,2023-05-31,5,0,0
Mar 2023,YEM,32627231,first projection,2023-06-01,2023-12-31,all,9441725,1.0
Mar 2023,YEM,32627231,first projection,2023-06-01,2023-12-31,3+,3871500,0.41
Mar 2023,YEM,32627231,first projection,2023-06-01,2023-12-31,1,2592000,0.27
Mar 2023,YEM,32627231,first projection,2023-06-01,2023-12-31,2,2976500,0.32
Mar 2023,YEM,32627231,first projection,2023-06-01,2023-12-31,3,2760500,0.29
Mar 2023,YEM,32627231,first projection,2023-06-01,2023-12-31,4,1111000,0.12
Mar 2023,YEM,32627231,first projection,2023-06-01,2023-12-31,5,0,0
Aug 2022,YEM,31900000,first projection,2022-10-01,2022-12-31,all,31888698,1.0
Aug 2022,YEM,31900000,first projection,2022-10-01,2022-12-31,3+,16911500,0.53
Aug 2022,YEM,31900000,first projection,2022-10-01,2022-12-31,1,6091500,0.19
Aug 2022,YEM,31900000,first projection,2022-10-01,2022-12-31,2,9033000,0.28
Aug 2022,YEM,31900000,first projection,2022-10-01,2022-12-31,3,10832000,0.34
Aug 2022,YEM,31900000,first projection,2022-10-01,2022-12-31,4,6079500,0.19
Aug 2022,YEM,31900000,first projection,2022-10-01,2022-12-31,5,0,0
Feb 2022,YEM,31900000,current,2022-01-01,2022-05-31,all,31900000,1.0
Feb 2022,YEM,31900000,current,2022-01-01,2022-05-31,3+,17365500,0.55
Feb 2022,YEM,31900000,current,2022-01-01,2022-05-31,1,5784500,0.18
Feb 2022,YEM,31900000,current,2022-01-01,2022-05-31,2,8557000,0.27
Feb 2022,YEM,31900000,current,2022-01-01,2022-05-31,3,11715000,0.37
Feb 2022,YEM,31900000,current,2022-01-01,2022-05-31,4,5619500,0.18
Feb 2022,YEM,31900000,current,2022-01-01,2022-05-31,5,31000,0
Feb 2022,YEM,31900000,first projection,2022-06-01,2022-12-31,all,31900000,1.0
Feb 2022,YEM,31900000,first projection,2022-06-01,2022-12-31,3+,19013500,0.6
Feb 2022,YEM,31900000,first projection,2022-06-01,2022-12-31,1,5470000,0.17
Feb 2022,YEM,31900000,first projection,2022-06-01,2022-12-31,2,7218500,0.23
Feb 2022,YEM,31900000,first projection,2022-06-01,2022-12-31,3,11712000,0.37
Feb 2022,YEM,31900000,first projection,2022-06-01,2022-12-31,4,7140500,0.23
Feb 2022,YEM,31900000,first projection,2022-06-01,2022-12-31,5,161000,0
Jun 2026,ZMB,22521915,current,2026-04-01,2026-09-30,all,19065868,1.0
Jun 2026,ZMB,22521915,current,2026-04-01,2026-09-30,3+,697809,0.04
Jun 2026,ZMB,22521915,current,2026-04-01,2026-09-30,1,11172839,0.59
Jun 2026,ZMB,22521915,current,2026-04-01,2026-09-30,2,7195229,0.38
Jun 2026,ZMB,22521915,current,2026-04-01,2026-09-30,3,697809,0.04
Jun 2026,ZMB,22521915,current,2026-04-01,2026-09-30,4,0,0
Jun 2026,ZMB,22521915,current,2026-04-01,2026-09-30,5,0,0
Jun 2026,ZMB,22521915,first projection,2026-10-01,2027-03-31,all,19065868,1.0
Jun 2026,ZMB,22521915,first projection,2026-10-01,2027-03-31,3+,1253124,0.07
Jun 2026,ZMB,22521915,first projection,2026-10-01,2027-03-31,1,10380931,0.54
Jun 2026,ZMB,22521915,first projection,2026-10-01,2027-03-31,2,7431826,0.39
Jun 2026,ZMB,22521915,first projection,2026-10-01,2027-03-31,3,1253124,0.07
Jun 2026,ZMB,22521915,first projection,2026-10-01,2027-03-31,4,0,0
Jun 2026,ZMB,22521915,first projection,2026-10-01,2027-03-31,5,0,0
Aug 2025,ZMB,0,current,2025-04-01,2025-09-30,all,10073915,1.0
Aug 2025,ZMB,0,current,2025-04-01,2025-09-30,3+,1203693,0.12
Aug 2025,ZMB,0,current,2025-04-01,2025-09-30,1,3675165,0.37
Aug 2025,ZMB,0,current,2025-04-01,2025-09-30,2,5195065,0.52
Aug 2025,ZMB,0,current,2025-04-01,2025-09-30,3,1203693,0.12
Aug 2025,ZMB,0,current,2025-04-01,2025-09-30,4,0,0
Aug 2025,ZMB,0,current,2025-04-01,2025-09-30,5,0,0
Aug 2025,ZMB,0,first projection,2025-10-01,2026-03-31,all,10073915,1.0
Aug 2025,ZMB,0,first projection,2025-10-01,2026-03-31,3+,1701303,0.17
Aug 2025,ZMB,0,first projection,2025-10-01,2026-03-31,1,3456716,0.34
Aug 2025,ZMB,0,first projection,2025-10-01,2026-03-31,2,4915910,0.49
Aug 2025,ZMB,0,first projection,2025-10-01,2026-03-31,3,1691396,0.17
Aug 2025,ZMB,0,first projection,2025-10-01,2026-03-31,4,9907,0
Aug 2025,ZMB,0,first projection,2025-10-01,2026-03-31,5,0,0
Jul 2024,ZMB,19610769,current,2024-07-01,2024-09-30,all,17329398,1.0
Jul 2024,ZMB,19610769,current,2024-07-01,2024-09-30,3+,4951455,0.29
Jul 2024,ZMB,19610769,current,2024-07-01,2024-09-30,1,5150915,0.3
Jul 2024,ZMB,19610769,current,2024-07-01,2024-09-30,2,7227028,0.42
Jul 2024,ZMB,19610769,current,2024-07-01,2024-09-30,3,4867405,0.28
Jul 2024,ZMB,19610769,current,2024-07-01,2024-09-30,4,84050,0
Jul 2024,ZMB,19610769,current,2024-07-01,2024-09-30,5,0,0
Jul 2024,ZMB,19610769,first projection,2024-10-01,2025-03-31,all,17766278,1.0
Jul 2024,ZMB,19610769,first projection,2024-10-01,2025-03-31,3+,5832342,0.33
Jul 2024,ZMB,19610769,first projection,2024-10-01,2025-03-31,1,4411790,0.25
Jul 2024,ZMB,19610769,first projection,2024-10-01,2025-03-31,2,7522146,0.42
Jul 2024,ZMB,19610769,first projection,2024-10-01,2025-03-31,3,5596655,0.32
Jul 2024,ZMB,19610769,first projection,2024-10-01,2025-03-31,4,235687,0.01
Jul 2024,ZMB,19610769,first projection,2024-10-01,2025-03-31,5,0,0
Sep 2023,ZMB,19610769,current,2023-08-01,2023-09-30,all,9134417,1.0
Sep 2023,ZMB,19610769,current,2023-08-01,2023-09-30,3+,1589926,0.17
Sep 2023,ZMB,19610769,current,2023-08-01,2023-09-30,1,3771537,0.42
Sep 2023,ZMB,19610769,current,2023-08-01,2023-09-30,2,3772954,0.41
Sep 2023,ZMB,19610769,current,2023-08-01,2023-09-30,3,1574760,0.17
Sep 2023,ZMB,19610769,current,2023-08-01,2023-09-30,4,15167,0
Sep 2023,ZMB,19610769,current,2023-08-01,2023-09-30,5,0,0
Sep 2023,ZMB,19610769,first projection,2023-10-01,2024-03-31,all,9134417,1.0
Sep 2023,ZMB,19610769,first projection,2023-10-01,2024-03-31,3+,2037710,0.23
Sep 2023,ZMB,19610769,first projection,2023-10-01,2024-03-31,1,3271265,0.35
Sep 2023,ZMB,19610769,first projection,2023-10-01,2024-03-31,2,3825442,0.42
Sep 2023,ZMB,19610769,first projection,2023-10-01,2024-03-31,3,1979271,0.22
Sep 2023,ZMB,19610769,first projection,2023-10-01,2024-03-31,4,58440,0.01
Sep 2023,ZMB,19610769,first projection,2023-10-01,2024-03-31,5,0,0
Jun 2022,ZMB,18926743,current,2022-06-01,2022-09-30,all,13490313,1.0
Jun 2022,ZMB,18926743,current,2022-06-01,2022-09-30,3+,1351647,0.1
Jun 2022,ZMB,18926743,current,2022-06-01,2022-09-30,1,6006624,0.45
Jun 2022,ZMB,18926743,current,2022-06-01,2022-09-30,2,6132042,0.45
Jun 2022,ZMB,18926743,current,2022-06-01,2022-09-30,3,1351647,0.1
Jun 2022,ZMB,18926743,current,2022-06-01,2022-09-30,4,0,0
Jun 2022,ZMB,18926743,current,2022-06-01,2022-09-30,5,0,0
Jun 2022,ZMB,18926743,first projection,2022-10-01,2023-03-31,all,13490313,1.0
Jun 2022,ZMB,18926743,first projection,2022-10-01,2023-03-31,3+,1952123,0.14
Jun 2022,ZMB,18926743,first projection,2022-10-01,2023-03-31,1,4937182,0.37
Jun 2022,ZMB,18926743,first projection,2022-10-01,2023-03-31,2,6601009,0.49
Jun 2022,ZMB,18926743,first projection,2022-10-01,2023-03-31,3,1952123,0.14
Jun 2022,ZMB,18926743,first projection,2022-10-01,2023-03-31,4,0,0
Jun 2022,ZMB,18926743,first projection,2022-10-01,2023-03-31,5,0,0
Jun 2021,ZMB,18400556,current,2021-07-01,2021-09-30,all,11864098,1.0
Jun 2021,ZMB,18400556,current,2021-07-01,2021-09-30,3+,1175104,0.1
Jun 2021,ZMB,18400556,current,2021-07-01,2021-09-30,1,6250000,0.53
Jun 2021,ZMB,18400556,current,2021-07-01,2021-09-30,2,4438994,0.37
Jun 2021,ZMB,18400556,current,2021-07-01,2021-09-30,3,1175104,0.1
Jun 2021,ZMB,18400556,current,2021-07-01,2021-09-30,4,0,0
Jun 2021,ZMB,18400556,current,2021-07-01,2021-09-30,5,0,0
Jun 2021,ZMB,18400556,first projection,2021-10-01,2022-03-31,all,12181244,1.0
Jun 2021,ZMB,18400556,first projection,2021-10-01,2022-03-31,3+,1575154,0.13
Jun 2021,ZMB,18400556,first projection,2021-10-01,2022-03-31,1,5421278,0.45
Jun 2021,ZMB,18400556,first projection,2021-10-01,2022-03-31,2,5184811,0.43
Jun 2021,ZMB,18400556,first projection,2021-10-01,2022-03-31,3,1575154,0.13
Jun 2021,ZMB,18400556,first projection,2021-10-01,2022-03-31,4,0,0
Jun 2021,ZMB,18400556,first projection,2021-10-01,2022-03-31,5,0,0
Feb 2021,ZMB,18000000,first projection,2021-02-01,2021-03-31,all,6889816,1.0
Feb 2021,ZMB,18000000,first projection,2021-02-01,2021-03-31,3+,1724243,0.25
Feb 2021,ZMB,18000000,first projection,2021-02-01,2021-03-31,1,2621815,0.38
Feb 2021,ZMB,18000000,first projection,2021-02-01,2021-03-31,2,2513759,0.36
Feb 2021,ZMB,18000000,first projection,2021-02-01,2021-03-31,3,1485331,0.22
Feb 2021,ZMB,18000000,first projection,2021-02-01,2021-03-31,4,238912,0.03
Feb 2021,ZMB,18000000,first projection,2021-02-01,2021-03-31,5,0,0
